employee_id,year,tenure_years,EES_overall,JSS_overall,LIS_overall,num_surveys_year,department,role,EES_overall_norm,JSS_overall_norm,LIS_overall_norm,EES_prev,delta_EES,JSS_prev,delta_JSS,LIS_prev,delta_LIS,attrition_next_year
695c39e7ce90b13220851e53,2021,0,4.43270969639869,2.7638084815254667,3.0491834839213343,3,Human Resources,Senior Manager,0.886541939279738,0.5527616963050933,0.6098366967842669,,,,,,,0
695c39e7ce90b13220851e54,2021,0,2.731942249449137,2.880181852769704,2.306920915244336,3,Administration,Manager,0.5463884498898274,0.5760363705539409,0.46138418304886725,,,,,,,0
695c39e7ce90b13220851e54,2022,1,3.8846026609826807,4.862331015702549,3.9398224586359154,3,Administration,Manager,0.7769205321965361,0.9724662031405098,0.7879644917271831,2.731942249449137,1.1526604115335437,2.880181852769704,1.9821491629328447,2.306920915244336,1.6329015433915792,0
695c39e7ce90b13220851e54,2023,2,3.2743589971719906,3.3483672287200537,3.6180125646560577,3,Administration,Manager,0.6548717994343981,0.6696734457440108,0.7236025129312116,3.8846026609826807,-0.6102436638106901,4.862331015702549,-1.5139637869824951,3.9398224586359154,-0.3218098939798577,0
695c39e7ce90b13220851e54,2024,3,3.107622132169745,3.521196608789409,2.6358309175101886,3,Administration,Manager,0.621524426433949,0.7042393217578817,0.5271661835020377,3.2743589971719906,-0.1667368650022456,3.3483672287200537,0.17282938006935522,3.6180125646560577,-0.9821816471458691,0
695c39e7ce90b13220851e54,2025,4,3.122403347289007,2.023718885622012,1.581062843654524,3,Administration,Manager,0.6244806694578015,0.40474377712440235,0.3162125687309048,3.107622132169745,0.014781215119262114,3.521196608789409,-1.497477723167397,2.6358309175101886,-1.0547680738556646,0
695c39e7ce90b13220851e55,2021,0,2.503498476646511,3.709758420748364,3.803842633032313,3,Human Resources,Assistant Manager,0.5006996953293023,0.7419516841496728,0.7607685266064627,,,,,,,0
695c39e7ce90b13220851e55,2022,1,2.523759222944753,2.842313951157829,3.461479858736511,3,Human Resources,Assistant Manager,0.5047518445889506,0.5684627902315658,0.6922959717473022,2.503498476646511,0.020260746298241816,3.709758420748364,-0.8674444695905352,3.803842633032313,-0.3423627742958022,0
695c39e7ce90b13220851e55,2023,2,2.7083266137423623,3.5561293395941718,3.2086111866689855,3,Human Resources,Assistant Manager,0.5416653227484725,0.7112258679188344,0.6417222373337971,2.523759222944753,0.1845673907976093,2.842313951157829,0.713815388436343,3.461479858736511,-0.2528686720675255,0
695c39e7ce90b13220851e55,2024,3,2.565581347069755,1.9378855931605004,1.2685620885179385,3,Human Resources,Assistant Manager,0.513116269413951,0.3875771186321001,0.2537124177035877,2.7083266137423623,-0.14274526667260723,3.5561293395941718,-1.6182437464336714,3.2086111866689855,-1.940049098151047,1
695c39e7ce90b13220851e55,2025,4,3.356399858057759,3.57434034657959,3.335548546514519,3,Human Resources,Assistant Manager,0.6712799716115518,0.7148680693159181,0.6671097093029038,2.565581347069755,0.7908185109880042,1.9378855931605004,1.6364547534190899,1.2685620885179385,2.0669864579965807,0
695c39e7ce90b13220851e56,2021,0,2.8581313365274266,3.5632396919618587,3.0606822629557167,3,Administration,General Manager,0.5716262673054853,0.7126479383923717,0.6121364525911434,,,,,,,0
695c39e7ce90b13220851e56,2022,1,3.0877416011773917,2.660434863682629,3.738865002216516,3,Administration,General Manager,0.6175483202354783,0.5320869727365258,0.7477730004433032,2.8581313365274266,0.22961026464996515,3.5632396919618587,-0.9028048282792298,3.0606822629557167,0.6781827392607993,0
695c39e7ce90b13220851e56,2023,2,3.9219284250435713,4.398792425136692,4.283406259324676,3,Administration,General Manager,0.7843856850087143,0.8797584850273384,0.8566812518649352,3.0877416011773917,0.8341868238661796,2.660434863682629,1.7383575614540634,3.738865002216516,0.5445412571081598,0
695c39e7ce90b13220851e56,2024,3,2.7575628665280703,2.526297713658704,3.1845980892131527,3,Administration,General Manager,0.5515125733056141,0.5052595427317408,0.6369196178426305,3.9219284250435713,-1.164365558515501,4.398792425136692,-1.8724947114779882,4.283406259324676,-1.098808170111523,0
695c39e7ce90b13220851e56,2025,4,3.4088954094845842,3.130227318806948,4.247178253681283,3,Administration,General Manager,0.6817790818969168,0.6260454637613896,0.8494356507362566,2.7575628665280703,0.651332542956514,2.526297713658704,0.6039296051482439,3.1845980892131527,1.0625801644681303,0
695c39e7ce90b13220851e57,2021,0,4.942817893419765,3.5797351764730285,3.6254791848566663,3,Administration,Senior Manager,0.988563578683953,0.7159470352946057,0.7250958369713333,,,,,,,0
695c39e7ce90b13220851e57,2022,1,1.0,1.4260907420473772,1.458186731661506,3,Administration,Senior Manager,0.2,0.28521814840947546,0.2916373463323012,4.942817893419765,-3.9428178934197646,3.5797351764730285,-2.1536444344256513,3.6254791848566663,-2.1672924531951603,1
695c39e7ce90b13220851e57,2023,2,4.967387179663013,5.0,4.417142281926714,3,Administration,Senior Manager,0.9934774359326026,1.0,0.8834284563853428,1.0,3.967387179663013,1.4260907420473772,3.573909257952623,1.458186731661506,2.958955550265208,0
695c39e7ce90b13220851e58,2021,0,4.472793412623399,4.0912635851665975,3.729337531910609,3,Information Technology,Senior Software Engineer,0.8945586825246797,0.8182527170333195,0.7458675063821218,,,,,,,0
695c39e7ce90b13220851e58,2022,1,3.236369976632957,4.329963273102349,4.279607432405969,3,Information Technology,Senior Software Engineer,0.6472739953265914,0.8659926546204698,0.8559214864811938,4.472793412623399,-1.2364234359904418,4.0912635851665975,0.23869968793575147,3.729337531910609,0.5502699004953602,0
695c39e7ce90b13220851e58,2023,2,2.738928408680689,3.8580115675314555,3.4291369361853103,3,Information Technology,Senior Software Engineer,0.5477856817361377,0.771602313506291,0.685827387237062,3.236369976632957,-0.4974415679522681,4.329963273102349,-0.4719517055708935,4.279607432405969,-0.8504704962206588,1
695c39e7ce90b13220851e58,2024,3,3.37971277001449,3.5665697057360624,3.497166153359383,3,Information Technology,Senior Software Engineer,0.675942554002898,0.7133139411472125,0.6994332306718766,2.738928408680689,0.6407843613338011,3.8580115675314555,-0.2914418617953931,3.4291369361853103,0.06802921717407262,0
695c39e7ce90b13220851e59,2021,0,3.1870197995818885,2.8934055574922444,2.9104372346006864,3,Human Resources,Team Lead,0.6374039599163777,0.5786811114984489,0.5820874469201373,,,,,,,0
695c39e7ce90b13220851e59,2022,1,3.882003960442603,3.9338163905049655,4.2739971991702985,3,Human Resources,Team Lead,0.7764007920885205,0.7867632781009931,0.8547994398340597,3.1870197995818885,0.6949841608607144,2.8934055574922444,1.040410833012721,2.9104372346006864,1.3635599645696121,0
695c39e7ce90b13220851e59,2023,2,3.6902796184273594,3.5520664800311903,3.682293824560231,3,Human Resources,Team Lead,0.7380559236854719,0.710413296006238,0.7364587649120462,3.882003960442603,-0.19172434201524347,3.9338163905049655,-0.38174991047377516,4.2739971991702985,-0.5917033746100677,0
695c39e7ce90b13220851e59,2024,3,3.27616643545428,4.477032251076418,3.9961966688793558,3,Human Resources,Team Lead,0.655233287090856,0.8954064502152835,0.7992393337758712,3.6902796184273594,-0.4141131829730793,3.5520664800311903,0.9249657710452275,3.682293824560231,0.31390284431912496,1
695c39e7ce90b13220851e59,2025,4,2.6895333188190955,2.1456303803031647,3.001299573512365,3,Human Resources,Team Lead,0.5379066637638191,0.4291260760606329,0.600259914702473,3.27616643545428,-0.5866331166351846,4.477032251076418,-2.331401870773253,3.9961966688793558,-0.9948970953669907,0
695c39e7ce90b13220851e5a,2021,0,2.936332984480315,1.9514800963003762,1.7124267133451077,3,Administration,Senior Executive,0.5872665968960631,0.39029601926007523,0.34248534266902153,,,,,,,1
695c39e7ce90b13220851e5a,2022,1,2.0892268417567132,2.4295180186485306,2.946202544469,3,Administration,Senior Executive,0.41784536835134267,0.4859036037297061,0.5892405088938,2.936332984480315,-0.847106142723602,1.9514800963003762,0.47803792234815434,1.7124267133451077,1.2337758311238924,0
695c39e7ce90b13220851e5b,2021,0,2.604077081741642,3.4242996533342986,3.3345513921056673,3,Administration,Associate,0.5208154163483284,0.6848599306668597,0.6669102784211335,,,,,,,0
695c39e7ce90b13220851e5b,2022,1,2.850395547799904,2.421242563164763,4.068530019014654,3,Administration,Associate,0.5700791095599808,0.48424851263295265,0.8137060038029308,2.604077081741642,0.2463184660582618,3.4242996533342986,-1.0030570901695355,3.3345513921056673,0.7339786269089865,0
695c39e7ce90b13220851e5b,2023,2,3.8657890075013377,3.4747276491761823,4.098079146989412,3,Administration,Associate,0.7731578015002676,0.6949455298352365,0.8196158293978824,2.850395547799904,1.0153934597014338,2.421242563164763,1.053485086011419,4.068530019014654,0.02954912797475817,0
695c39e7ce90b13220851e5b,2024,3,2.9063048522973185,2.8833206742125177,2.492428455500789,3,Administration,Associate,0.5812609704594637,0.5766641348425036,0.4984856911001578,3.8657890075013377,-0.9594841552040192,3.4747276491761823,-0.5914069749636646,4.098079146989412,-1.605650691488623,0
695c39e7ce90b13220851e5b,2025,4,3.709729904034332,3.534758404511118,2.298766501188661,3,Administration,Associate,0.7419459808068665,0.7069516809022236,0.4597533002377322,2.9063048522973185,0.8034250517370136,2.8833206742125177,0.6514377302986003,2.492428455500789,-0.19366195431212807,0
695c39e7ce90b13220851e5c,2021,0,4.166448507203721,3.249418968264733,3.0211647947977154,3,Administration,General Manager,0.8332897014407441,0.6498837936529467,0.6042329589595431,,,,,,,0
695c39e7ce90b13220851e5c,2022,1,2.2103531810672923,2.031167007755667,2.7353429991538976,3,Administration,General Manager,0.44207063621345843,0.4062334015511334,0.5470685998307795,4.166448507203721,-1.9560953261364284,3.249418968264733,-1.218251960509066,3.0211647947977154,-0.2858217956438178,0
695c39e7ce90b13220851e5c,2023,2,2.984334070986749,5.0,2.8941348672949485,3,Administration,General Manager,0.5968668141973498,1.0,0.5788269734589897,2.2103531810672923,0.7739808899194567,2.031167007755667,2.968832992244333,2.7353429991538976,0.15879186814105095,0
695c39e7ce90b13220851e5c,2024,3,2.946966675164374,3.8987580956698924,2.5445037216146336,3,Administration,General Manager,0.5893933350328748,0.7797516191339785,0.5089007443229268,2.984334070986749,-0.03736739582237503,5.0,-1.1012419043301076,2.8941348672949485,-0.34963114568031495,0
695c39e7ce90b13220851e5c,2025,4,1.366776299217755,2.8476918967392644,1.3558957049499474,3,Administration,General Manager,0.273355259843551,0.5695383793478529,0.27117914098998946,2.946966675164374,-1.580190375946619,3.8987580956698924,-1.051066198930628,2.5445037216146336,-1.1886080166646862,0
695c39e7ce90b13220851e5d,2021,0,3.4983196165698915,3.973530820956549,4.643726921845612,3,Administration,Team Lead,0.6996639233139783,0.7947061641913098,0.9287453843691225,,,,,,,0
695c39e7ce90b13220851e5d,2022,1,3.5647674536321676,3.417739900265447,3.8488389766863893,3,Administration,Team Lead,0.7129534907264335,0.6835479800530895,0.7697677953372779,3.4983196165698915,0.06644783706227608,3.973530820956549,-0.555790920691102,4.643726921845612,-0.794887945159223,0
695c39e7ce90b13220851e5d,2023,2,4.035635385534945,2.494597530549059,2.8583700277932484,3,Administration,Team Lead,0.807127077106989,0.49891950610981184,0.5716740055586497,3.5647674536321676,0.47086793190277776,3.417739900265447,-0.9231423697163881,3.8488389766863893,-0.9904689488931409,0
695c39e7ce90b13220851e5d,2024,3,4.168882589156182,4.8550128107261505,4.13803939735571,3,Administration,Team Lead,0.8337765178312363,0.9710025621452301,0.827607879471142,4.035635385534945,0.1332472036212362,2.494597530549059,2.3604152801770915,2.8583700277932484,1.2796693695624617,0
695c39e7ce90b13220851e5d,2025,4,4.512898953085321,4.828293297508242,4.392745035613894,3,Administration,Team Lead,0.9025797906170642,0.9656586595016485,0.8785490071227787,4.168882589156182,0.34401636392913915,4.8550128107261505,-0.02671951321790811,4.13803939735571,0.2547056382581836,0
695c39e7ce90b13220851e5e,2021,0,2.7108637412794416,4.269577342198266,4.032732530094881,3,Administration,Senior Executive,0.5421727482558883,0.8539154684396533,0.8065465060189763,,,,,,,0
695c39e7ce90b13220851e5e,2022,1,3.2357824978156673,2.024495891018234,2.190883330680297,3,Administration,Senior Executive,0.6471564995631335,0.40489917820364674,0.4381766661360594,2.7108637412794416,0.5249187565362257,4.269577342198266,-2.2450814511800323,4.032732530094881,-1.8418491994145842,0
695c39e7ce90b13220851e5e,2023,2,4.435380815754238,2.2649230662963675,3.6346937322476824,3,Administration,Senior Executive,0.8870761631508476,0.4529846132592735,0.7269387464495365,3.2357824978156673,1.1995983179385705,2.024495891018234,0.24042717527813373,2.190883330680297,1.4438104015673856,0
695c39e7ce90b13220851e5e,2024,3,3.4291470656049787,1.7524317631257376,1.8903554567627767,3,Administration,Senior Executive,0.6858294131209958,0.3504863526251475,0.37807109135255534,4.435380815754238,-1.006233750149259,2.2649230662963675,-0.51249130317063,3.6346937322476824,-1.7443382754849057,0
695c39e7ce90b13220851e5e,2025,4,3.532334971011954,3.034820201250551,3.010426843404831,3,Administration,Senior Executive,0.7064669942023908,0.6069640402501102,0.6020853686809662,3.4291470656049787,0.10318790540697531,1.7524317631257376,1.2823884381248136,1.8903554567627767,1.1200713866420544,0
695c39e7ce90b13220851e5f,2021,0,3.1517750292746505,3.3602970238662326,3.304149668146769,3,Human Resources,Associate,0.6303550058549301,0.6720594047732465,0.6608299336293537,,,,,,,0
695c39e7ce90b13220851e5f,2022,1,3.234452929015965,2.7281103733072127,2.5381459677868325,3,Human Resources,Associate,0.646890585803193,0.5456220746614425,0.5076291935573665,3.1517750292746505,0.08267789974131468,3.3602970238662326,-0.6321866505590199,3.304149668146769,-0.7660037003599363,0
695c39e7ce90b13220851e5f,2023,2,3.1029363394886516,3.765441638546645,3.5806858381526876,3,Human Resources,Associate,0.6205872678977303,0.753088327709329,0.7161371676305375,3.234452929015965,-0.1315165895273136,2.7281103733072127,1.0373312652394322,2.5381459677868325,1.042539870365855,0
695c39e7ce90b13220851e5f,2024,3,2.6684183885198816,2.8172332221196097,2.989589215755136,3,Human Resources,Associate,0.5336836777039763,0.5634466444239219,0.5979178431510273,3.1029363394886516,-0.43451795096877,3.765441638546645,-0.9482084164270352,3.5806858381526876,-0.5910966223975516,0
695c39e7ce90b13220851e5f,2025,4,2.3811039890298336,4.162502648832833,2.7154719025109575,3,Human Resources,Associate,0.4762207978059667,0.8325005297665665,0.5430943805021915,2.6684183885198816,-0.287314399490048,2.8172332221196097,1.345269426713223,2.989589215755136,-0.27411731324417854,0
695c39e7ce90b13220851e60,2021,0,2.9742114374781385,3.219309316862622,3.146724839878795,3,Administration,Assistant Manager,0.5948422874956277,0.6438618633725244,0.629344967975759,,,,,,,0
695c39e7ce90b13220851e60,2022,1,2.855752447019444,2.888289037689712,4.573832388579719,3,Administration,Assistant Manager,0.5711504894038888,0.5776578075379424,0.9147664777159438,2.9742114374781385,-0.11845899045869457,3.219309316862622,-0.33102027917290977,3.146724839878795,1.4271075487009242,0
695c39e7ce90b13220851e60,2023,2,1.6142498695680607,1.0,1.6677780069579937,3,Administration,Assistant Manager,0.32284997391361214,0.2,0.33355560139159873,2.855752447019444,-1.2415025774513833,2.888289037689712,-1.8882890376897121,4.573832388579719,-2.9060543816217255,1
695c39e7ce90b13220851e60,2024,3,1.9399210566424612,2.719950679490888,2.1559330877730476,3,Administration,Assistant Manager,0.38798421132849226,0.5439901358981776,0.4311866175546095,1.6142498695680607,0.32567118707440046,1.0,1.7199506794908879,1.6677780069579937,0.4881550808150539,0
695c39e7ce90b13220851e61,2021,0,2.7091941983084307,3.5506320951186687,2.4402085368256987,3,Information Technology,Senior UI/UX Designer,0.5418388396616861,0.7101264190237337,0.48804170736513974,,,,,,,0
695c39e7ce90b13220851e61,2022,1,3.589051102804345,2.8986754783609907,3.7811165331863656,3,Information Technology,Senior UI/UX Designer,0.717810220560869,0.5797350956721982,0.7562233066372731,2.7091941983084307,0.8798569044959144,3.5506320951186687,-0.651956616757678,2.4402085368256987,1.340907996360667,0
695c39e7ce90b13220851e61,2023,2,3.017149055348212,3.2575094233273716,3.2869382160508427,3,Information Technology,Senior UI/UX Designer,0.6034298110696424,0.6515018846654743,0.6573876432101685,3.589051102804345,-0.5719020474561329,2.8986754783609907,0.3588339449663809,3.7811165331863656,-0.49417831713552296,0
695c39e7ce90b13220851e61,2024,3,2.6737315295723993,3.010196306065804,3.0488592192940573,3,Information Technology,Senior UI/UX Designer,0.5347463059144799,0.6020392612131608,0.6097718438588114,3.017149055348212,-0.34341752577581275,3.2575094233273716,-0.24731311726156768,3.2869382160508427,-0.23807899675678534,1
695c39e7ce90b13220851e61,2025,4,2.5629746078756037,2.566246280139144,3.073588996620426,3,Information Technology,Senior UI/UX Designer,0.5125949215751208,0.5132492560278288,0.6147177993240852,2.6737315295723993,-0.11075692169679563,3.010196306065804,-0.44395002592666,3.0488592192940573,0.02472977732636883,0
695c39e7ce90b13220851e62,2021,0,3.7870674877289843,4.221097507531047,4.356054390978226,3,Information Technology,Associate Software Engineer,0.7574134975457969,0.8442195015062094,0.8712108781956452,,,,,,,0
695c39e7ce90b13220851e62,2022,1,3.8883808183527826,3.9575087701169975,4.4886106615480195,3,Information Technology,Associate Software Engineer,0.7776761636705565,0.7915017540233995,0.8977221323096038,3.7870674877289843,0.10131333062379833,4.221097507531047,-0.2635887374140493,4.356054390978226,0.13255627056979336,0
695c39e7ce90b13220851e62,2023,2,4.083016943612558,4.758724799802627,2.497487485047892,3,Information Technology,Associate Software Engineer,0.8166033887225115,0.9517449599605253,0.4994974970095784,3.8883808183527826,0.19463612525977503,3.9575087701169975,0.8012160296856292,4.4886106615480195,-1.9911231765001274,0
695c39e7ce90b13220851e62,2024,3,3.655163129845495,4.356030109734303,4.425826661662476,3,Information Technology,Associate Software Engineer,0.731032625969099,0.8712060219468606,0.8851653323324952,4.083016943612558,-0.42785381376706244,4.758724799802627,-0.4026946900683237,2.497487485047892,1.9283391766145836,1
695c39e7ce90b13220851e62,2025,4,2.8227392665709057,3.04625388885175,2.166898673343411,3,Information Technology,Associate Software Engineer,0.5645478533141811,0.60925077777035,0.4333797346686822,3.655163129845495,-0.8324238632745895,4.356030109734303,-1.309776220882553,4.425826661662476,-2.2589279883190647,0
695c39e7ce90b13220851e63,2021,0,3.2702350232061264,3.0287631196386666,3.557453777816138,3,Information Technology,Senior Software Engineer,0.6540470046412252,0.6057526239277333,0.7114907555632276,,,,,,,0
695c39e7ce90b13220851e63,2022,1,1.646508859798494,1.7403927113866415,2.0033781829891133,3,Information Technology,Senior Software Engineer,0.3293017719596988,0.3480785422773283,0.4006756365978227,3.2702350232061264,-1.6237261634076323,3.0287631196386666,-1.288370408252025,3.557453777816138,-1.5540755948270246,1
695c39e7ce90b13220851e63,2023,2,2.371823694994238,2.7304047702831546,2.982371788149761,3,Information Technology,Senior Software Engineer,0.4743647389988476,0.5460809540566309,0.5964743576299523,1.646508859798494,0.7253148351957441,1.7403927113866415,0.9900120588965131,2.0033781829891133,0.9789936051606478,0
695c39e7ce90b13220851e64,2021,0,3.2072515576387772,3.2305730698435253,3.1269904096461096,3,Information Technology,QA Lead,0.6414503115277554,0.6461146139687051,0.625398081929222,,,,,,,0
695c39e7ce90b13220851e64,2022,1,3.1836523620987496,2.545403202639715,2.908489344384544,3,Information Technology,QA Lead,0.6367304724197499,0.509080640527943,0.5816978688769088,3.2072515576387772,-0.02359919554002765,3.2305730698435253,-0.6851698672038102,3.1269904096461096,-0.21850106526156576,0
695c39e7ce90b13220851e64,2023,2,2.405168284059415,2.9414231381101965,3.315225834119685,3,Information Technology,QA Lead,0.481033656811883,0.5882846276220393,0.663045166823937,3.1836523620987496,-0.7784840780393347,2.545403202639715,0.3960199354704814,2.908489344384544,0.4067364897351413,0
695c39e7ce90b13220851e64,2024,3,3.240682044594956,1.8527014112386746,1.784191914099487,3,Information Technology,QA Lead,0.6481364089189912,0.37054028224773494,0.35683838281989744,2.405168284059415,0.8355137605355409,2.9414231381101965,-1.088721726871522,3.315225834119685,-1.5310339200201981,1
695c39e7ce90b13220851e64,2025,4,1.8181958829654612,1.309544208505566,1.7031945903979566,3,Information Technology,QA Lead,0.36363917659309225,0.26190884170111317,0.34063891807959135,3.240682044594956,-1.4224861616294946,1.8527014112386746,-0.5431572027331086,1.784191914099487,-0.08099732370153045,0
695c39e7ce90b13220851e65,2021,0,2.344574593195289,1.8256651200721064,3.4987387754693,3,Information Technology,Software Engineer,0.4689149186390578,0.36513302401442127,0.69974775509386,,,,,,,0
695c39e7ce90b13220851e65,2022,1,3.1480651228344154,3.6372683941988866,3.080170720597149,3,Information Technology,Software Engineer,0.6296130245668831,0.7274536788397773,0.6160341441194298,2.344574593195289,0.8034905296391264,1.8256651200721064,1.8116032741267802,3.4987387754693,-0.4185680548721509,0
695c39e7ce90b13220851e65,2023,2,3.0219723433703027,2.4526848475250245,3.5635587816323366,3,Information Technology,Software Engineer,0.6043944686740605,0.4905369695050049,0.7127117563264673,3.1480651228344154,-0.12609277946411268,3.6372683941988866,-1.1845835466738621,3.080170720597149,0.4833880610351877,0
695c39e7ce90b13220851e65,2024,3,2.7471693843105607,2.9683844990568673,2.9512302073217462,3,Information Technology,Software Engineer,0.5494338768621121,0.5936768998113735,0.5902460414643492,3.0219723433703027,-0.27480295905974206,2.4526848475250245,0.5156996515318428,3.5635587816323366,-0.6123285743105904,0
695c39e7ce90b13220851e65,2025,4,3.3156831233555235,3.6811920821456985,3.8533349646323356,3,Information Technology,Software Engineer,0.6631366246711047,0.7362384164291397,0.7706669929264671,2.7471693843105607,0.5685137390449628,2.9683844990568673,0.7128075830888312,2.9512302073217462,0.9021047573105894,0
695c39e7ce90b13220851e66,2021,0,3.5591969961429744,2.3535392399944737,1.7003580419388293,3,Human Resources,Manager,0.7118393992285948,0.47070784799889476,0.34007160838776584,,,,,,,0
695c39e7ce90b13220851e66,2022,1,3.732326174871969,2.5288533826268775,3.2875601157059138,3,Human Resources,Manager,0.7464652349743938,0.5057706765253756,0.6575120231411827,3.5591969961429744,0.17312917872899458,2.3535392399944737,0.17531414263240386,1.7003580419388293,1.5872020737670844,0
695c39e7ce90b13220851e66,2023,2,2.9363833828428993,2.9017139750206766,4.009230528519144,3,Human Resources,Manager,0.5872766765685798,0.5803427950041353,0.8018461057038287,3.732326174871969,-0.7959427920290696,2.5288533826268775,0.3728605923937991,3.2875601157059138,0.7216704128132299,0
695c39e7ce90b13220851e66,2024,3,2.9238081698577103,2.416909853863426,2.9056782777364547,3,Human Resources,Manager,0.584761633971542,0.48338197077268524,0.581135655547291,2.9363833828428993,-0.012575212985189044,2.9017139750206766,-0.48480412115725047,4.009230528519144,-1.103552250782689,0
695c39e7ce90b13220851e66,2025,4,3.454534231214108,2.74088663697731,2.9718967034289534,3,Human Resources,Manager,0.6909068462428216,0.548177327395462,0.5943793406857907,2.9238081698577103,0.5307260613563978,2.416909853863426,0.323976783113884,2.9056782777364547,0.0662184256924987,0
695c39e7ce90b13220851e67,2021,0,4.188829546264169,4.893257152535817,4.707848285918064,3,Administration,Senior Executive,0.8377659092528338,0.9786514305071634,0.9415696571836127,,,,,,,0
695c39e7ce90b13220851e67,2022,1,2.8414391977864226,2.9965615361944122,3.3927720183538304,3,Administration,Senior Executive,0.5682878395572846,0.5993123072388824,0.678554403670766,4.188829546264169,-1.3473903484777465,4.893257152535817,-1.8966956163414048,4.707848285918064,-1.3150762675642333,0
695c39e7ce90b13220851e67,2023,2,3.9669356283574224,4.000638142486492,4.719137595352323,3,Administration,Senior Executive,0.7933871256714845,0.8001276284972985,0.9438275190704646,2.8414391977864226,1.1254964305709998,2.9965615361944122,1.00407660629208,3.3927720183538304,1.3263655769984926,0
695c39e7ce90b13220851e67,2024,3,4.227969007640357,4.419688775478732,4.214689887598862,3,Administration,Senior Executive,0.8455938015280713,0.8839377550957463,0.8429379775197724,3.9669356283574224,0.26103337928293424,4.000638142486492,0.41905063299223944,4.719137595352323,-0.504447707753461,0
695c39e7ce90b13220851e67,2025,4,4.655099124946039,4.498326166344214,3.561982145436782,3,Administration,Senior Executive,0.9310198249892079,0.8996652332688427,0.7123964290873565,4.227969007640357,0.4271301173056825,4.419688775478732,0.07863739086548183,4.214689887598862,-0.6527077421620797,0
695c39e7ce90b13220851e68,2021,0,2.869181179508225,3.3034605984665832,2.6562828148769797,3,Human Resources,Assistant Manager,0.573836235901645,0.6606921196933166,0.5312565629753959,,,,,,,0
695c39e7ce90b13220851e68,2022,1,3.161654560559863,3.8903798933811964,2.9216822455962994,3,Human Resources,Assistant Manager,0.6323309121119726,0.7780759786762392,0.5843364491192599,2.869181179508225,0.292473381051638,3.3034605984665832,0.5869192949146131,2.6562828148769797,0.2653994307193197,0
695c39e7ce90b13220851e68,2023,2,1.6088146431313977,2.3202125416851063,2.908644520294576,3,Human Resources,Assistant Manager,0.32176292862627953,0.46404250833702126,0.5817289040589152,3.161654560559863,-1.5528399174284653,3.8903798933811964,-1.5701673516960901,2.9216822455962994,-0.013037725301723313,1
695c39e7ce90b13220851e68,2024,3,2.66062666323257,4.237668183860835,2.5278590873744005,3,Human Resources,Assistant Manager,0.532125332646514,0.8475336367721671,0.5055718174748801,1.6088146431313977,1.0518120201011723,2.3202125416851063,1.917455642175729,2.908644520294576,-0.38078543292017564,0
695c39e7ce90b13220851e69,2021,0,2.5601966740210784,2.6315682451669957,3.633308673507,3,Administration,Senior Manager,0.5120393348042157,0.5263136490333992,0.7266617347013999,,,,,,,0
695c39e7ce90b13220851e69,2022,1,4.43053752655118,3.2828757971003153,2.2119837472587296,3,Administration,Senior Manager,0.886107505310236,0.6565751594200631,0.4423967494517459,2.5601966740210784,1.8703408525301013,2.6315682451669957,0.6513075519333196,3.633308673507,-1.4213249262482703,0
695c39e7ce90b13220851e69,2023,2,4.3929789951670335,4.153236916611515,4.580636398811534,3,Administration,Senior Manager,0.8785957990334067,0.830647383322303,0.9161272797623068,4.43053752655118,-0.03755853138414622,3.2828757971003153,0.8703611195112,2.2119837472587296,2.3686526515528046,0
695c39e7ce90b13220851e69,2024,3,4.416616571875467,3.4983778309799214,4.008851899584248,3,Administration,Senior Manager,0.8833233143750935,0.6996755661959843,0.8017703799168496,4.3929789951670335,0.023637576708433805,4.153236916611515,-0.6548590856315939,4.580636398811534,-0.5717844992272862,0
695c39e7ce90b13220851e69,2025,4,2.5712759307897706,3.4039503880694024,2.9079696234141807,3,Administration,Senior Manager,0.5142551861579541,0.6807900776138804,0.5815939246828361,4.416616571875467,-1.8453406410856967,3.4983778309799214,-0.09442744291051897,4.008851899584248,-1.1008822761700672,0
695c39e7ce90b13220851e6a,2021,0,1.5427757165048983,1.638269275225849,2.0084174935885475,3,Administration,Executive,0.30855514330097966,0.3276538550451698,0.4016834987177095,,,,,,,1
695c39e7ce90b13220851e6a,2022,1,3.570644972356945,3.299466400292827,3.1362839617769507,3,Administration,Executive,0.714128994471389,0.6598932800585654,0.6272567923553901,1.5427757165048983,2.0278692558520466,1.638269275225849,1.6611971250669781,2.0084174935885475,1.1278664681884032,0
695c39e7ce90b13220851e6b,2021,0,3.7231151521315686,4.493919815015863,4.099718751901913,3,Information Technology,Project Manager,0.7446230304263137,0.8987839630031725,0.8199437503803827,,,,,,,0
695c39e7ce90b13220851e6b,2022,1,3.729211452476771,4.457940269825251,4.407348063755611,3,Information Technology,Project Manager,0.7458422904953542,0.8915880539650501,0.8814696127511222,3.7231151521315686,0.006096300345202366,4.493919815015863,-0.03597954519061197,4.099718751901913,0.3076293118536979,0
695c39e7ce90b13220851e6b,2023,2,3.201843505397507,3.157254890576264,2.8071097472720403,3,Information Technology,Project Manager,0.6403687010795014,0.6314509781152527,0.561421949454408,3.729211452476771,-0.5273679470792638,4.457940269825251,-1.300685379248987,4.407348063755611,-1.600238316483571,0
695c39e7ce90b13220851e6b,2024,3,3.5966442553331968,3.0552637772714664,3.2424765886101925,3,Information Technology,Project Manager,0.7193288510666394,0.6110527554542933,0.6484953177220385,3.201843505397507,0.3948007499356896,3.157254890576264,-0.10199111330479749,2.8071097472720403,0.4353668413381522,0
695c39e7ce90b13220851e6b,2025,4,4.686267327024471,4.504383510194733,4.295040590532122,3,Information Technology,Project Manager,0.9372534654048941,0.9008767020389467,0.8590081181064244,3.5966442553331968,1.0896230716912738,3.0552637772714664,1.449119732923267,3.2424765886101925,1.0525640019219296,0
695c39e7ce90b13220851e6c,2021,0,4.372820818702061,3.0654053346083563,3.6927492457576507,3,Information Technology,Associate UI/UX Designer,0.8745641637404121,0.6130810669216713,0.7385498491515301,,,,,,,0
695c39e7ce90b13220851e6c,2022,1,3.5139952840621267,4.224115811239141,2.831916288332922,3,Information Technology,Associate UI/UX Designer,0.7027990568124254,0.8448231622478282,0.5663832576665844,4.372820818702061,-0.858825534639934,3.0654053346083563,1.1587104766307847,3.6927492457576507,-0.8608329574247287,0
695c39e7ce90b13220851e6c,2023,2,2.8791660219564403,4.395558258991872,2.873217841373236,3,Information Technology,Associate UI/UX Designer,0.575833204391288,0.8791116517983744,0.5746435682746471,3.5139952840621267,-0.6348292621056864,4.224115811239141,0.17144244775273076,2.831916288332922,0.0413015530403138,0
695c39e7ce90b13220851e6c,2024,3,2.8713356016595486,3.186456635083183,3.4509080788452704,3,Information Technology,Associate UI/UX Designer,0.5742671203319097,0.6372913270166366,0.6901816157690541,2.8791660219564403,-0.007830420296891738,4.395558258991872,-1.2091016239086887,2.873217841373236,0.5776902374720345,0
695c39e7ce90b13220851e6c,2025,4,2.0482968118828397,1.6691830424921097,3.5309722329872155,3,Information Technology,Associate UI/UX Designer,0.40965936237656797,0.33383660849842195,0.7061944465974431,2.8713356016595486,-0.8230387897767089,3.186456635083183,-1.5172735925910734,3.4509080788452704,0.08006415414194512,0
695c39e7ce90b13220851e6d,2021,0,1.8554813628100502,3.2452389856365764,3.169289274778472,3,Administration,Assistant General Manager,0.37109627256201005,0.6490477971273153,0.6338578549556944,,,,,,,0
695c39e7ce90b13220851e6e,2021,0,2.7334960071378744,3.5754094883474643,3.1468978400006455,3,Administration,Senior Manager,0.5466992014275749,0.7150818976694928,0.6293795680001291,,,,,,,0
695c39e7ce90b13220851e6e,2022,1,3.7630778403162606,3.425221149505507,2.9865771641314294,3,Administration,Senior Manager,0.7526155680632521,0.6850442299011015,0.5973154328262859,2.7334960071378744,1.0295818331783861,3.5754094883474643,-0.15018833884195715,3.1468978400006455,-0.16032067586921617,0
695c39e7ce90b13220851e6e,2023,2,3.654440926254929,3.4019980378359134,4.420910973446473,3,Administration,Senior Manager,0.7308881852509858,0.6803996075671827,0.8841821946892946,3.7630778403162606,-0.10863691406133169,3.425221149505507,-0.023223111669593788,2.9865771641314294,1.4343338093150435,0
695c39e7ce90b13220851e6e,2024,3,3.1034045257225813,2.968571207441226,2.3193004206367984,3,Administration,Senior Manager,0.6206809051445162,0.5937142414882451,0.4638600841273597,3.654440926254929,-0.5510364005323476,3.4019980378359134,-0.43342683039468755,4.420910973446473,-2.1016105528096745,0
695c39e7ce90b13220851e6e,2025,4,2.8123421803360946,3.0570401508170555,4.087868767747832,3,Administration,Senior Manager,0.562468436067219,0.611408030163411,0.8175737535495664,3.1034045257225813,-0.2910623453864867,2.968571207441226,0.08846894337582967,2.3193004206367984,1.7685683471110334,0
695c39e7ce90b13220851e6f,2021,0,2.528820370956581,2.8964457975483304,4.747066422335017,3,Administration,Senior Manager,0.5057640741913162,0.5792891595096661,0.9494132844670033,,,,,,,0
695c39e7ce90b13220851e6f,2022,1,2.9963342983345695,3.270820244237228,2.9792176065922416,3,Administration,Senior Manager,0.599266859666914,0.6541640488474456,0.5958435213184483,2.528820370956581,0.46751392737798847,2.8964457975483304,0.3743744466888974,4.747066422335017,-1.7678488157427754,0
695c39e7ce90b13220851e6f,2023,2,3.2334222881748036,2.5003855555379983,3.2713037726705423,3,Administration,Senior Manager,0.6466844576349607,0.5000771111075997,0.6542607545341085,2.9963342983345695,0.23708798984023405,3.270820244237228,-0.7704346886992295,2.9792176065922416,0.29208616607830074,0
695c39e7ce90b13220851e6f,2024,3,2.8992031107447342,3.063007690649098,2.5482611592658033,3,Administration,Senior Manager,0.5798406221489468,0.6126015381298197,0.5096522318531607,3.2334222881748036,-0.33421917743006935,2.5003855555379983,0.5626221351110998,3.2713037726705423,-0.723042613404739,0
695c39e7ce90b13220851e6f,2025,4,3.051647240828799,3.576403745540701,3.013699028591491,3,Administration,Senior Manager,0.6103294481657598,0.7152807491081402,0.6027398057182982,2.8992031107447342,0.15244413008406488,3.063007690649098,0.513396054891603,2.5482611592658033,0.46543786932568754,0
695c39e7ce90b13220851e70,2021,0,3.579704190657181,4.549169063943452,3.057417471658758,3,Human Resources,Team Lead,0.7159408381314363,0.9098338127886905,0.6114834943317515,,,,,,,0
695c39e7ce90b13220851e70,2022,1,3.5455555458119834,3.0618487017863374,3.3768440691105113,3,Human Resources,Team Lead,0.7091111091623967,0.6123697403572674,0.6753688138221022,3.579704190657181,-0.03414864484519775,4.549169063943452,-1.487320362157115,3.057417471658758,0.3194265974517534,0
695c39e7ce90b13220851e70,2023,2,3.684120349625616,2.9719756951638017,2.585266620318719,3,Human Resources,Team Lead,0.7368240699251232,0.5943951390327603,0.5170533240637438,3.5455555458119834,0.13856480381363268,3.0618487017863374,-0.08987300662253572,3.3768440691105113,-0.7915774487917924,0
695c39e7ce90b13220851e70,2024,3,2.837202393954924,2.56875190274877,2.481910743326967,3,Human Resources,Team Lead,0.5674404787909848,0.5137503805497541,0.49638214866539343,3.684120349625616,-0.8469179556706923,2.9719756951638017,-0.4032237924150315,2.585266620318719,-0.10335587699175175,0
695c39e7ce90b13220851e70,2025,4,2.2107233375738256,2.5696021914196163,3.0878691713718647,3,Human Resources,Team Lead,0.4421446675147651,0.5139204382839233,0.617573834274373,2.837202393954924,-0.6264790563810982,2.56875190274877,0.0008502886708461332,2.481910743326967,0.6059584280448975,0
695c39e7ce90b13220851e71,2021,0,3.144200323113282,3.270930099328474,4.663297341562153,3,Human Resources,Senior Manager,0.6288400646226564,0.6541860198656948,0.9326594683124305,,,,,,,0
695c39e7ce90b13220851e71,2022,1,4.2058297424180004,2.929199890773458,3.7295673919476204,3,Human Resources,Senior Manager,0.8411659484836,0.5858399781546917,0.745913478389524,3.144200323113282,1.0616294193047184,3.270930099328474,-0.34173020855501557,4.663297341562153,-0.9337299496145324,0
695c39e7ce90b13220851e71,2023,2,3.657957921795479,4.358521080573755,3.9131644736152422,3,Human Resources,Senior Manager,0.7315915843590959,0.871704216114751,0.7826328947230484,4.2058297424180004,-0.5478718206225213,2.929199890773458,1.429321189800297,3.7295673919476204,0.1835970816676218,0
695c39e7ce90b13220851e71,2024,3,3.367707476908434,3.610563388522356,4.127845169910663,3,Human Resources,Senior Manager,0.6735414953816867,0.7221126777044712,0.8255690339821327,3.657957921795479,-0.2902504448870453,4.358521080573755,-0.7479576920513993,3.9131644736152422,0.21468069629542086,0
695c39e7ce90b13220851e71,2025,4,3.5941732320042785,2.9102578015443616,3.420616171207301,3,Human Resources,Senior Manager,0.7188346464008557,0.5820515603088723,0.6841232342414603,3.367707476908434,0.22646575509584466,3.610563388522356,-0.7003055869779944,4.127845169910663,-0.707228998703362,0
695c39e7ce90b13220851e72,2021,0,4.02203953944821,4.014402264563874,3.6786490888047894,3,Information Technology,Senior Software Engineer,0.804407907889642,0.8028804529127749,0.7357298177609579,,,,,,,0
695c39e7ce90b13220851e72,2022,1,2.4320076120242393,2.589620655163871,1.4232142951890328,3,Information Technology,Senior Software Engineer,0.48640152240484785,0.5179241310327742,0.28464285903780656,4.02203953944821,-1.5900319274239707,4.014402264563874,-1.4247816094000032,3.6786490888047894,-2.2554347936157564,1
695c39e7ce90b13220851e72,2023,2,3.1704388905365555,3.076363078177989,2.7653815377222846,3,Information Technology,Senior Software Engineer,0.6340877781073111,0.6152726156355979,0.5530763075444569,2.4320076120242393,0.7384312785123162,2.589620655163871,0.48674242301411796,1.4232142951890328,1.3421672425332518,0
695c39e7ce90b13220851e73,2021,0,2.0904576204385767,3.0325782536693615,2.9934479165048056,3,Information Technology,Senior UI/UX Designer,0.4180915240877153,0.6065156507338723,0.5986895833009611,,,,,,,0
695c39e7ce90b13220851e74,2021,0,3.937563327863839,4.0047090633382165,3.1596729329888062,3,Information Technology,UI/UX Lead,0.7875126655727678,0.8009418126676433,0.6319345865977612,,,,,,,0
695c39e7ce90b13220851e74,2022,1,2.594611642518387,2.3096418689397957,1.0,3,Information Technology,UI/UX Lead,0.5189223285036774,0.46192837378795915,0.2,3.937563327863839,-1.3429516853454522,4.0047090633382165,-1.6950671943984208,3.1596729329888062,-2.1596729329888062,1
695c39e7ce90b13220851e74,2023,2,2.917844529248357,3.4755234428815234,2.661659958863993,3,Information Technology,UI/UX Lead,0.5835689058496714,0.6951046885763047,0.5323319917727986,2.594611642518387,0.32323288672996986,2.3096418689397957,1.1658815739417276,1.0,1.6616599588639929,0
695c39e7ce90b13220851e75,2021,0,3.48167455697492,3.071456204916174,2.9012270921487344,3,Administration,Assistant Manager,0.6963349113949839,0.6142912409832348,0.5802454184297469,,,,,,,0
695c39e7ce90b13220851e75,2022,1,3.171059523475317,3.8392822722055984,3.603202877828754,3,Administration,Assistant Manager,0.6342119046950634,0.7678564544411197,0.7206405755657508,3.48167455697492,-0.31061503349960295,3.071456204916174,0.7678260672894242,2.9012270921487344,0.7019757856800197,0
695c39e7ce90b13220851e75,2023,2,3.56931692184892,3.9563057636452643,4.059594617048963,3,Administration,Assistant Manager,0.713863384369784,0.7912611527290528,0.8119189234097925,3.171059523475317,0.3982573983736031,3.8392822722055984,0.11702349143966595,3.603202877828754,0.4563917392202086,0
695c39e7ce90b13220851e75,2024,3,3.1653498515173744,2.4054378915798997,2.9366796968798985,3,Administration,Assistant Manager,0.6330699703034749,0.4810875783159799,0.5873359393759797,3.56931692184892,-0.40396707033154566,3.9563057636452643,-1.5508678720653646,4.059594617048963,-1.1229149201690642,1
695c39e7ce90b13220851e75,2025,4,2.392828713723573,2.1291088929764745,3.527830053337277,3,Administration,Assistant Manager,0.4785657427447146,0.4258217785952949,0.7055660106674554,3.1653498515173744,-0.7725211377938015,2.4054378915798997,-0.2763289986034252,2.9366796968798985,0.5911503564573786,0
695c39e7ce90b13220851e76,2021,0,2.7498902217022163,3.051606913387198,2.5347565330457282,3,Information Technology,UI/UX Lead,0.5499780443404433,0.6103213826774396,0.5069513066091457,,,,,,,0
695c39e7ce90b13220851e76,2022,1,3.0479975902311303,2.9566473333128522,4.148600363656857,3,Information Technology,UI/UX Lead,0.609599518046226,0.5913294666625705,0.8297200727313714,2.7498902217022163,0.29810736852891395,3.051606913387198,-0.09495958007434568,2.5347565330457282,1.6138438306111285,0
695c39e7ce90b13220851e76,2023,2,3.059075319950517,3.1016571612807815,2.4237331670190563,3,Information Technology,UI/UX Lead,0.6118150639901034,0.6203314322561563,0.48474663340381124,3.0479975902311303,0.01107772971938692,2.9566473333128522,0.14500982796792927,4.148600363656857,-1.7248671966378004,0
695c39e7ce90b13220851e76,2024,3,3.0486092579046713,2.139084112429899,3.469599096085485,3,Information Technology,UI/UX Lead,0.6097218515809343,0.42781682248597985,0.693919819217097,3.059075319950517,-0.01046606204584588,3.1016571612807815,-0.9625730488508824,2.4237331670190563,1.0458659290664287,0
695c39e7ce90b13220851e76,2025,4,2.5873368494719053,2.24489567104613,3.1045135200876617,3,Information Technology,UI/UX Lead,0.517467369894381,0.44897913420922597,0.6209027040175323,3.0486092579046713,-0.46127240843276596,2.139084112429899,0.1058115586162307,3.469599096085485,-0.3650855759978233,0
695c39e7ce90b13220851e77,2021,0,3.11051494504925,2.653024830253743,3.0090343424499943,3,Human Resources,Associate,0.6221029890098501,0.5306049660507486,0.6018068684899989,,,,,,,0
695c39e7ce90b13220851e77,2022,1,4.139553751466333,2.624727865109527,2.955305456222712,3,Human Resources,Associate,0.8279107502932666,0.5249455730219055,0.5910610912445424,3.11051494504925,1.0290388064170828,2.653024830253743,-0.028296965144215758,3.0090343424499943,-0.053728886227282224,0
695c39e7ce90b13220851e77,2023,2,2.681574082704497,4.320922463780964,3.385929532755985,3,Human Resources,Associate,0.5363148165408994,0.8641844927561928,0.677185906551197,4.139553751466333,-1.457979668761836,2.624727865109527,1.696194598671437,2.955305456222712,0.43062407653327295,0
695c39e7ce90b13220851e77,2024,3,1.486124452309901,3.0430659569045018,2.7329273660094198,3,Human Resources,Associate,0.2972248904619802,0.6086131913809003,0.546585473201884,2.681574082704497,-1.1954496303945958,4.320922463780964,-1.2778565068764625,3.385929532755985,-0.6530021667465653,0
695c39e7ce90b13220851e77,2025,4,2.6928650833305228,2.4078705936816958,2.897371759189203,3,Human Resources,Associate,0.5385730166661046,0.48157411873633915,0.5794743518378407,1.486124452309901,1.2067406310206217,3.0430659569045018,-0.635195363222806,2.7329273660094198,0.16444439317978343,0
695c39e7ce90b13220851e78,2021,0,1.501310023746611,2.7779245699521162,3.1315630729515824,3,Human Resources,Senior Manager,0.3002620047493222,0.5555849139904232,0.6263126145903165,,,,,,,0
695c39e7ce90b13220851e78,2022,1,1.890432910181242,1.4001872061434062,1.708703502256252,3,Human Resources,Senior Manager,0.3780865820362484,0.28003744122868124,0.3417407004512504,1.501310023746611,0.389122886434631,2.7779245699521162,-1.37773736380871,3.1315630729515824,-1.4228595706953304,0
695c39e7ce90b13220851e78,2023,2,3.4515052214469444,3.2122885343355585,1.8981493833424934,3,Human Resources,Senior Manager,0.6903010442893889,0.6424577068671117,0.3796298766684987,1.890432910181242,1.5610723112657023,1.4001872061434062,1.8121013281921523,1.708703502256252,0.18944588108624139,0
695c39e7ce90b13220851e78,2024,3,1.766246945562243,1.7394812276947578,1.7013686316252317,3,Human Resources,Senior Manager,0.3532493891124486,0.34789624553895154,0.3402737263250463,3.4515052214469444,-1.6852582758847015,3.2122885343355585,-1.4728073066408007,1.8981493833424934,-0.19678075171726173,1
695c39e7ce90b13220851e78,2025,4,2.335895382709373,2.4256955495919543,2.442173559932214,3,Human Resources,Senior Manager,0.46717907654187457,0.4851391099183909,0.4884347119864428,1.766246945562243,0.56964843714713,1.7394812276947578,0.6862143218971966,1.7013686316252317,0.7408049283069822,0
695c39e7ce90b13220851e79,2021,0,2.749267411488236,2.66570568530046,4.708702311842422,3,Administration,Assistant General Manager,0.5498534822976472,0.533141137060092,0.9417404623684844,,,,,,,0
695c39e7ce90b13220851e79,2022,1,2.707476495988288,2.5462914458245938,3.3959221630352405,3,Administration,Assistant General Manager,0.5414952991976576,0.5092582891649188,0.6791844326070481,2.749267411488236,-0.04179091549994807,2.66570568530046,-0.11941423947586616,4.708702311842422,-1.3127801488071813,0
695c39e7ce90b13220851e79,2023,2,3.132422621102744,3.6934755937455344,2.8869918402802224,3,Administration,Assistant General Manager,0.6264845242205488,0.7386951187491069,0.5773983680560445,2.707476495988288,0.42494612511445595,2.5462914458245938,1.1471841479209406,3.3959221630352405,-0.5089303227550181,0
695c39e7ce90b13220851e79,2024,3,3.677373062592282,4.336504785184046,3.85608682812124,3,Administration,Assistant General Manager,0.7354746125184564,0.8673009570368093,0.771217365624248,3.132422621102744,0.5449504414895379,3.6934755937455344,0.643029191438512,2.8869918402802224,0.9690949878410176,0
695c39e7ce90b13220851e79,2025,4,3.7498011774522286,3.0306816355003727,2.6582911149604653,3,Administration,Assistant General Manager,0.7499602354904458,0.6061363271000746,0.5316582229920931,3.677373062592282,0.07242811485994682,4.336504785184046,-1.3058231496836736,3.85608682812124,-1.1977957131607746,0
695c39e7ce90b13220851e7a,2021,0,2.9271117786420042,3.015679599555745,2.7527018775274046,3,Administration,Senior Executive,0.5854223557284008,0.603135919911149,0.550540375505481,,,,,,,0
695c39e7ce90b13220851e7a,2022,1,2.518171983171178,2.321441651897871,3.1930564602080045,3,Administration,Senior Executive,0.5036343966342356,0.4642883303795742,0.6386112920416009,2.9271117786420042,-0.40893979547082626,3.015679599555745,-0.6942379476578742,2.7527018775274046,0.4403545826805999,0
695c39e7ce90b13220851e7a,2023,2,2.061734657184235,2.2242990858448413,2.7840611819981658,3,Administration,Senior Executive,0.412346931436847,0.4448598171689683,0.5568122363996332,2.518171983171178,-0.456437325986943,2.321441651897871,-0.09714256605302962,3.1930564602080045,-0.4089952782098387,0
695c39e7ce90b13220851e7a,2024,3,3.0177806547333663,1.5353834212129363,1.7297453017397255,3,Administration,Senior Executive,0.6035561309466733,0.30707668424258727,0.3459490603479451,2.061734657184235,0.9560459975491313,2.2242990858448413,-0.688915664631905,2.7840611819981658,-1.0543158802584403,1
695c39e7ce90b13220851e7a,2025,4,3.084631282388794,2.6201122694802876,3.6929118310243734,3,Administration,Senior Executive,0.6169262564777588,0.5240224538960575,0.7385823662048747,3.0177806547333663,0.06685062765542771,1.5353834212129363,1.0847288482673514,1.7297453017397255,1.9631665292846479,0
695c39e7ce90b13220851e7b,2021,0,3.3769640456638843,2.6930524694903224,3.078099488207397,3,Information Technology,UI/UX Lead,0.6753928091327769,0.5386104938980645,0.6156198976414794,,,,,,,0
695c39e7ce90b13220851e7c,2021,0,3.1859774779893097,3.113635889231025,1.2993383635445799,3,Human Resources,Senior Manager,0.6371954955978619,0.622727177846205,0.259867672708916,,,,,,,0
695c39e7ce90b13220851e7c,2022,1,2.6741027014950287,3.3610416731773625,1.4747886772936833,3,Human Resources,Senior Manager,0.5348205402990057,0.6722083346354725,0.29495773545873666,3.1859774779893097,-0.511874776494281,3.113635889231025,0.24740578394633728,1.2993383635445799,0.17545031374910347,0
695c39e7ce90b13220851e7c,2023,2,3.2242446333847266,4.18706940322458,3.4340860728945564,3,Human Resources,Senior Manager,0.6448489266769453,0.8374138806449161,0.6868172145789113,2.6741027014950287,0.5501419318896978,3.3610416731773625,0.8260277300472176,1.4747886772936833,1.959297395600873,0
695c39e7ce90b13220851e7c,2024,3,3.5992024457153287,3.2817187260556295,3.286888686116319,3,Human Resources,Senior Manager,0.7198404891430658,0.6563437452111259,0.6573777372232639,3.2242446333847266,0.3749578123306021,4.18706940322458,-0.9053506771689506,3.4340860728945564,-0.14719738677823724,0
695c39e7ce90b13220851e7c,2025,4,2.618734471876901,3.162677074610702,4.21839549933127,3,Human Resources,Senior Manager,0.5237468943753802,0.6325354149221404,0.843679099866254,3.5992024457153287,-0.9804679738384277,3.2817187260556295,-0.11904165144492751,3.286888686116319,0.9315068132149507,0
695c39e7ce90b13220851e7d,2021,0,3.194854997671799,3.373291943663755,3.2365046118884804,3,Information Technology,UI/UX Lead,0.6389709995343598,0.6746583887327511,0.6473009223776961,,,,,,,0
695c39e7ce90b13220851e7d,2022,1,4.508557517603547,4.821917392071564,5.0,3,Information Technology,UI/UX Lead,0.9017115035207095,0.9643834784143127,1.0,3.194854997671799,1.3137025199317485,3.373291943663755,1.4486254484078085,3.2365046118884804,1.7634953881115196,0
695c39e7ce90b13220851e7d,2023,2,5.0,5.0,2.517259152498233,3,Information Technology,UI/UX Lead,1.0,1.0,0.5034518304996466,4.508557517603547,0.4914424823964527,4.821917392071564,0.17808260792843633,5.0,-2.482740847501767,0
695c39e7ce90b13220851e7d,2024,3,2.3272298530213456,2.736741131191467,3.804285649666536,3,Information Technology,UI/UX Lead,0.4654459706042691,0.5473482262382934,0.7608571299333071,5.0,-2.6727701469786544,5.0,-2.263258868808533,2.517259152498233,1.287026497168303,1
695c39e7ce90b13220851e7d,2025,4,3.9450324797587033,4.33477342355157,2.6753660765780114,3,Information Technology,UI/UX Lead,0.7890064959517407,0.866954684710314,0.5350732153156023,2.3272298530213456,1.6178026267373578,2.736741131191467,1.5980322923601031,3.804285649666536,-1.1289195730885244,0
695c39e7ce90b13220851e7e,2021,0,3.008608147086579,2.371577350812869,2.739489040843768,3,Administration,Senior Executive,0.6017216294173158,0.47431547016257375,0.5478978081687537,,,,,,,0
695c39e7ce90b13220851e7e,2022,1,2.416769001512141,2.965147143553745,3.584083436061567,3,Administration,Senior Executive,0.4833538003024282,0.5930294287107489,0.7168166872123134,3.008608147086579,-0.5918391455744381,2.371577350812869,0.5935697927408761,2.739489040843768,0.8445943952177988,0
695c39e7ce90b13220851e7e,2023,2,3.31214159703429,3.1497920543569347,2.3518430247906528,3,Administration,Senior Executive,0.662428319406858,0.6299584108713869,0.47036860495813054,2.416769001512141,0.895372595522149,2.965147143553745,0.1846449108031898,3.584083436061567,-1.2322404112709142,0
695c39e7ce90b13220851e7e,2024,3,3.8773919122165488,4.810474948317383,4.204381795533731,3,Administration,Senior Executive,0.7754783824433098,0.9620949896634766,0.8408763591067462,3.31214159703429,0.5652503151822588,3.1497920543569347,1.6606828939604483,2.3518430247906528,1.8525387707430783,1
695c39e7ce90b13220851e7e,2025,4,1.6943581683475224,1.303514663669658,1.5962993203743907,3,Administration,Senior Executive,0.33887163366950446,0.2607029327339316,0.31925986407487816,3.8773919122165488,-2.1830337438690264,4.810474948317383,-3.5069602846477252,4.204381795533731,-2.6080824751593403,0
695c39e7ce90b13220851e7f,2021,0,2.5024511165342274,4.437718460528175,2.4965197439809996,3,Administration,Assistant General Manager,0.5004902233068454,0.887543692105635,0.49930394879619994,,,,,,,0
695c39e7ce90b13220851e7f,2022,1,1.8401385455757082,1.2469601307449554,2.473711115425196,3,Administration,Assistant General Manager,0.36802770911514165,0.24939202614899109,0.4947422230850392,2.5024511165342274,-0.6623125709585191,4.437718460528175,-3.1907583297832196,2.4965197439809996,-0.02280862855580379,0
695c39e7ce90b13220851e7f,2023,2,1.1501527787986545,1.5152360625158159,1.7064981331846707,3,Administration,Assistant General Manager,0.23003055575973091,0.3030472125031632,0.34129962663693414,1.8401385455757082,-0.6899857667770537,1.2469601307449554,0.2682759317708605,2.473711115425196,-0.7672129822405251,0
695c39e7ce90b13220851e7f,2024,3,4.004604338788765,3.0586510721972724,2.9924790185359975,3,Administration,Assistant General Manager,0.800920867757753,0.6117302144394545,0.5984958037071995,1.1501527787986545,2.8544515599901104,1.5152360625158159,1.5434150096814565,1.7064981331846707,1.2859808853513268,0
695c39e7ce90b13220851e7f,2025,4,1.5877419162109738,1.6480150594537575,1.8956417407215826,3,Administration,Assistant General Manager,0.31754838324219475,0.3296030118907515,0.3791283481443165,4.004604338788765,-2.4168624225777906,3.0586510721972724,-1.410636012743515,2.9924790185359975,-1.0968372778144149,0
695c39e7ce90b13220851e80,2021,0,3.072371318776217,2.8992940852038354,3.9169696905949984,3,Administration,General Manager,0.6144742637552434,0.579858817040767,0.7833939381189997,,,,,,,0
695c39e7ce90b13220851e80,2022,1,2.126147561174715,2.347866139956343,2.2005144116733844,3,Administration,General Manager,0.42522951223494304,0.46957322799126866,0.44010288233467687,3.072371318776217,-0.9462237576015018,2.8992940852038354,-0.5514279452474922,3.9169696905949984,-1.716455278921614,1
695c39e7ce90b13220851e80,2023,2,4.339386994933424,2.7175306013206137,4.882627502729612,3,Administration,General Manager,0.8678773989866848,0.5435061202641227,0.9765255005459224,2.126147561174715,2.2132394337587087,2.347866139956343,0.36966446136427056,2.2005144116733844,2.6821130910562276,0
695c39e7ce90b13220851e81,2021,0,3.708269865519008,2.2428534707359926,2.4647046340971492,3,Information Technology,Associate UI/UX Designer,0.7416539731038017,0.4485706941471985,0.49294092681942986,,,,,,,0
695c39e7ce90b13220851e81,2022,1,2.9430344614783888,3.3656263614487174,2.38378222660711,3,Information Technology,Associate UI/UX Designer,0.5886068922956778,0.6731252722897435,0.47675644532142203,3.708269865519008,-0.7652354040406193,2.2428534707359926,1.1227728907127248,2.4647046340971492,-0.0809224074900392,0
695c39e7ce90b13220851e81,2023,2,1.9385998105507491,2.988758193764648,2.921782054969734,3,Information Technology,Associate UI/UX Designer,0.3877199621101498,0.5977516387529296,0.5843564109939468,2.9430344614783888,-1.0044346509276396,3.3656263614487174,-0.3768681676840693,2.38378222660711,0.5379998283626239,0
695c39e7ce90b13220851e81,2024,3,3.008490904147546,3.031081420726281,1.6068404923213624,3,Information Technology,Associate UI/UX Designer,0.6016981808295092,0.6062162841452562,0.3213680984642725,1.9385998105507491,1.0698910935967967,2.988758193764648,0.04232322696163271,2.921782054969734,-1.3149415626483716,1
695c39e7ce90b13220851e81,2025,4,3.336402826187979,2.8235926849002926,3.972977938986658,3,Information Technology,Associate UI/UX Designer,0.6672805652375958,0.5647185369800585,0.7945955877973316,3.008490904147546,0.3279119220404332,3.031081420726281,-0.20748873582598826,1.6068404923213624,2.3661374466652956,0
695c39e7ce90b13220851e82,2021,0,3.1746170857437286,4.539883934574145,4.478983720645872,3,Human Resources,General Manager,0.6349234171487457,0.907976786914829,0.8957967441291744,,,,,,,0
695c39e7ce90b13220851e82,2022,1,2.827952463587592,1.0,2.783653742888884,3,Human Resources,General Manager,0.5655904927175184,0.2,0.5567307485777768,3.1746170857437286,-0.34666462215613647,4.539883934574145,-3.539883934574145,4.478983720645872,-1.6953299777569883,0
695c39e7ce90b13220851e82,2023,2,3.5797724095417434,3.1342113718464817,3.289629419107977,3,Human Resources,General Manager,0.7159544819083486,0.6268422743692963,0.6579258838215953,2.827952463587592,0.7518199459541512,1.0,2.1342113718464817,2.783653742888884,0.505975676219093,0
695c39e7ce90b13220851e82,2024,3,1.5538560915063013,3.5109758008954977,4.070926216523578,3,Human Resources,General Manager,0.31077121830126025,0.7021951601790996,0.8141852433047155,3.5797724095417434,-2.025916318035442,3.1342113718464817,0.37676442904901597,3.289629419107977,0.7812967974156009,1
695c39e7ce90b13220851e82,2025,4,1.6911067120622778,1.6861007399372505,1.0,3,Human Resources,General Manager,0.33822134241245555,0.3372201479874501,0.2,1.5538560915063013,0.13725062055597648,3.5109758008954977,-1.8248750609582471,4.070926216523578,-3.070926216523578,0
695c39e7ce90b13220851e83,2021,0,2.6643510303555176,3.109668073343519,4.102985311560078,3,Administration,Senior Executive,0.5328702060711035,0.6219336146687038,0.8205970623120156,,,,,,,0
695c39e7ce90b13220851e83,2022,1,2.7443710774228673,2.73230400658439,4.037082828613965,3,Administration,Senior Executive,0.5488742154845735,0.546460801316878,0.807416565722793,2.6643510303555176,0.08002004706734978,3.109668073343519,-0.3773640667591289,4.102985311560078,-0.06590248294611278,0
695c39e7ce90b13220851e83,2023,2,4.0351334418724205,2.7701755971267197,3.1384842654002636,3,Administration,Senior Executive,0.8070266883744841,0.5540351194253439,0.6276968530800527,2.7443710774228673,1.2907623644495532,2.73230400658439,0.03787159054232969,4.037082828613965,-0.8985985632137012,0
695c39e7ce90b13220851e83,2024,3,2.6904027794219347,3.3435574951889575,3.59511735642434,3,Administration,Senior Executive,0.538080555884387,0.6687114990377915,0.719023471284868,4.0351334418724205,-1.3447306624504858,2.7701755971267197,0.5733818980622378,3.1384842654002636,0.45663309102407634,0
695c39e7ce90b13220851e83,2025,4,2.6092757251746272,2.333569599641126,2.918305887321431,3,Administration,Senior Executive,0.5218551450349255,0.4667139199282252,0.5836611774642863,2.6904027794219347,-0.08112705424730748,3.3435574951889575,-1.0099878955478316,3.59511735642434,-0.6768114691029088,0
695c39e7ce90b13220851e84,2021,0,3.2706227967173147,2.713635869491619,2.399671857664761,3,Administration,Team Lead,0.6541245593434629,0.5427271738983238,0.4799343715329522,,,,,,,0
695c39e7ce90b13220851e84,2022,1,1.2850008680953304,2.053264957228491,2.861665931777387,3,Administration,Team Lead,0.2570001736190661,0.4106529914456982,0.5723331863554775,3.2706227967173147,-1.9856219286219843,2.713635869491619,-0.660370912263128,2.399671857664761,0.46199407411262605,0
695c39e7ce90b13220851e84,2023,2,3.528943430710328,3.3130922965505327,3.3733386257871283,3,Administration,Team Lead,0.7057886861420656,0.6626184593101065,0.6746677251574257,1.2850008680953304,2.2439425626149974,2.053264957228491,1.2598273393220416,2.861665931777387,0.5116726940097411,0
695c39e7ce90b13220851e84,2024,3,3.651203206799963,2.847633922128625,2.332050551801536,3,Administration,Team Lead,0.7302406413599927,0.569526784425725,0.4664101103603072,3.528943430710328,0.12225977608963534,3.3130922965505327,-0.46545837442190763,3.3733386257871283,-1.041288073985592,1
695c39e7ce90b13220851e84,2025,4,2.5814352951172754,2.8882090445053707,2.0199064364687116,3,Administration,Team Lead,0.5162870590234551,0.5776418089010742,0.40398128729374233,3.651203206799963,-1.0697679116826877,2.847633922128625,0.040575122376745654,2.332050551801536,-0.3121441153328246,0
695c39e7ce90b13220851e85,2021,0,3.277209544522393,2.995403259276564,2.9014764384990057,3,Administration,General Manager,0.6554419089044786,0.5990806518553128,0.5802952876998011,,,,,,,0
695c39e7ce90b13220851e86,2021,0,3.5421809719200867,2.981546005629759,4.268502687578929,3,Information Technology,Architect,0.7084361943840174,0.5963092011259519,0.8537005375157858,,,,,,,0
695c39e7ce90b13220851e86,2022,1,2.8121317751296453,3.5402182040115395,3.21764244231598,3,Information Technology,Architect,0.5624263550259291,0.7080436408023079,0.643528488463196,3.5421809719200867,-0.7300491967904414,2.981546005629759,0.5586721983817804,4.268502687578929,-1.0508602452629487,0
695c39e7ce90b13220851e86,2023,2,4.868061748801564,4.912361195005662,3.1175767865234234,3,Information Technology,Architect,0.9736123497603127,0.9824722390011325,0.6235153573046847,2.8121317751296453,2.0559299736719185,3.5402182040115395,1.3721429909941225,3.21764244231598,-0.10006565579255655,0
695c39e7ce90b13220851e86,2024,3,4.399948503901194,3.0896212532893577,2.6764701277034573,3,Information Technology,Architect,0.8799897007802387,0.6179242506578715,0.5352940255406915,4.868061748801564,-0.46811324490037,4.912361195005662,-1.8227399417163044,3.1175767865234234,-0.44110665881996614,0
695c39e7ce90b13220851e86,2025,4,4.171828682205429,4.55909332790335,2.846205301075275,3,Information Technology,Architect,0.8343657364410857,0.9118186655806699,0.5692410602150549,4.399948503901194,-0.22811982169576517,3.0896212532893577,1.469472074613992,2.6764701277034573,0.16973517337181754,0
695c39e7ce90b13220851e87,2021,0,3.4502381123448433,4.005530099117992,3.676151179016032,3,Information Technology,UI/UX Designer,0.6900476224689687,0.8011060198235984,0.7352302358032065,,,,,,,0
695c39e7ce90b13220851e87,2022,1,3.8047980333320597,3.975952828482666,4.551761881707009,3,Information Technology,UI/UX Designer,0.7609596066664119,0.7951905656965332,0.9103523763414018,3.4502381123448433,0.35455992098721634,4.005530099117992,-0.029577270635326336,3.676151179016032,0.8756107026909765,0
695c39e7ce90b13220851e87,2023,2,2.541068905486541,3.6308624875716013,3.223890101247942,3,Information Technology,UI/UX Designer,0.5082137810973082,0.7261724975143202,0.6447780202495884,3.8047980333320597,-1.2637291278455187,3.975952828482666,-0.3450903409110646,4.551761881707009,-1.3278717804590667,1
695c39e7ce90b13220851e87,2024,3,3.1880208593094927,4.1434236974918175,3.809704358734099,3,Information Technology,UI/UX Designer,0.6376041718618985,0.8286847394983635,0.7619408717468198,2.541068905486541,0.6469519538229518,3.6308624875716013,0.5125612099202161,3.223890101247942,0.5858142574861569,0
695c39e7ce90b13220851e88,2021,0,3.1828707559876257,1.5944418585949514,2.3024744942059248,3,Information Technology,Administrator,0.6365741511975251,0.31888837171899026,0.46049489884118494,,,,,,,0
695c39e7ce90b13220851e88,2022,1,2.8622174254636574,2.477699857070787,1.6749864469686548,3,Information Technology,Administrator,0.5724434850927315,0.4955399714141574,0.33499728939373097,3.1828707559876257,-0.32065333052396827,1.5944418585949514,0.8832579984758357,2.3024744942059248,-0.6274880472372699,0
695c39e7ce90b13220851e88,2023,2,1.8972892438142925,2.0562391751482365,2.2619454627021556,3,Information Technology,Administrator,0.3794578487628585,0.4112478350296473,0.45238909254043114,2.8622174254636574,-0.9649281816493649,2.477699857070787,-0.4214606819225506,1.6749864469686548,0.5869590157335007,1
695c39e7ce90b13220851e88,2024,3,3.1865054399135855,2.7305260413933805,2.117947031752763,3,Information Technology,Administrator,0.6373010879827171,0.5461052082786761,0.42358940635055264,1.8972892438142925,1.289216196099293,2.0562391751482365,0.674286866245144,2.2619454627021556,-0.14399843094939246,0
695c39e7ce90b13220851e89,2021,0,2.707598990073416,1.7275620028963328,3.3296143949281722,3,Administration,Senior Executive,0.5415197980146832,0.3455124005792666,0.6659228789856344,,,,,,,0
695c39e7ce90b13220851e89,2022,1,4.404764688351559,3.879738470309218,3.302489181129116,3,Administration,Senior Executive,0.8809529376703118,0.7759476940618436,0.6604978362258233,2.707598990073416,1.697165698278143,1.7275620028963328,2.152176467412885,3.3296143949281722,-0.02712521379905608,0
695c39e7ce90b13220851e89,2023,2,3.33552307394159,4.633614540594116,4.805324258424061,3,Administration,Senior Executive,0.667104614788318,0.9267229081188232,0.9610648516848123,4.404764688351559,-1.069241614409969,3.879738470309218,0.7538760702848979,3.302489181129116,1.5028350772949453,0
695c39e7ce90b13220851e89,2024,3,2.609922700253676,3.0153799272259754,3.2425392466104284,3,Administration,Senior Executive,0.5219845400507352,0.603075985445195,0.6485078493220857,3.33552307394159,-0.725600373687914,4.633614540594116,-1.6182346133681405,4.805324258424061,-1.562785011813633,0
695c39e7ce90b13220851e89,2025,4,2.321200189988749,4.284499738606922,4.943384359946927,3,Administration,Senior Executive,0.46424003799774977,0.8568999477213843,0.9886768719893855,2.609922700253676,-0.2887225102649271,3.0153799272259754,1.2691198113809463,3.2425392466104284,1.700845113336499,0
695c39e7ce90b13220851e8a,2021,0,2.422028546316233,1.968271145976842,1.726169922581212,3,Human Resources,Executive,0.48440570926324666,0.3936542291953684,0.3452339845162424,,,,,,,0
695c39e7ce90b13220851e8a,2022,1,1.8680124139287513,1.9901022296404585,2.452714068845344,3,Human Resources,Executive,0.37360248278575026,0.3980204459280917,0.4905428137690688,2.422028546316233,-0.5540161323874819,1.968271145976842,0.021831083663616413,1.726169922581212,0.726544146264132,0
695c39e7ce90b13220851e8a,2023,2,1.5514235295890564,1.8428918005794397,2.0618382430746185,3,Human Resources,Executive,0.31028470591781127,0.36857836011588796,0.4123676486149237,1.8680124139287513,-0.3165888843396949,1.9901022296404585,-0.14721042906101878,2.452714068845344,-0.39087582577072544,0
695c39e7ce90b13220851e8a,2024,3,3.2031127539503936,1.537934313564599,1.5983062442967557,3,Human Resources,Executive,0.6406225507900787,0.3075868627129198,0.31966124885935115,1.5514235295890564,1.6516892243613372,1.8428918005794397,-0.3049574870148406,2.0618382430746185,-0.4635319987778628,0
695c39e7ce90b13220851e8a,2025,4,1.4997672142474148,1.0,1.7233077970663373,3,Human Resources,Executive,0.29995344284948294,0.2,0.3446615594132675,3.2031127539503936,-1.7033455397029789,1.537934313564599,-0.5379343135645991,1.5983062442967557,0.12500155276958158,0
695c39e7ce90b13220851e8b,2021,0,2.9613505481617217,2.853659299878636,3.6340283293562075,3,Human Resources,Senior Executive,0.5922701096323444,0.5707318599757272,0.7268056658712415,,,,,,,0
695c39e7ce90b13220851e8b,2022,1,3.832807072704222,1.7216083977419836,3.901847781927966,3,Human Resources,Senior Executive,0.7665614145408444,0.3443216795483967,0.7803695563855932,2.9613505481617217,0.8714565245425003,2.853659299878636,-1.1320509021366525,3.6340283293562075,0.26781945257175854,0
695c39e7ce90b13220851e8b,2023,2,1.2873154583062152,1.8559372093160595,1.90799799739135,3,Human Resources,Senior Executive,0.25746309166124304,0.3711874418632119,0.38159959947827,3.832807072704222,-2.545491614398007,1.7216083977419836,0.13432881157407595,3.901847781927966,-1.993849784536616,1
695c39e7ce90b13220851e8b,2024,3,2.81389036954874,3.6292436993338435,2.319263120950747,3,Human Resources,Senior Executive,0.562778073909748,0.7258487398667687,0.4638526241901494,1.2873154583062152,1.5265749112425246,1.8559372093160595,1.773306490017784,1.90799799739135,0.41126512355939715,0
695c39e7ce90b13220851e8c,2021,0,4.349442016345318,1.819865327172331,3.348736158364235,3,Human Resources,Executive,0.8698884032690636,0.3639730654344662,0.669747231672847,,,,,,,0
695c39e7ce90b13220851e8c,2022,1,3.390176461676344,3.1041831099552244,2.7961920512239855,3,Human Resources,Executive,0.6780352923352688,0.6208366219910448,0.5592384102447971,4.349442016345318,-0.9592655546689737,1.819865327172331,1.2843177827828933,3.348736158364235,-0.5525441071402497,0
695c39e7ce90b13220851e8c,2023,2,2.501746597147036,4.014258404964585,2.6999628261598647,3,Human Resources,Executive,0.5003493194294072,0.802851680992917,0.5399925652319729,3.390176461676344,-0.888429864529308,3.1041831099552244,0.9100752950093609,2.7961920512239855,-0.0962292250641208,0
695c39e7ce90b13220851e8c,2024,3,3.2424467795047067,1.972141774733681,1.9608971235865238,3,Human Resources,Executive,0.6484893559009414,0.39442835494673617,0.39217942471730477,2.501746597147036,0.7407001823576707,4.014258404964585,-2.0421166302309044,2.6999628261598647,-0.7390657025733409,0
695c39e7ce90b13220851e8c,2025,4,4.671197863855365,2.147085339024094,2.98799922099382,3,Human Resources,Executive,0.9342395727710731,0.42941706780481875,0.597599844198764,3.2424467795047067,1.4287510843506586,1.972141774733681,0.1749435642904129,1.9608971235865238,1.0271020974072962,0
695c39e7ce90b13220851e8d,2021,0,2.8739373889761506,2.513426350324961,3.3692188682344804,3,Administration,Senior Manager,0.5747874777952301,0.5026852700649922,0.6738437736468961,,,,,,,0
695c39e7ce90b13220851e8d,2022,1,4.191997033184363,4.444159195187514,3.0557141625178454,3,Administration,Senior Manager,0.8383994066368725,0.8888318390375028,0.611142832503569,2.8739373889761506,1.318059644208212,2.513426350324961,1.9307328448625531,3.3692188682344804,-0.3135047057166349,0
695c39e7ce90b13220851e8d,2023,2,4.291385535453255,3.5342494121179433,4.473254497429311,3,Administration,Senior Manager,0.858277107090651,0.7068498824235887,0.8946508994858622,4.191997033184363,0.09938850226889251,4.444159195187514,-0.9099097830695708,3.0557141625178454,1.4175403349114655,0
695c39e7ce90b13220851e8d,2024,3,2.160518212821784,2.890476817910394,2.7489120851556494,3,Administration,Senior Manager,0.4321036425643568,0.5780953635820788,0.5497824170311298,4.291385535453255,-2.130867322631471,3.5342494121179433,-0.6437725942075492,4.473254497429311,-1.7243424122736615,1
695c39e7ce90b13220851e8d,2025,4,4.379849883572206,3.202208237381497,4.339670324344512,3,Administration,Senior Manager,0.8759699767144411,0.6404416474762994,0.8679340648689025,2.160518212821784,2.219331670750422,2.890476817910394,0.3117314194711027,2.7489120851556494,1.5907582391888626,0
695c39e7ce90b13220851e8e,2021,0,3.6683095200258933,4.483863346385779,2.699667165003794,3,Administration,Assistant General Manager,0.7336619040051786,0.8967726692771558,0.5399334330007588,,,,,,,0
695c39e7ce90b13220851e8e,2022,1,2.5635232012322096,3.7323448809407056,4.552256910285787,3,Administration,Assistant General Manager,0.5127046402464419,0.7464689761881411,0.9104513820571574,3.6683095200258933,-1.1047863187936837,4.483863346385779,-0.7515184654450735,2.699667165003794,1.852589745281993,0
695c39e7ce90b13220851e8e,2023,2,3.1722975716857,1.8376840387832607,1.7329857279967316,3,Administration,Assistant General Manager,0.63445951433714,0.36753680775665215,0.3465971455993463,2.5635232012322096,0.6087743704534905,3.7323448809407056,-1.894660842157445,4.552256910285787,-2.8192711822890555,0
695c39e7ce90b13220851e8e,2024,3,2.803184651565632,2.649938907810026,3.3359509241578236,3,Administration,Assistant General Manager,0.5606369303131264,0.5299877815620052,0.6671901848315647,3.1722975716857,-0.369112920120068,1.8376840387832607,0.8122548690267652,1.7329857279967316,1.602965196161092,0
695c39e7ce90b13220851e8e,2025,4,3.5951154961148615,3.7362466078508265,4.063700812958419,3,Administration,Assistant General Manager,0.7190230992229723,0.7472493215701653,0.8127401625916837,2.803184651565632,0.7919308445492295,2.649938907810026,1.0863077000408006,3.3359509241578236,0.7277498888005951,0
695c39e7ce90b13220851e8f,2021,0,3.4375661950248246,3.441570706487953,4.16264306689334,3,Information Technology,Architect,0.687513239004965,0.6883141412975906,0.832528613378668,,,,,,,0
695c39e7ce90b13220851e8f,2022,1,3.248868697730772,3.5885254571033283,4.02281464637176,3,Information Technology,Architect,0.6497737395461545,0.7177050914206656,0.804562929274352,3.4375661950248246,-0.1886974972940525,3.441570706487953,0.14695475061537522,4.16264306689334,-0.13982842052157984,0
695c39e7ce90b13220851e8f,2023,2,4.124214341356174,4.208801882628104,3.403391315231801,3,Information Technology,Architect,0.8248428682712348,0.8417603765256209,0.6806782630463603,3.248868697730772,0.8753456436254017,3.5885254571033283,0.6202764255247759,4.02281464637176,-0.6194233311399588,0
695c39e7ce90b13220851e8f,2024,3,4.327935867388248,2.710179953894425,3.225438089771564,3,Information Technology,Architect,0.8655871734776497,0.542035990778885,0.6450876179543128,4.124214341356174,0.2037215260320746,4.208801882628104,-1.4986219287336793,3.403391315231801,-0.17795322546023717,0
695c39e7ce90b13220851e8f,2025,4,3.5877316507365915,3.415758673327917,4.579051215085336,3,Information Technology,Architect,0.7175463301473183,0.6831517346655833,0.9158102430170671,4.327935867388248,-0.7402042166516569,2.710179953894425,0.7055787194334919,3.225438089771564,1.353613125313772,0
695c39e7ce90b13220851e90,2021,0,3.6185307574662264,2.530815221344978,2.496422185619152,3,Human Resources,General Manager,0.7237061514932452,0.5061630442689956,0.4992844371238304,,,,,,,0
695c39e7ce90b13220851e90,2022,1,3.2258062595435373,3.1260678702595097,3.069634407678672,3,Human Resources,General Manager,0.6451612519087074,0.6252135740519019,0.6139268815357344,3.6185307574662264,-0.39272449792268915,2.530815221344978,0.5952526489145318,2.496422185619152,0.5732122220595199,0
695c39e7ce90b13220851e90,2023,2,1.911718948641424,1.589096080846348,1.7452990877578745,3,Human Resources,General Manager,0.3823437897282848,0.31781921616926956,0.3490598175515749,3.2258062595435373,-1.3140873109021132,3.1260678702595097,-1.5369717894131618,3.069634407678672,-1.3243353199207974,0
695c39e7ce90b13220851e90,2024,3,2.4016381782892355,2.8023671772000025,2.6588122380574872,3,Human Resources,General Manager,0.4803276356578471,0.5604734354400005,0.5317624476114975,1.911718948641424,0.4899192296478114,1.589096080846348,1.2132710963536546,1.7452990877578745,0.9135131502996128,0
695c39e7ce90b13220851e90,2025,4,3.2608243873792295,2.6594309319006735,3.040089590376471,3,Human Resources,General Manager,0.652164877475846,0.5318861863801347,0.6080179180752942,2.4016381782892355,0.859186209089994,2.8023671772000025,-0.14293624529932902,2.6588122380574872,0.38127735231898363,0
695c39e7ce90b13220851e91,2021,0,4.3090837504489246,4.389892553788554,4.047635649206975,3,Human Resources,Assistant General Manager,0.8618167500897849,0.8779785107577108,0.809527129841395,,,,,,,0
695c39e7ce90b13220851e91,2022,1,2.8358495695551413,2.388800536599148,3.634552292261212,3,Human Resources,Assistant General Manager,0.5671699139110282,0.4777601073198296,0.7269104584522423,4.3090837504489246,-1.4732341808937832,4.389892553788554,-2.001092017189406,4.047635649206975,-0.41308335694576304,0
695c39e7ce90b13220851e91,2023,2,2.7102162864747448,2.1379207682011376,2.50060906797394,3,Human Resources,Assistant General Manager,0.542043257294949,0.4275841536402275,0.500121813594788,2.8358495695551413,-0.12563328308039656,2.388800536599148,-0.2508797683980104,3.634552292261212,-1.1339432242872718,0
695c39e7ce90b13220851e91,2024,3,2.9025769224954994,2.3623835869472667,2.856659916080174,3,Human Resources,Assistant General Manager,0.5805153844990999,0.47247671738945335,0.5713319832160348,2.7102162864747448,0.1923606360207546,2.1379207682011376,0.22446281874612906,2.50060906797394,0.3560508481062339,0
695c39e7ce90b13220851e91,2025,4,3.1117312768794863,2.6238660474735105,2.657470929206287,3,Human Resources,Assistant General Manager,0.6223462553758973,0.5247732094947021,0.5314941858412574,2.9025769224954994,0.20915435438398688,2.3623835869472667,0.2614824605262438,2.856659916080174,-0.19918898687388698,0
695c39e7ce90b13220851e92,2021,0,2.3427633171859057,1.9646685814889318,2.321123634827082,3,Information Technology,Architect,0.46855266343718116,0.39293371629778634,0.4642247269654164,,,,,,,1
695c39e7ce90b13220851e92,2022,1,4.109295852440655,3.812164357600908,3.4166939497120126,3,Information Technology,Architect,0.8218591704881311,0.7624328715201816,0.6833387899424025,2.3427633171859057,1.7665325352547496,1.9646685814889318,1.8474957761119764,2.321123634827082,1.0955703148849305,0
695c39e7ce90b13220851e93,2021,0,1.0,2.240354916711839,2.892509707595103,3,Human Resources,Associate,0.2,0.4480709833423678,0.5785019415190206,,,,,,,1
695c39e7ce90b13220851e93,2022,1,2.8824968298974696,3.8894464681972396,4.078091757623099,3,Human Resources,Associate,0.5764993659794939,0.7778892936394479,0.8156183515246198,1.0,1.8824968298974696,2.240354916711839,1.6490915514854008,2.892509707595103,1.185582050027996,0
695c39e7ce90b13220851e94,2021,0,3.532124762893103,3.1087494149493864,2.5179570329024674,3,Information Technology,UI/UX Lead,0.7064249525786206,0.6217498829898773,0.5035914065804935,,,,,,,0
695c39e7ce90b13220851e94,2022,1,1.8703189704000664,1.5191876918177711,1.5878346430283103,3,Information Technology,UI/UX Lead,0.3740637940800133,0.3038375383635542,0.31756692860566205,3.532124762893103,-1.6618057924930365,3.1087494149493864,-1.5895617231316153,2.5179570329024674,-0.9301223898741571,1
695c39e7ce90b13220851e94,2023,2,3.44617603945808,4.013946074263956,4.461556127751401,3,Information Technology,UI/UX Lead,0.689235207891616,0.8027892148527911,0.8923112255502803,1.8703189704000664,1.5758570690580134,1.5191876918177711,2.4947583824461845,1.5878346430283103,2.8737214847230907,0
695c39e7ce90b13220851e95,2021,0,1.4228722910181197,1.7320912756338336,3.3594732785064307,3,Administration,Executive,0.2845744582036239,0.3464182551267667,0.6718946557012861,,,,,,,0
695c39e7ce90b13220851e95,2022,1,2.4077277808711424,2.9931610010618086,2.5651062038579395,3,Administration,Executive,0.48154555617422845,0.5986322002123617,0.513021240771588,1.4228722910181197,0.9848554898530226,1.7320912756338336,1.261069725427975,3.3594732785064307,-0.7943670746484912,0
695c39e7ce90b13220851e95,2023,2,2.1032170322951096,2.3236163754271213,2.6039080550779437,3,Administration,Executive,0.42064340645902193,0.46472327508542427,0.5207816110155887,2.4077277808711424,-0.3045107485760328,2.9931610010618086,-0.6695446256346873,2.5651062038579395,0.038801851220004124,1
695c39e7ce90b13220851e95,2024,3,2.4848023288000727,2.8535477365516817,3.059605154969919,3,Administration,Executive,0.4969604657600145,0.5707095473103363,0.6119210309939838,2.1032170322951096,0.3815852965049631,2.3236163754271213,0.5299313611245604,2.6039080550779437,0.4556970998919754,0
695c39e7ce90b13220851e96,2021,0,2.254555614456078,1.4709992150365967,2.993593652308927,3,Administration,Associate,0.4509111228912156,0.29419984300731933,0.5987187304617854,,,,,,,0
695c39e7ce90b13220851e96,2022,1,3.6345552763354103,4.877740116523942,4.131441472128882,3,Administration,Associate,0.7269110552670821,0.9755480233047884,0.8262882944257764,2.254555614456078,1.3799996618793324,1.4709992150365967,3.4067409014873453,2.993593652308927,1.1378478198199553,0
695c39e7ce90b13220851e96,2023,2,2.173453262199048,2.6490258463707264,2.7660042319712277,3,Administration,Associate,0.43469065243980964,0.5298051692741452,0.5532008463942455,3.6345552763354103,-1.4611020141363622,4.877740116523942,-2.2287142701532154,4.131441472128882,-1.3654372401576547,1
695c39e7ce90b13220851e96,2024,3,4.122039996273461,3.4003563365575213,2.879063353987384,3,Administration,Associate,0.8244079992546922,0.6800712673115042,0.5758126707974769,2.173453262199048,1.948586734074413,2.6490258463707264,0.751330490186795,2.7660042319712277,0.11305912201615653,0
695c39e7ce90b13220851e97,2021,0,4.454619124962631,4.346082086812183,3.6547251686159683,3,Administration,Senior Manager,0.8909238249925261,0.8692164173624366,0.7309450337231936,,,,,,,0
695c39e7ce90b13220851e97,2022,1,3.191245170070536,3.3205086074221533,4.311160027672135,3,Administration,Senior Manager,0.6382490340141073,0.6641017214844307,0.862232005534427,4.454619124962631,-1.2633739548920944,4.346082086812183,-1.02557347939003,3.6547251686159683,0.6564348590561666,0
695c39e7ce90b13220851e97,2023,2,2.829164631483045,2.5829427442263775,2.61371341354637,3,Administration,Senior Manager,0.565832926296609,0.5165885488452755,0.522742682709274,3.191245170070536,-0.36208053858749123,3.3205086074221533,-0.7375658631957758,4.311160027672135,-1.6974466141257647,0
695c39e7ce90b13220851e97,2024,3,3.309647533191034,5.0,5.0,3,Administration,Senior Manager,0.6619295066382068,1.0,1.0,2.829164631483045,0.480482901707989,2.5829427442263775,2.4170572557736225,2.61371341354637,2.38628658645363,1
695c39e7ce90b13220851e97,2025,4,2.4697870884977418,3.2174182318174482,3.0093802537210808,3,Administration,Senior Manager,0.4939574176995484,0.6434836463634896,0.6018760507442161,3.309647533191034,-0.8398604446932922,5.0,-1.7825817681825518,5.0,-1.9906197462789192,0
695c39e7ce90b13220851e98,2021,0,2.4152586311377955,1.8571586723428504,2.329238691339076,3,Information Technology,QA Engineer,0.4830517262275591,0.3714317344685701,0.46584773826781517,,,,,,,0
695c39e7ce90b13220851e98,2022,1,3.0275452601905184,2.5662140954711736,2.5517336081051547,3,Information Technology,QA Engineer,0.6055090520381037,0.5132428190942347,0.5103467216210309,2.4152586311377955,0.6122866290527229,1.8571586723428504,0.7090554231283233,2.329238691339076,0.2224949167660788,0
695c39e7ce90b13220851e98,2023,2,1.5271524074505871,1.462163985498129,2.5005981831729653,3,Information Technology,QA Engineer,0.3054304814901174,0.2924327970996258,0.500119636634593,3.0275452601905184,-1.5003928527399313,2.5662140954711736,-1.1040501099730446,2.5517336081051547,-0.051135424932189366,1
695c39e7ce90b13220851e98,2024,3,2.610551095301426,3.2922854830954686,3.115780619232615,3,Information Technology,QA Engineer,0.5221102190602852,0.6584570966190937,0.623156123846523,1.5271524074505871,1.0833986878508388,1.462163985498129,1.8301214975973397,2.5005981831729653,0.6151824360596496,0
695c39e7ce90b13220851e99,2021,0,2.008521855381633,2.4759574812561107,1.5732866302020558,3,Information Technology,Associate Project Manager,0.4017043710763266,0.49519149625122216,0.3146573260404112,,,,,,,1
695c39e7ce90b13220851e99,2022,1,2.628202857894769,3.879901724157146,3.0372410410898274,3,Information Technology,Associate Project Manager,0.5256405715789538,0.7759803448314292,0.6074482082179655,2.008521855381633,0.6196810025131358,2.4759574812561107,1.4039442429010354,1.5732866302020558,1.4639544108877716,0
695c39e7ce90b13220851e9a,2021,0,1.813685638322239,2.4329505702559846,2.3219944987122885,3,Human Resources,Team Lead,0.3627371276644478,0.4865901140511969,0.4643988997424577,,,,,,,1
695c39e7ce90b13220851e9a,2022,1,2.6605772628485065,3.5783162318582202,3.3842861678075753,3,Human Resources,Team Lead,0.5321154525697013,0.715663246371644,0.6768572335615151,1.813685638322239,0.8468916245262674,2.4329505702559846,1.1453656616022356,2.3219944987122885,1.0622916690952868,0
695c39e7ce90b13220851e9b,2021,0,2.101008168858927,1.1135635379871105,1.6444271656016984,3,Administration,Senior Manager,0.42020163377178543,0.2227127075974221,0.3288854331203397,,,,,,,0
695c39e7ce90b13220851e9b,2022,1,1.8108432013263709,2.2311375467157717,1.9237447007990376,3,Administration,Senior Manager,0.3621686402652742,0.44622750934315436,0.38474894015980754,2.101008168858927,-0.29016496753255616,1.1135635379871105,1.1175740087286612,1.6444271656016984,0.27931753519733915,0
695c39e7ce90b13220851e9b,2023,2,1.6889672016433064,1.8435139083205887,1.9131185400123085,3,Administration,Senior Manager,0.33779344032866127,0.36870278166411774,0.3826237080024617,1.8108432013263709,-0.1218759996830645,2.2311375467157717,-0.387623638395183,1.9237447007990376,-0.010626160786729066,0
695c39e7ce90b13220851e9b,2024,3,2.583027366025078,2.544327494902289,2.495999400086966,3,Administration,Senior Manager,0.5166054732050156,0.5088654989804577,0.49919988001739324,1.6889672016433064,0.8940601643817718,1.8435139083205887,0.7008135865817002,1.9131185400123085,0.5828808600746576,0
695c39e7ce90b13220851e9b,2025,4,1.7950962562601216,2.282455481405836,2.6335687063991506,3,Administration,Senior Manager,0.35901925125202433,0.45649109628116724,0.5267137412798302,2.583027366025078,-0.7879311097649566,2.544327494902289,-0.2618720134964527,2.495999400086966,0.13756930631218456,0
695c39e7ce90b13220851e9c,2021,0,2.442619869617751,2.670737747006271,2.283004521478284,3,Human Resources,Assistant Manager,0.4885239739235502,0.5341475494012542,0.4566009042956568,,,,,,,0
695c39e7ce90b13220851e9d,2021,0,2.7818863282906134,1.8347182548036363,1.2498093227509723,3,Human Resources,Team Lead,0.5563772656581227,0.36694365096072723,0.24996186455019448,,,,,,,0
695c39e7ce90b13220851e9d,2022,1,4.0495475418605755,3.4458754396066675,2.9592933115692572,3,Human Resources,Team Lead,0.8099095083721151,0.6891750879213335,0.5918586623138514,2.7818863282906134,1.267661213569962,1.8347182548036363,1.6111571848030313,1.2498093227509723,1.709483988818285,0
695c39e7ce90b13220851e9d,2023,2,3.1400582529122074,4.62700936245259,1.9136816207316256,3,Human Resources,Team Lead,0.6280116505824415,0.925401872490518,0.38273632414632514,4.0495475418605755,-0.9094892889483681,3.4458754396066675,1.1811339228459223,2.9592933115692572,-1.0456116908376316,0
695c39e7ce90b13220851e9d,2024,3,2.586913465235671,1.7316461495198068,3.2055772077385183,3,Human Resources,Team Lead,0.5173826930471341,0.34632922990396137,0.6411154415477036,3.1400582529122074,-0.5531447876765365,4.62700936245259,-2.895363212932783,1.9136816207316256,1.2918955870068927,0
695c39e7ce90b13220851e9d,2025,4,2.7645791785733875,3.1623331289576275,3.4135621167333143,3,Human Resources,Team Lead,0.5529158357146775,0.6324666257915255,0.6827124233466628,2.586913465235671,0.17766571333771664,1.7316461495198068,1.4306869794378207,3.2055772077385183,0.20798490899479605,0
695c39e7ce90b13220851e9e,2021,0,3.571615490231995,4.857325304010031,2.571649137137634,3,Administration,Manager,0.714323098046399,0.9714650608020061,0.5143298274275268,,,,,,,0
695c39e7ce90b13220851e9e,2022,1,2.184376839951995,2.3111194260831773,1.4154728983079088,3,Administration,Manager,0.436875367990399,0.4622238852166355,0.28309457966158175,3.571615490231995,-1.38723865028,4.857325304010031,-2.5462058779268535,2.571649137137634,-1.1561762388297252,1
695c39e7ce90b13220851e9e,2023,2,2.9504261537654095,2.829925793252756,3.046288729029283,3,Administration,Manager,0.590085230753082,0.5659851586505512,0.6092577458058566,2.184376839951995,0.7660493138134146,2.3111194260831773,0.5188063671695788,1.4154728983079088,1.630815830721374,0
695c39e7ce90b13220851e9f,2021,0,3.4319762131238805,3.0636129395257456,2.8097351827347277,3,Human Resources,Senior Manager,0.6863952426247761,0.6127225879051491,0.5619470365469456,,,,,,,0
695c39e7ce90b13220851e9f,2022,1,4.011558012855273,3.8645527231766827,5.0,3,Human Resources,Senior Manager,0.8023116025710546,0.7729105446353366,1.0,3.4319762131238805,0.5795817997313928,3.0636129395257456,0.8009397836509371,2.8097351827347277,2.1902648172652723,0
695c39e7ce90b13220851e9f,2023,2,2.4448175701090484,3.4879337366273733,3.2489180811696374,3,Human Resources,Senior Manager,0.4889635140218097,0.6975867473254747,0.6497836162339274,4.011558012855273,-1.5667404427462248,3.8645527231766827,-0.3766189865493095,5.0,-1.7510819188303626,0
695c39e7ce90b13220851e9f,2024,3,3.060310233927332,3.4357535933249683,3.1389158748764725,3,Human Resources,Senior Manager,0.6120620467854664,0.6871507186649937,0.6277831749752945,2.4448175701090484,0.6154926638182836,3.4879337366273733,-0.05218014330240495,3.2489180811696374,-0.11000220629316493,0
695c39e7ce90b13220851e9f,2025,4,4.254020654777761,4.212234807846912,3.6244924843488686,3,Human Resources,Senior Manager,0.8508041309555521,0.8424469615693824,0.7248984968697737,3.060310233927332,1.1937104208504286,3.4357535933249683,0.7764812145219433,3.1389158748764725,0.4855766094723961,0
695c39e7ce90b13220851ea0,2021,0,2.393158274103,3.9160997028373803,3.185636046160043,3,Information Technology,Associate Software Engineer,0.4786316548206,0.783219940567476,0.6371272092320086,,,,,,,0
695c39e7ce90b13220851ea1,2021,0,1.4504792460376361,1.8276086777254061,1.4895305909997059,3,Human Resources,Assistant Manager,0.29009584920752723,0.3655217355450812,0.2979061181999412,,,,,,,1
695c39e7ce90b13220851ea1,2022,1,2.9703402865389217,3.3562252925208877,4.398059066798431,3,Human Resources,Assistant Manager,0.5940680573077843,0.6712450585041776,0.8796118133596862,1.4504792460376361,1.5198610405012856,1.8276086777254061,1.5286166147954816,1.4895305909997059,2.908528475798725,0
695c39e7ce90b13220851ea2,2021,0,3.3322499096739775,4.37164347287586,3.9612088409888435,3,Administration,Team Lead,0.6664499819347955,0.874328694575172,0.7922417681977687,,,,,,,0
695c39e7ce90b13220851ea2,2022,1,2.320525110729543,3.2803743893867194,2.921948222359265,3,Administration,Team Lead,0.46410502214590854,0.6560748778773439,0.584389644471853,3.3322499096739775,-1.0117247989444347,4.37164347287586,-1.0912690834891405,3.9612088409888435,-1.0392606186295783,1
695c39e7ce90b13220851ea2,2023,2,3.357718512031856,3.3546698518681537,3.221753480578112,3,Administration,Team Lead,0.6715437024063712,0.6709339703736308,0.6443506961156225,2.320525110729543,1.037193401302313,3.2803743893867194,0.07429546248143426,2.921948222359265,0.29980525821884685,0
695c39e7ce90b13220851ea3,2021,0,2.7005815576113266,2.6052936640976423,2.4973770100124413,3,Administration,Team Lead,0.5401163115222654,0.5210587328195284,0.49947540200248824,,,,,,,0
695c39e7ce90b13220851ea3,2022,1,2.6420154724241396,3.893461287262021,3.0161644808628623,3,Administration,Team Lead,0.5284030944848279,0.7786922574524042,0.6032328961725725,2.7005815576113266,-0.05856608518718698,2.6052936640976423,1.2881676231643788,2.4973770100124413,0.518787470850421,0
695c39e7ce90b13220851ea3,2023,2,2.3258132989314833,4.090915027806857,3.3814963867348116,3,Administration,Team Lead,0.4651626597862967,0.8181830055613715,0.6762992773469623,2.6420154724241396,-0.31620217349265634,3.893461287262021,0.197453740544836,3.0161644808628623,0.3653319058719493,0
695c39e7ce90b13220851ea3,2024,3,1.648094717721964,1.0213269752601262,1.52564355771917,3,Administration,Team Lead,0.3296189435443928,0.20426539505202523,0.30512871154383403,2.3258132989314833,-0.6777185812095192,4.090915027806857,-3.069588052546731,3.3814963867348116,-1.8558528290156415,1
695c39e7ce90b13220851ea3,2025,4,2.7817795614751315,2.749462669284064,2.5916158059835768,3,Administration,Team Lead,0.5563559122950263,0.5498925338568128,0.5183231611967154,1.648094717721964,1.1336848437531675,1.0213269752601262,1.7281356940239379,1.52564355771917,1.0659722482644067,0
695c39e7ce90b13220851ea4,2021,0,3.364619954630988,4.154526047067812,3.471350581690471,3,Administration,General Manager,0.6729239909261976,0.8309052094135623,0.6942701163380942,,,,,,,0
695c39e7ce90b13220851ea5,2021,0,3.200199588464307,2.7171861895537166,3.625437436086699,3,Human Resources,Team Lead,0.6400399176928614,0.5434372379107433,0.7250874872173398,,,,,,,0
695c39e7ce90b13220851ea5,2022,1,1.0458896950167849,1.4439422378959776,1.4953394061832155,3,Human Resources,Team Lead,0.20917793900335696,0.28878844757919553,0.2990678812366431,3.200199588464307,-2.154309893447522,2.7171861895537166,-1.273243951657739,3.625437436086699,-2.1300980299034835,1
695c39e7ce90b13220851ea5,2023,2,4.696382549049423,4.417443847216401,3.2095593463421737,3,Human Resources,Team Lead,0.9392765098098845,0.8834887694432801,0.6419118692684347,1.0458896950167849,3.650492854032638,1.4439422378959776,2.973501609320423,1.4953394061832155,1.7142199401589582,0
695c39e7ce90b13220851ea6,2021,0,2.726239435292544,2.487228846192674,3.4859560052260203,3,Administration,Assistant General Manager,0.5452478870585088,0.49744576923853484,0.697191201045204,,,,,,,0
695c39e7ce90b13220851ea6,2022,1,3.0519378482217014,2.6790247767019633,2.9489948575071137,3,Administration,Assistant General Manager,0.6103875696443403,0.5358049553403926,0.5897989715014227,2.726239435292544,0.3256984129291576,2.487228846192674,0.19179593050928911,3.4859560052260203,-0.5369611477189067,0
695c39e7ce90b13220851ea6,2023,2,2.975636594870675,3.4151119641678123,4.337772451446611,3,Administration,Assistant General Manager,0.5951273189741351,0.6830223928335625,0.8675544902893222,3.0519378482217014,-0.07630125335102633,2.6790247767019633,0.736087187465849,2.9489948575071137,1.3887775939394973,0
695c39e7ce90b13220851ea6,2024,3,3.363919754124323,3.5350042534257176,2.6084564682210396,3,Administration,Assistant General Manager,0.6727839508248646,0.7070008506851435,0.521691293644208,2.975636594870675,0.388283159253648,3.4151119641678123,0.1198922892579053,4.337772451446611,-1.7293159832255713,0
695c39e7ce90b13220851ea6,2025,4,4.110689797038922,3.4022541733194105,2.8179119119405236,3,Administration,Assistant General Manager,0.8221379594077843,0.6804508346638821,0.5635823823881048,3.363919754124323,0.7467700429145987,3.5350042534257176,-0.13275008010630707,2.6084564682210396,0.209455443719484,0
695c39e7ce90b13220851ea7,2021,0,3.5277493619829157,3.6082233208338543,4.093850503527872,3,Human Resources,Senior Manager,0.7055498723965832,0.7216446641667709,0.8187701007055743,,,,,,,0
695c39e7ce90b13220851ea7,2022,1,4.524227924059968,3.697149730542492,3.7020333129443883,3,Human Resources,Senior Manager,0.9048455848119936,0.7394299461084983,0.7404066625888777,3.5277493619829157,0.9964785620770522,3.6082233208338543,0.08892640970863752,4.093850503527872,-0.3918171905834833,0
695c39e7ce90b13220851ea7,2023,2,3.8095964175994284,4.250309486503703,3.802252876142448,3,Human Resources,Senior Manager,0.7619192835198857,0.8500618973007406,0.7604505752284896,4.524227924059968,-0.7146315064605395,3.697149730542492,0.5531597559612109,3.7020333129443883,0.1002195631980598,0
695c39e7ce90b13220851ea7,2024,3,4.302333540651544,3.097974659699025,3.6441778496767894,3,Human Resources,Senior Manager,0.8604667081303088,0.619594931939805,0.7288355699353579,3.8095964175994284,0.4927371230521156,4.250309486503703,-1.1523348268046778,3.802252876142448,-0.15807502646565874,0
695c39e7ce90b13220851ea7,2025,4,4.429161168573149,3.7250963884839274,4.156000257988557,3,Human Resources,Senior Manager,0.8858322337146298,0.7450192776967854,0.8312000515977115,4.302333540651544,0.12682762792160496,3.097974659699025,0.6271217287849025,3.6441778496767894,0.511822408311768,0
695c39e7ce90b13220851ea8,2021,0,1.7287467231936904,2.111298869689163,3.194863799237639,3,Human Resources,Assistant General Manager,0.3457493446387381,0.4222597739378326,0.6389727598475278,,,,,,,0
695c39e7ce90b13220851ea8,2022,1,3.272813454814629,2.481618400300766,2.95975007562074,3,Human Resources,Assistant General Manager,0.6545626909629257,0.4963236800601532,0.591950015124148,1.7287467231936904,1.5440667316209384,2.111298869689163,0.37031953061160294,3.194863799237639,-0.23511372361689897,0
695c39e7ce90b13220851ea8,2023,2,2.884339638454882,3.0947455899098184,3.4895190553408755,3,Human Resources,Assistant General Manager,0.5768679276909764,0.6189491179819637,0.6979038110681751,3.272813454814629,-0.38847381635974676,2.481618400300766,0.6131271896090524,2.95975007562074,0.5297689797201355,0
695c39e7ce90b13220851ea8,2024,3,2.1279809205866513,2.637859312592526,3.0944248763001463,3,Human Resources,Assistant General Manager,0.42559618411733025,0.5275718625185052,0.6188849752600293,2.884339638454882,-0.7563587178682307,3.0947455899098184,-0.4568862773172926,3.4895190553408755,-0.3950941790407292,0
695c39e7ce90b13220851ea8,2025,4,3.229455484911681,2.0297959415495486,2.777774303411858,3,Human Resources,Assistant General Manager,0.6458910969823363,0.40595918830990974,0.5555548606823716,2.1279809205866513,1.1014745643250299,2.637859312592526,-0.6080633710429773,3.0944248763001463,-0.31665057288828846,0
695c39e7ce90b13220851ea9,2021,0,2.1599791846073355,1.9549217677480155,2.1242933663777834,3,Human Resources,General Manager,0.4319958369214671,0.3909843535496031,0.4248586732755567,,,,,,,1
695c39e7ce90b13220851ea9,2022,1,2.3578637844069616,4.32778419259281,2.8846062866113567,3,Human Resources,General Manager,0.47157275688139233,0.8655568385185621,0.5769212573222713,2.1599791846073355,0.19788459979962614,1.9549217677480155,2.372862424844795,2.1242933663777834,0.7603129202335732,0
695c39e7ce90b13220851eaa,2021,0,3.6800908374235286,2.6932760918645906,3.377901641878016,3,Administration,Senior Executive,0.7360181674847057,0.5386552183729181,0.6755803283756032,,,,,,,0
695c39e7ce90b13220851eaa,2022,1,2.6327484434188646,2.9396765484370713,4.353843538360854,3,Administration,Senior Executive,0.5265496886837729,0.5879353096874143,0.8707687076721708,3.6800908374235286,-1.047342394004664,2.6932760918645906,0.24640045657248066,3.377901641878016,0.9759418964828379,0
695c39e7ce90b13220851eaa,2023,2,4.795762408453095,4.237086488820052,3.1814946841854996,3,Administration,Senior Executive,0.9591524816906191,0.8474172977640103,0.6362989368370999,2.6327484434188646,2.1630139650342306,2.9396765484370713,1.2974099403829804,4.353843538360854,-1.1723488541753544,0
695c39e7ce90b13220851eaa,2024,3,3.379479296627319,2.7278274292375464,2.1136727753634714,3,Administration,Senior Executive,0.6758958593254638,0.5455654858475093,0.4227345550726943,4.795762408453095,-1.4162831118257762,4.237086488820052,-1.5092590595825053,3.1814946841854996,-1.0678219088220282,0
695c39e7ce90b13220851eaa,2025,4,3.87188355299395,2.9368807838812647,2.7373058574110534,3,Administration,Senior Executive,0.77437671059879,0.587376156776253,0.5474611714822106,3.379479296627319,0.4924042563666311,2.7278274292375464,0.20905335464371833,2.1136727753634714,0.6236330820475819,0
695c39e7ce90b13220851eab,2021,0,2.287132429382707,3.6184386001381013,3.8874821521263634,3,Information Technology,Senior UI/UX Designer,0.4574264858765414,0.7236877200276203,0.7774964304252727,,,,,,,0
695c39e7ce90b13220851eab,2022,1,1.336035656110792,1.5844292700882376,2.3352994985267546,3,Information Technology,Senior UI/UX Designer,0.2672071312221584,0.3168858540176475,0.4670598997053509,2.287132429382707,-0.9510967732719149,3.6184386001381013,-2.0340093300498636,3.8874821521263634,-1.5521826535996088,1
695c39e7ce90b13220851eab,2023,2,3.507371148287334,3.9931715084659616,3.6636707590697544,3,Information Technology,Senior UI/UX Designer,0.7014742296574668,0.7986343016931923,0.7327341518139509,1.336035656110792,2.171335492176542,1.5844292700882376,2.408742238377724,2.3352994985267546,1.3283712605429998,0
695c39e7ce90b13220851eac,2021,0,2.9050778379450404,2.7073673101402265,2.60240119748282,3,Administration,Team Lead,0.5810155675890081,0.5414734620280452,0.520480239496564,,,,,,,0
695c39e7ce90b13220851eac,2022,1,1.9413099126222693,2.9923858623217097,2.734405595654094,3,Administration,Team Lead,0.3882619825244539,0.598477172464342,0.5468811191308187,2.9050778379450404,-0.9637679253227711,2.7073673101402265,0.2850185521814832,2.60240119748282,0.13200439817127396,0
695c39e7ce90b13220851eac,2023,2,2.939436595935228,1.753739113573022,1.2707722153781948,3,Administration,Team Lead,0.5878873191870456,0.3507478227146044,0.25415444307563895,1.9413099126222693,0.9981266833129587,2.9923858623217097,-1.2386467487486876,2.734405595654094,-1.463633380275899,0
695c39e7ce90b13220851eac,2024,3,1.4221037227918476,2.773794942518441,2.94799761349011,3,Administration,Team Lead,0.2844207445583695,0.5547589885036882,0.589599522698022,2.939436595935228,-1.5173328731433804,1.753739113573022,1.0200558289454191,1.2707722153781948,1.677225398111915,0
695c39e7ce90b13220851eac,2025,4,2.747694058224232,1.7717532820399287,2.2403692304340135,3,Administration,Team Lead,0.5495388116448464,0.35435065640798574,0.4480738460868027,1.4221037227918476,1.3255903354323846,2.773794942518441,-1.0020416604785125,2.94799761349011,-0.7076283830560963,0
695c39e7ce90b13220851ead,2021,0,2.402439460481221,3.895305323336397,4.123496553808123,3,Human Resources,Team Lead,0.4804878920962442,0.7790610646672793,0.8246993107616246,,,,,,,0
695c39e7ce90b13220851ead,2022,1,2.7114446395135303,3.210170391045381,1.3590429871686067,3,Human Resources,Team Lead,0.5422889279027061,0.6420340782090762,0.2718085974337213,2.402439460481221,0.3090051790323094,3.895305323336397,-0.6851349322910156,4.123496553808123,-2.7644535666395162,1
695c39e7ce90b13220851ead,2023,2,3.0208850880466604,3.5619628132507044,2.905121924020546,3,Human Resources,Team Lead,0.6041770176093321,0.7123925626501408,0.5810243848041092,2.7114446395135303,0.30944044853313013,3.210170391045381,0.35179242220532325,1.3590429871686067,1.5460789368519394,0
695c39e7ce90b13220851eae,2021,0,4.412292700620118,3.5331619398945806,4.869902121955008,3,Information Technology,Associate QA Engineer,0.8824585401240237,0.7066323879789161,0.9739804243910015,,,,,,,0
695c39e7ce90b13220851eae,2022,1,3.904247927963087,3.990272095445194,4.187901624107699,3,Information Technology,Associate QA Engineer,0.7808495855926174,0.7980544190890388,0.8375803248215398,4.412292700620118,-0.5080447726570312,3.5331619398945806,0.4571101555506134,4.869902121955008,-0.6820004978473087,0
695c39e7ce90b13220851eae,2023,2,2.4146032916006837,2.6643370014960484,3.240379656623885,3,Information Technology,Associate QA Engineer,0.48292065832013675,0.5328674002992096,0.648075931324777,3.904247927963087,-1.4896446363624034,3.990272095445194,-1.3259350939491457,4.187901624107699,-0.947521967483814,0
695c39e7ce90b13220851eae,2024,3,3.0717881671079774,3.2508709054067912,4.503656980080355,3,Information Technology,Associate QA Engineer,0.6143576334215954,0.6501741810813583,0.900731396016071,2.4146032916006837,0.6571848755072938,2.6643370014960484,0.5865339039107429,3.240379656623885,1.26327732345647,0
695c39e7ce90b13220851eae,2025,4,2.2393857025581374,3.4672806610998936,2.8703226036199196,3,Information Technology,Associate QA Engineer,0.44787714051162747,0.6934561322199787,0.574064520723984,3.0717881671079774,-0.83240246454984,3.2508709054067912,0.2164097556931024,4.503656980080355,-1.6333343764604353,0
695c39e7ce90b13220851eaf,2021,0,4.5733364931586165,4.751787949438539,4.214998123037704,3,Administration,General Manager,0.9146672986317232,0.9503575898877077,0.8429996246075409,,,,,,,0
695c39e7ce90b13220851eb0,2021,0,1.747573830768188,1.0,1.9101846091584882,3,Administration,Assistant Manager,0.34951476615363763,0.2,0.38203692183169763,,,,,,,1
695c39e7ce90b13220851eb0,2022,1,2.548480574716219,2.1317837623489293,2.3090578673843734,3,Administration,Assistant Manager,0.5096961149432438,0.4263567524697859,0.4618115734768747,1.747573830768188,0.8009067439480311,1.0,1.1317837623489293,1.9101846091584882,0.39887325822588515,0
695c39e7ce90b13220851eb1,2021,0,2.1344737016447732,1.7094662419985798,1.6719380471414662,3,Information Technology,Project Manager,0.42689474032895464,0.34189324839971597,0.33438760942829326,,,,,,,1
695c39e7ce90b13220851eb1,2022,1,3.457577162551842,1.0,2.154827591888527,3,Information Technology,Project Manager,0.6915154325103684,0.2,0.4309655183777054,2.1344737016447732,1.3231034609070687,1.7094662419985798,-0.7094662419985798,1.6719380471414662,0.4828895447470609,0
695c39e7ce90b13220851eb2,2021,0,2.8495337550193973,3.1801498592264346,3.094013054313586,3,Human Resources,Associate,0.5699067510038794,0.6360299718452869,0.6188026108627172,,,,,,,0
695c39e7ce90b13220851eb2,2022,1,3.177286574844938,3.5227744908652623,1.9772071044894055,3,Human Resources,Associate,0.6354573149689876,0.7045548981730525,0.3954414208978811,2.8495337550193973,0.3277528198255406,3.1801498592264346,0.3426246316388277,3.094013054313586,-1.1168059498241805,0
695c39e7ce90b13220851eb2,2023,2,2.583335459125072,2.6428852420201876,2.6717789502051934,3,Human Resources,Associate,0.5166670918250145,0.5285770484040375,0.5343557900410387,3.177286574844938,-0.5939511157198658,3.5227744908652623,-0.8798892488450747,1.9772071044894055,0.6945718457157879,0
695c39e7ce90b13220851eb2,2024,3,2.2554834924454914,2.0542639869219297,2.885282923007722,3,Human Resources,Associate,0.4510966984890983,0.41085279738438596,0.5770565846015444,2.583335459125072,-0.3278519666795807,2.6428852420201876,-0.5886212550982579,2.6717789502051934,0.21350397280252853,0
695c39e7ce90b13220851eb2,2025,4,3.225363710385389,2.1680757540810434,2.5769527192810116,3,Human Resources,Associate,0.6450727420770778,0.43361515081620866,0.5153905438562023,2.2554834924454914,0.9698802179398975,2.0542639869219297,0.11381176715911367,2.885282923007722,-0.3083302037267104,0
695c39e7ce90b13220851eb3,2021,0,3.471372845977322,2.826213993722568,3.36722618092777,3,Human Resources,Manager,0.6942745691954644,0.5652427987445136,0.6734452361855541,,,,,,,0
695c39e7ce90b13220851eb3,2022,1,2.9505878603330915,2.561130373122083,2.779775988483114,3,Human Resources,Manager,0.5901175720666183,0.5122260746244166,0.5559551976966228,3.471372845977322,-0.5207849856442306,2.826213993722568,-0.26508362060048496,3.36722618092777,-0.5874501924446562,0
695c39e7ce90b13220851eb3,2023,2,2.448110185460163,2.0228029793432922,2.613724309525227,3,Human Resources,Manager,0.4896220370920326,0.40456059586865845,0.5227448619050454,2.9505878603330915,-0.5024776748729285,2.561130373122083,-0.5383273937787907,2.779775988483114,-0.16605167895788675,1
695c39e7ce90b13220851eb3,2024,3,3.0812493756740573,3.0373852543963333,2.1819007649891327,3,Human Resources,Manager,0.6162498751348114,0.6074770508792666,0.4363801529978265,2.448110185460163,0.6331391902138943,2.0228029793432922,1.014582275053041,2.613724309525227,-0.4318235445360945,0
695c39e7ce90b13220851eb4,2021,0,3.167157371167542,3.344555582011182,4.020719021880645,3,Human Resources,Assistant General Manager,0.6334314742335084,0.6689111164022364,0.8041438043761289,,,,,,,0
695c39e7ce90b13220851eb4,2022,1,1.8268335432782918,1.6497252723456093,1.779787552227563,3,Human Resources,Assistant General Manager,0.36536670865565835,0.32994505446912187,0.3559575104455126,3.167157371167542,-1.3403238278892502,3.344555582011182,-1.6948303096655728,4.020719021880645,-2.2409314696530815,1
695c39e7ce90b13220851eb4,2023,2,3.8488096098348015,3.8551425274371214,5.0,3,Human Resources,Assistant General Manager,0.7697619219669602,0.7710285054874243,1.0,1.8268335432782918,2.0219760665565096,1.6497252723456093,2.205417255091512,1.779787552227563,3.220212447772437,0
695c39e7ce90b13220851eb5,2021,0,3.229775296376661,2.585223168497229,4.468089604916198,3,Information Technology,Senior Software Engineer,0.6459550592753323,0.5170446336994459,0.8936179209832396,,,,,,,0
695c39e7ce90b13220851eb5,2022,1,1.953012678089677,1.7443723611686726,3.406185453031355,3,Information Technology,Senior Software Engineer,0.3906025356179354,0.3488744722337345,0.681237090606271,3.229775296376661,-1.276762618286984,2.585223168497229,-0.8408508073285565,4.468089604916198,-1.061904151884843,0
695c39e7ce90b13220851eb5,2023,2,3.3389299623733066,2.316167684550452,3.513649566598416,3,Information Technology,Senior Software Engineer,0.6677859924746613,0.4632335369100904,0.7027299133196833,1.953012678089677,1.3859172842836296,1.7443723611686726,0.5717953233817794,3.406185453031355,0.10746411356706131,0
695c39e7ce90b13220851eb5,2024,3,3.8608841426268343,2.3342184609809755,3.195987788647183,3,Information Technology,Senior Software Engineer,0.7721768285253668,0.4668436921961951,0.6391975577294365,3.3389299623733066,0.5219541802535277,2.316167684550452,0.018050776430523552,3.513649566598416,-0.3176617779512334,0
695c39e7ce90b13220851eb5,2025,4,2.750993961991304,4.498305770039444,3.5638415180514267,3,Information Technology,Senior Software Engineer,0.5501987923982609,0.8996611540078888,0.7127683036102853,3.8608841426268343,-1.1098901806355301,2.3342184609809755,2.1640873090584685,3.195987788647183,0.3678537294042439,0
695c39e7ce90b13220851eb6,2021,0,4.698879384834203,4.6764507947629355,3.4035204722730255,3,Human Resources,Team Lead,0.9397758769668407,0.935290158952587,0.6807040944546051,,,,,,,0
695c39e7ce90b13220851eb6,2022,1,4.609798839084577,4.490219248810366,3.041270635509294,3,Human Resources,Team Lead,0.9219597678169155,0.8980438497620732,0.6082541271018588,4.698879384834203,-0.08908054574962598,4.6764507947629355,-0.18623154595256963,3.4035204722730255,-0.36224983676373146,0
695c39e7ce90b13220851eb6,2023,2,3.8275613187636526,3.63317643705349,3.0608231607513243,3,Human Resources,Team Lead,0.7655122637527305,0.726635287410698,0.6121646321502648,4.609798839084577,-0.7822375203209249,4.490219248810366,-0.8570428117568758,3.041270635509294,0.019552525242030327,0
695c39e7ce90b13220851eb6,2024,3,1.425868124818864,1.4179611513859582,1.138662433086047,3,Human Resources,Team Lead,0.2851736249637728,0.28359223027719166,0.2277324866172094,3.8275613187636526,-2.4016931939447885,3.63317643705349,-2.215215285667532,3.0608231607513243,-1.9221607276652772,1
695c39e7ce90b13220851eb6,2025,4,3.8866204973870038,3.689776822501544,3.8905013772514576,3,Human Resources,Team Lead,0.7773240994774008,0.7379553645003087,0.7781002754502915,1.425868124818864,2.4607523725681397,1.4179611513859582,2.2718156711155855,1.138662433086047,2.7518389441654105,0
695c39e7ce90b13220851eb7,2021,0,2.5863798211432822,3.6912916682547467,2.530119942849872,3,Administration,Senior Executive,0.5172759642286564,0.7382583336509494,0.5060239885699744,,,,,,,0
695c39e7ce90b13220851eb7,2022,1,3.589583784872425,4.088789717614253,3.086993705955501,3,Administration,Senior Executive,0.717916756974485,0.8177579435228506,0.6173987411911002,2.5863798211432822,1.0032039637291428,3.6912916682547467,0.39749804935950594,2.530119942849872,0.5568737631056289,0
695c39e7ce90b13220851eb7,2023,2,3.972036345149238,4.0927989742114805,2.67232458941293,3,Administration,Senior Executive,0.7944072690298476,0.8185597948422961,0.534464917882586,3.589583784872425,0.3824525602768132,4.088789717614253,0.004009256597227839,3.086993705955501,-0.41466911654257066,0
695c39e7ce90b13220851eb7,2024,3,2.3781784802169854,2.1903032218528686,1.2043639349734359,3,Administration,Senior Executive,0.47563569604339706,0.43806064437057374,0.24087278699468717,3.972036345149238,-1.5938578649322528,4.0927989742114805,-1.902495752358612,2.67232458941293,-1.4679606544394943,1
695c39e7ce90b13220851eb7,2025,4,3.7970256081468614,4.00771291045843,3.411702566355106,3,Administration,Senior Executive,0.7594051216293722,0.801542582091686,0.6823405132710212,2.3781784802169854,1.418847127929876,2.1903032218528686,1.8174096886055615,1.2043639349734359,2.20733863138167,0
695c39e7ce90b13220851eb8,2021,0,2.7787512030353723,2.7935923455638845,3.6805276891656886,3,Administration,Executive,0.5557502406070745,0.5587184691127769,0.7361055378331377,,,,,,,0
695c39e7ce90b13220851eb9,2021,0,3.8246855709193475,4.237045258133291,3.2414639225790554,3,Information Technology,Associate QA Engineer,0.7649371141838694,0.8474090516266581,0.6482927845158111,,,,,,,0
695c39e7ce90b13220851eba,2021,0,3.270330740491467,2.3966692141878947,4.325912146768327,3,Human Resources,Associate,0.6540661480982934,0.47933384283757896,0.8651824293536654,,,,,,,0
695c39e7ce90b13220851eba,2022,1,4.339183212386708,3.2733496002192615,3.4349409662722117,3,Human Resources,Associate,0.8678366424773415,0.6546699200438523,0.6869881932544424,3.270330740491467,1.0688524718952404,2.3966692141878947,0.8766803860313668,4.325912146768327,-0.8909711804961153,0
695c39e7ce90b13220851eba,2023,2,2.623569872392238,3.1821211635880378,3.3190195275826317,3,Human Resources,Associate,0.5247139744784476,0.6364242327176075,0.6638039055165263,4.339183212386708,-1.7156133399944697,3.2733496002192615,-0.09122843663122371,3.4349409662722117,-0.11592143868957994,0
695c39e7ce90b13220851eba,2024,3,3.0621588487587084,3.5680724112025954,3.520837027360954,3,Human Resources,Associate,0.6124317697517416,0.713614482240519,0.7041674054721908,2.623569872392238,0.43858897636647054,3.1821211635880378,0.3859512476145577,3.3190195275826317,0.20181749977832242,0
695c39e7ce90b13220851eba,2025,4,2.5540035261959524,2.244869413007699,3.390282491169484,3,Human Resources,Associate,0.5108007052391905,0.4489738826015398,0.6780564982338968,3.0621588487587084,-0.508155322562756,3.5680724112025954,-1.3232029981948963,3.520837027360954,-0.13055453619146995,0
695c39e7ce90b13220851ebb,2021,0,1.7556190790683597,3.150484041471112,3.0161225273018806,3,Administration,Assistant General Manager,0.3511238158136719,0.6300968082942224,0.6032245054603761,,,,,,,0
695c39e7ce90b13220851ebb,2022,1,4.1257732098861375,1.9170568052851338,3.5795189996668233,3,Administration,Assistant General Manager,0.8251546419772275,0.3834113610570268,0.7159037999333646,1.7556190790683597,2.370154130817778,3.150484041471112,-1.2334272361859782,3.0161225273018806,0.5633964723649427,0
695c39e7ce90b13220851ebb,2023,2,3.151317832924234,4.357462269568907,3.9331989497532076,3,Administration,Assistant General Manager,0.6302635665848468,0.8714924539137814,0.7866397899506415,4.1257732098861375,-0.9744553769619033,1.9170568052851338,2.440405464283773,3.5795189996668233,0.3536799500863843,0
695c39e7ce90b13220851ebb,2024,3,2.077746218257689,2.3107963819390003,2.1680101237105616,3,Administration,Assistant General Manager,0.41554924365153784,0.4621592763878001,0.4336020247421123,3.151317832924234,-1.073571614666545,4.357462269568907,-2.0466658876299064,3.9331989497532076,-1.765188826042646,1
695c39e7ce90b13220851ebb,2025,4,1.4668822681964926,1.391630123235152,1.4745418402974413,3,Administration,Assistant General Manager,0.29337645363929854,0.2783260246470304,0.2949083680594883,2.077746218257689,-0.6108639500611965,2.3107963819390003,-0.9191662587038483,2.1680101237105616,-0.6934682834131203,0
695c39e7ce90b13220851ebc,2021,0,2.5868894996379765,3.421967240448338,2.789550019790841,3,Information Technology,Associate QA Engineer,0.5173778999275953,0.6843934480896676,0.5579100039581683,,,,,,,0
695c39e7ce90b13220851ebc,2022,1,4.578028233630835,2.725757665008912,3.7893201281414663,3,Information Technology,Associate QA Engineer,0.9156056467261671,0.5451515330017824,0.7578640256282932,2.5868894996379765,1.9911387339928588,3.421967240448338,-0.696209575439426,2.789550019790841,0.9997701083506252,0
695c39e7ce90b13220851ebc,2023,2,3.489018925374395,2.828739133933536,4.290383954874137,3,Information Technology,Associate QA Engineer,0.6978037850748791,0.5657478267867072,0.8580767909748275,4.578028233630835,-1.0890093082564403,2.725757665008912,0.10298146892462379,3.7893201281414663,0.501063826732671,0
695c39e7ce90b13220851ebc,2024,3,3.7288260876511115,3.2231976727365774,5.0,3,Information Technology,Associate QA Engineer,0.7457652175302223,0.6446395345473155,1.0,3.489018925374395,0.2398071622767164,2.828739133933536,0.3944585388030415,4.290383954874137,0.7096160451258626,1
695c39e7ce90b13220851ebc,2025,4,2.8386512095923626,2.0020091175940697,2.514798087534958,3,Information Technology,Associate QA Engineer,0.5677302419184725,0.4004018235188139,0.5029596175069916,3.7288260876511115,-0.8901748780587488,3.2231976727365774,-1.2211885551425077,5.0,-2.485201912465042,0
695c39e7ce90b13220851ebd,2021,0,3.230658685846101,2.999642182558995,3.925006923428528,3,Human Resources,Assistant Manager,0.6461317371692201,0.5999284365117991,0.7850013846857056,,,,,,,0
695c39e7ce90b13220851ebd,2022,1,3.0665690718679457,2.590946702266621,1.9790124258227644,3,Human Resources,Assistant Manager,0.6133138143735891,0.5181893404533242,0.39580248516455285,3.230658685846101,-0.16408961397815514,2.999642182558995,-0.4086954802923741,3.925006923428528,-1.9459944976057637,1
695c39e7ce90b13220851ebd,2023,2,4.011230074978373,3.3126553844228015,1.2509297951800933,3,Human Resources,Assistant Manager,0.8022460149956746,0.6625310768845603,0.25018595903601865,3.0665690718679457,0.9446610031104274,2.590946702266621,0.7217086821561804,1.9790124258227644,-0.7280826306426711,0
695c39e7ce90b13220851ebe,2021,0,3.5655099014832796,3.7494289626607973,2.9954602665266505,3,Administration,Team Lead,0.713101980296656,0.7498857925321595,0.5990920533053301,,,,,,,0
695c39e7ce90b13220851ebe,2022,1,4.348877458026922,5.0,4.381185888810233,3,Administration,Team Lead,0.8697754916053844,1.0,0.8762371777620466,3.5655099014832796,0.7833675565436424,3.7494289626607973,1.2505710373392027,2.9954602665266505,1.3857256222835823,0
695c39e7ce90b13220851ebe,2023,2,4.862340054034475,2.6365025240932067,2.7491475425845424,3,Administration,Team Lead,0.972468010806895,0.5273005048186413,0.5498295085169085,4.348877458026922,0.5134625960075532,5.0,-2.3634974759067933,4.381185888810233,-1.6320383462256904,0
695c39e7ce90b13220851ebe,2024,3,3.049697735117943,3.2821999098548154,3.980156505867277,3,Administration,Team Lead,0.6099395470235887,0.6564399819709631,0.7960313011734554,4.862340054034475,-1.8126423189165322,2.6365025240932067,0.6456973857616086,2.7491475425845424,1.2310089632827346,1
695c39e7ce90b13220851ebe,2025,4,2.059980948679046,3.0702901435760355,2.732332571326983,3,Administration,Team Lead,0.4119961897358092,0.6140580287152071,0.5464665142653966,3.049697735117943,-0.9897167864388972,3.2821999098548154,-0.2119097662787799,3.980156505867277,-1.247823934540294,0
695c39e7ce90b13220851ebf,2021,0,3.023773739999448,2.6459562438538926,3.6097432351400913,3,Human Resources,Executive,0.6047547479998896,0.5291912487707785,0.7219486470280183,,,,,,,0
695c39e7ce90b13220851ebf,2022,1,3.805497158185605,3.3641503031780897,2.8453436527494858,3,Human Resources,Executive,0.761099431637121,0.6728300606356179,0.5690687305498972,3.023773739999448,0.7817234181861568,2.6459562438538926,0.7181940593241971,3.6097432351400913,-0.7643995823906056,0
695c39e7ce90b13220851ebf,2023,2,4.200852995330745,3.796224966422173,3.154925546447073,3,Human Resources,Executive,0.840170599066149,0.7592449932844346,0.6309851092894145,3.805497158185605,0.3953558371451402,3.3641503031780897,0.4320746632440833,2.8453436527494858,0.30958189369758715,0
695c39e7ce90b13220851ebf,2024,3,2.5755796132885314,2.3655036409047403,2.70671658277567,3,Human Resources,Executive,0.5151159226577062,0.47310072818094806,0.541343316555134,4.200852995330745,-1.6252733820422138,3.796224966422173,-1.4307213255174327,3.154925546447073,-0.44820896367140284,0
695c39e7ce90b13220851ebf,2025,4,3.868437070579504,4.142820038378964,4.1824279703408775,3,Human Resources,Executive,0.7736874141159008,0.8285640076757929,0.8364855940681755,2.5755796132885314,1.2928574572909728,2.3655036409047403,1.777316397474224,2.70671658277567,1.4757113875652075,0
695c39e7ce90b13220851ec0,2021,0,2.30437353782017,2.5077725690516384,1.9352405392407745,3,Human Resources,Assistant Manager,0.46087470756403404,0.5015545138103277,0.3870481078481549,,,,,,,0
695c39e7ce90b13220851ec0,2022,1,2.9625587359573338,3.657001221240169,2.6267717917179647,3,Human Resources,Assistant Manager,0.5925117471914667,0.7314002442480338,0.5253543583435929,2.30437353782017,0.6581851981371636,2.5077725690516384,1.1492286521885307,1.9352405392407745,0.6915312524771902,0
695c39e7ce90b13220851ec0,2023,2,4.293290902931919,2.660637551728743,3.5133128585958553,3,Human Resources,Assistant Manager,0.8586581805863839,0.5321275103457486,0.702662571719171,2.9625587359573338,1.3307321669745855,3.657001221240169,-0.996363669511426,2.6267717917179647,0.8865410668778906,0
695c39e7ce90b13220851ec0,2024,3,2.807390110119788,3.099572516196284,3.102469513290579,3,Human Resources,Assistant Manager,0.5614780220239576,0.6199145032392568,0.6204939026581158,4.293290902931919,-1.4859007928121315,2.660637551728743,0.4389349644675411,3.5133128585958553,-0.4108433453052762,0
695c39e7ce90b13220851ec0,2025,4,3.187554666826196,2.350780635359099,3.662197473788555,3,Human Resources,Assistant Manager,0.6375109333652392,0.4701561270718198,0.732439494757711,2.807390110119788,0.38016455670640825,3.099572516196284,-0.7487918808371852,3.102469513290579,0.5597279604979759,0
695c39e7ce90b13220851ec1,2021,0,3.8365507397483443,4.080393069346959,3.860551315008003,3,Information Technology,Associate UI/UX Designer,0.7673101479496689,0.8160786138693918,0.7721102630016006,,,,,,,0
695c39e7ce90b13220851ec1,2022,1,3.005504634827462,3.838333023090319,4.681230181361888,3,Information Technology,Associate UI/UX Designer,0.6011009269654923,0.7676666046180638,0.9362460362723777,3.8365507397483443,-0.8310461049208824,4.080393069346959,-0.24206004625664024,3.860551315008003,0.8206788663538855,0
695c39e7ce90b13220851ec1,2023,2,2.8906941961707795,3.39778644910929,2.883427593092532,3,Information Technology,Associate UI/UX Designer,0.5781388392341559,0.679557289821858,0.5766855186185065,3.005504634827462,-0.11481043865668239,3.838333023090319,-0.4405465739810288,4.681230181361888,-1.7978025882693562,1
695c39e7ce90b13220851ec1,2024,3,3.93220117384296,2.6737651941194702,3.8537351002857845,3,Information Technology,Associate UI/UX Designer,0.786440234768592,0.534753038823894,0.7707470200571569,2.8906941961707795,1.0415069776721806,3.39778644910929,-0.72402125498982,2.883427593092532,0.9703075071932523,0
695c39e7ce90b13220851ec2,2021,0,2.5230549347549327,2.9769300815841433,3.486481290404264,3,Information Technology,Architect,0.5046109869509865,0.5953860163168286,0.6972962580808528,,,,,,,0
695c39e7ce90b13220851ec2,2022,1,2.31268499229524,3.130725919312114,2.5297473787027682,3,Information Technology,Architect,0.46253699845904805,0.6261451838624228,0.5059494757405536,2.5230549347549327,-0.21036994245969254,2.9769300815841433,0.15379583772797067,3.486481290404264,-0.9567339117014959,1
695c39e7ce90b13220851ec2,2023,2,3.855291312351762,3.299162291796823,2.985352298403625,3,Information Technology,Architect,0.7710582624703524,0.6598324583593647,0.597070459680725,2.31268499229524,1.5426063200565219,3.130725919312114,0.1684363724847091,2.5297473787027682,0.4556049197008569,0
695c39e7ce90b13220851ec3,2021,0,3.2640483777096687,3.6890100617444577,3.1245347632623286,3,Information Technology,Associate Project Manager,0.6528096755419337,0.7378020123488915,0.6249069526524658,,,,,,,0
695c39e7ce90b13220851ec4,2021,0,2.784035736601849,2.9041353751539254,2.8284918917615713,3,Human Resources,General Manager,0.5568071473203698,0.5808270750307851,0.5656983783523143,,,,,,,0
695c39e7ce90b13220851ec4,2022,1,2.743485182200649,3.4729407077931658,2.9298774726878487,3,Human Resources,General Manager,0.5486970364401298,0.6945881415586331,0.5859754945375697,2.784035736601849,-0.040550554401200145,2.9041353751539254,0.5688053326392404,2.8284918917615713,0.10138558092627736,0
695c39e7ce90b13220851ec4,2023,2,1.0574572719949553,1.0888443240947425,2.286696040297933,3,Human Resources,General Manager,0.21149145439899106,0.2177688648189485,0.4573392080595866,2.743485182200649,-1.6860279102056936,3.4729407077931658,-2.3840963836984232,2.9298774726878487,-0.6431814323899157,1
695c39e7ce90b13220851ec4,2024,3,2.706197589182404,4.459438688486033,2.871251021549269,3,Human Resources,General Manager,0.5412395178364808,0.8918877376972066,0.5742502043098539,1.0574572719949553,1.6487403171874488,1.0888443240947425,3.3705943643912906,2.286696040297933,0.584554981251336,0
695c39e7ce90b13220851ec5,2021,0,2.9195645474356993,3.425056455206486,3.258922293150725,3,Administration,Assistant General Manager,0.5839129094871398,0.6850112910412972,0.651784458630145,,,,,,,0
695c39e7ce90b13220851ec6,2021,0,3.6817044163918937,2.7642691060149494,2.281124520501959,3,Information Technology,Architect,0.7363408832783788,0.5528538212029899,0.4562249041003918,,,,,,,0
695c39e7ce90b13220851ec6,2022,1,2.6295036268589183,3.7350556781731132,2.0989405445688147,3,Information Technology,Architect,0.5259007253717837,0.7470111356346226,0.41978810891376295,3.6817044163918937,-1.0522007895329755,2.7642691060149494,0.9707865721581639,2.281124520501959,-0.18218397593314428,0
695c39e7ce90b13220851ec6,2023,2,1.3266537618088745,1.1288567066910433,2.4637889508032735,3,Information Technology,Architect,0.2653307523617749,0.22577134133820867,0.4927577901606547,2.6295036268589183,-1.3028498650500437,3.7350556781731132,-2.60619897148207,2.0989405445688147,0.3648484062344588,0
695c39e7ce90b13220851ec6,2024,3,3.0910132620838406,3.0137655113411155,3.7704114468772856,3,Information Technology,Architect,0.6182026524167681,0.6027531022682231,0.7540822893754571,1.3266537618088745,1.7643595002749661,1.1288567066910433,1.8849088046500722,2.4637889508032735,1.306622496074012,0
695c39e7ce90b13220851ec6,2025,4,3.4054585527922,3.4199767044580813,2.1762764238814705,3,Information Technology,Architect,0.68109171055844,0.6839953408916163,0.4352552847762941,3.0910132620838406,0.31444529070835925,3.0137655113411155,0.40621119311696585,3.7704114468772856,-1.594135022995815,0
695c39e7ce90b13220851ec7,2021,0,2.267196904731681,2.8273060587799153,3.17435007058339,3,Information Technology,Associate UI/UX Designer,0.4534393809463362,0.5654612117559831,0.634870014116678,,,,,,,0
695c39e7ce90b13220851ec7,2022,1,4.516628128602349,3.9937792746228604,3.1402867330557265,3,Information Technology,Associate UI/UX Designer,0.9033256257204698,0.7987558549245721,0.6280573466111453,2.267196904731681,2.249431223870668,2.8273060587799153,1.1664732158429452,3.17435007058339,-0.03406333752766333,0
695c39e7ce90b13220851ec7,2023,2,3.4289337131910047,3.816757554070257,4.45242299278455,3,Information Technology,Associate UI/UX Designer,0.6857867426382009,0.7633515108140514,0.89048459855691,4.516628128602349,-1.0876944154113444,3.9937792746228604,-0.17702172055260323,3.1402867330557265,1.3121362597288235,0
695c39e7ce90b13220851ec7,2024,3,2.5944136783179337,3.1008730936916247,2.5853163504888714,3,Information Technology,Associate UI/UX Designer,0.5188827356635868,0.6201746187383249,0.5170632700977743,3.4289337131910047,-0.834520034873071,3.816757554070257,-0.7158844603786325,4.45242299278455,-1.8671066422956786,0
695c39e7ce90b13220851ec7,2025,4,3.004339545534143,3.4471956708616025,3.156904164837719,3,Information Technology,Associate UI/UX Designer,0.6008679091068286,0.6894391341723205,0.6313808329675438,2.5944136783179337,0.4099258672162094,3.1008730936916247,0.34632257716997783,2.5853163504888714,0.5715878143488475,0
695c39e7ce90b13220851ec8,2021,0,4.142529414841441,3.8427710284720216,4.127441220972957,3,Administration,Executive,0.8285058829682882,0.7685542056944044,0.8254882441945914,,,,,,,0
695c39e7ce90b13220851ec8,2022,1,4.480048346020411,4.855212204747156,4.457620858256946,3,Administration,Executive,0.8960096692040821,0.9710424409494312,0.8915241716513892,4.142529414841441,0.3375189311789697,3.8427710284720216,1.0124411762751344,4.127441220972957,0.33017963728398847,0
695c39e7ce90b13220851ec8,2023,2,1.2798854644090896,1.2956307258843909,1.535936457947328,3,Administration,Executive,0.2559770928818179,0.25912614517687815,0.3071872915894656,4.480048346020411,-3.200162881611321,4.855212204747156,-3.559581478862765,4.457620858256946,-2.921684400309618,1
695c39e7ce90b13220851ec8,2024,3,4.275731607771837,4.873503603827821,4.6883694676565435,3,Administration,Executive,0.8551463215543673,0.9747007207655642,0.9376738935313087,1.2798854644090896,2.9958461433627472,1.2956307258843909,3.57787287794343,1.535936457947328,3.1524330097092155,0
695c39e7ce90b13220851ec9,2021,0,4.143591469223732,3.8646861873201166,4.477109265453415,3,Administration,Team Lead,0.8287182938447464,0.7729372374640233,0.895421853090683,,,,,,,0
695c39e7ce90b13220851ec9,2022,1,3.05405910433258,2.32469775846537,3.6849465430969914,3,Administration,Team Lead,0.610811820866516,0.464939551693074,0.7369893086193983,4.143591469223732,-1.0895323648911517,3.8646861873201166,-1.5399884288547465,4.477109265453415,-0.7921627223564238,0
695c39e7ce90b13220851ec9,2023,2,3.356709995653905,3.0109894476807044,3.082114088585505,3,Administration,Team Lead,0.671341999130781,0.6021978895361408,0.616422817717101,3.05405910433258,0.30265089132132506,2.32469775846537,0.6862916892153343,3.6849465430969914,-0.6028324545114865,0
695c39e7ce90b13220851ec9,2024,3,2.505558131516902,3.4750943452145555,3.02134762694187,3,Administration,Team Lead,0.5011116263033804,0.6950188690429111,0.604269525388374,3.356709995653905,-0.8511518641370031,3.0109894476807044,0.4641048975338511,3.082114088585505,-0.06076646164363497,0
695c39e7ce90b13220851ec9,2025,4,4.7624672022915835,4.696811439538986,2.404261483414881,3,Administration,Team Lead,0.9524934404583167,0.9393622879077972,0.4808522966829762,2.505558131516902,2.2569090707746815,3.4750943452145555,1.2217170943244304,3.02134762694187,-0.617086143526989,0
695c39e7ce90b13220851eca,2021,0,3.8662807915484687,3.013252252532758,2.0048057373506714,3,Information Technology,Associate QA Engineer,0.7732561583096937,0.6026504505065515,0.4009611474701343,,,,,,,0
695c39e7ce90b13220851ecb,2021,0,4.476710170283245,3.76694357401447,3.9190007545332652,3,Administration,Associate,0.895342034056649,0.753388714802894,0.783800150906653,,,,,,,0
695c39e7ce90b13220851ecb,2022,1,4.084280775843222,4.156418907434826,2.689674933006735,3,Administration,Associate,0.8168561551686444,0.8312837814869652,0.537934986601347,4.476710170283245,-0.3924293944400228,3.76694357401447,0.38947533342035623,3.9190007545332652,-1.2293258215265301,0
695c39e7ce90b13220851ecb,2023,2,3.2612703111897376,3.168551719077558,2.5170801765749315,3,Administration,Associate,0.6522540622379476,0.6337103438155116,0.5034160353149864,4.084280775843222,-0.8230104646534846,4.156418907434826,-0.9878671883572685,2.689674933006735,-0.17259475643180355,0
695c39e7ce90b13220851ecb,2024,3,4.193820392457717,2.8179158892210183,2.655681166879901,3,Administration,Associate,0.8387640784915433,0.5635831778442036,0.5311362333759801,3.2612703111897376,0.932550081267979,3.168551719077558,-0.3506358298565395,2.5170801765749315,0.13860099030496942,0
695c39e7ce90b13220851ecb,2025,4,2.7818736646264677,2.924926039853698,3.5516640709671177,3,Administration,Associate,0.5563747329252935,0.5849852079707396,0.7103328141934235,4.193820392457717,-1.411946727831249,2.8179158892210183,0.10701015063267949,2.655681166879901,0.8959829040872167,0
695c39e7ce90b13220851ecc,2021,0,2.8798780100903816,2.9277597297117604,2.664695308114439,3,Administration,Assistant General Manager,0.5759756020180763,0.585551945942352,0.5329390616228877,,,,,,,0
695c39e7ce90b13220851ecc,2022,1,2.8223594194192656,2.752414862745347,2.408139807836891,3,Administration,Assistant General Manager,0.5644718838838532,0.5504829725490694,0.4816279615673782,2.8798780100903816,-0.05751859067111598,2.9277597297117604,-0.17534486696641327,2.664695308114439,-0.2565555002775479,0
695c39e7ce90b13220851ecc,2023,2,3.159469344225367,2.635114375985925,4.775688027168541,3,Administration,Assistant General Manager,0.6318938688450734,0.5270228751971849,0.9551376054337082,2.8223594194192656,0.33710992480610136,2.752414862745347,-0.11730048675942228,2.408139807836891,2.36754821933165,0
695c39e7ce90b13220851ecc,2024,3,4.418248762391593,5.0,3.8709271656985895,3,Administration,Assistant General Manager,0.8836497524783186,1.0,0.7741854331397179,3.159469344225367,1.2587794181662257,2.635114375985925,2.364885624014075,4.775688027168541,-0.9047608614699514,0
695c39e7ce90b13220851ecc,2025,4,4.078139440655272,2.8135521212934913,2.4806646481701566,3,Administration,Assistant General Manager,0.8156278881310544,0.5627104242586982,0.4961329296340313,4.418248762391593,-0.34010932173632114,5.0,-2.1864478787065087,3.8709271656985895,-1.3902625175284329,0
695c39e7ce90b13220851ecd,2021,0,4.830073524578604,3.6219983274337766,2.7414523351808975,3,Information Technology,Project Manager,0.9660147049157208,0.7243996654867553,0.5482904670361795,,,,,,,0
695c39e7ce90b13220851ecd,2022,1,2.5154474071134225,2.7400043773580487,3.297521522781939,3,Information Technology,Project Manager,0.5030894814226845,0.5480008754716097,0.6595043045563879,4.830073524578604,-2.3146261174651817,3.6219983274337766,-0.8819939500757279,2.7414523351808975,0.5560691876010417,0
695c39e7ce90b13220851ecd,2023,2,4.472833185415806,3.402900133053921,4.146829722111718,3,Information Technology,Project Manager,0.8945666370831612,0.6805800266107842,0.8293659444223437,2.5154474071134225,1.9573857783023834,2.7400043773580487,0.6628957556958723,3.297521522781939,0.8493081993297791,0
695c39e7ce90b13220851ecd,2024,3,2.941876815552564,3.041364249523441,3.3243671801201957,3,Information Technology,Project Manager,0.5883753631105128,0.6082728499046882,0.6648734360240391,4.472833185415806,-1.530956369863242,3.402900133053921,-0.36153588353047983,4.146829722111718,-0.8224625419915226,0
695c39e7ce90b13220851ecd,2025,4,2.8814941511748238,2.543314207378324,4.133638411693067,3,Information Technology,Project Manager,0.5762988302349648,0.5086628414756648,0.8267276823386134,2.941876815552564,-0.06038266437774009,3.041364249523441,-0.4980500421451173,3.3243671801201957,0.809271231572871,0
695c39e7ce90b13220851ece,2021,0,3.4407653549715094,2.9180514612868262,3.0093830916658653,3,Administration,Assistant Manager,0.6881530709943019,0.5836102922573653,0.6018766183331731,,,,,,,0
695c39e7ce90b13220851ece,2022,1,5.0,5.0,3.421503078235482,3,Administration,Assistant Manager,1.0,1.0,0.6843006156470964,3.4407653549715094,1.5592346450284906,2.9180514612868262,2.0819485387131738,3.0093830916658653,0.4121199865696168,0
695c39e7ce90b13220851ece,2023,2,2.7698170949785665,3.4098456215644775,3.9356625772153695,3,Administration,Assistant Manager,0.5539634189957133,0.6819691243128955,0.7871325154430739,5.0,-2.2301829050214335,5.0,-1.5901543784355225,3.421503078235482,0.5141594989798874,0
695c39e7ce90b13220851ece,2024,3,4.206824291023866,3.2330230755009772,4.24175675353081,3,Administration,Assistant Manager,0.8413648582047731,0.6466046151001954,0.848351350706162,2.7698170949785665,1.437007196045299,3.4098456215644775,-0.17682254606350023,3.9356625772153695,0.30609417631544034,0
695c39e7ce90b13220851ece,2025,4,3.738136546318991,4.160039912418917,3.968609357751197,3,Administration,Assistant Manager,0.7476273092637982,0.8320079824837834,0.7937218715502394,4.206824291023866,-0.46868774470487473,3.2330230755009772,0.9270168369179395,4.24175675353081,-0.2731473957796129,0
695c39e7ce90b13220851ecf,2021,0,3.1340111350432394,3.072959371950696,2.8060554893347627,3,Administration,Executive,0.6268022270086478,0.6145918743901392,0.5612110978669526,,,,,,,0
695c39e7ce90b13220851ecf,2022,1,3.6091663316169633,3.5984543141900316,4.0820651364348395,3,Administration,Executive,0.7218332663233926,0.7196908628380063,0.8164130272869679,3.1340111350432394,0.47515519657372396,3.072959371950696,0.5254949422393356,2.8060554893347627,1.2760096471000768,0
695c39e7ce90b13220851ecf,2023,2,3.7556911061122844,3.3729317056201884,2.9842885611618377,3,Administration,Executive,0.7511382212224569,0.6745863411240377,0.5968577122323675,3.6091663316169633,0.1465247744953211,3.5984543141900316,-0.22552260856984319,4.0820651364348395,-1.0977765752730018,0
695c39e7ce90b13220851ecf,2024,3,1.857646539148506,2.57548560436709,3.354170736775407,3,Administration,Executive,0.37152930782970117,0.5150971208734181,0.6708341473550814,3.7556911061122844,-1.8980445669637784,3.3729317056201884,-0.7974461012530982,2.9842885611618377,0.36988217561356906,1
695c39e7ce90b13220851ecf,2025,4,1.0,1.6586212454449774,1.676802118348164,3,Administration,Executive,0.2,0.33172424908899545,0.3353604236696328,1.857646539148506,-0.857646539148506,2.57548560436709,-0.9168643589221128,3.354170736775407,-1.6773686184272427,0
695c39e7ce90b13220851ed0,2021,0,1.0939634985529745,1.5009694466795491,2.3545884017822094,3,Human Resources,Senior Manager,0.2187926997105949,0.30019388933590985,0.4709176803564419,,,,,,,1
695c39e7ce90b13220851ed0,2022,1,2.435341367021369,3.116531198873324,2.3291997325410696,3,Human Resources,Senior Manager,0.48706827340427383,0.6233062397746648,0.4658399465082139,1.0939634985529745,1.3413778684683946,1.5009694466795491,1.615561752193775,2.3545884017822094,-0.025388669241139805,0
695c39e7ce90b13220851ed1,2021,0,1.7876940419713117,1.1425024262104815,1.056611295321896,3,Administration,Assistant Manager,0.35753880839426233,0.2285004852420963,0.2113222590643792,,,,,,,1
695c39e7ce90b13220851ed1,2022,1,2.916636739321408,3.2675343058166173,4.162781428984567,3,Administration,Assistant Manager,0.5833273478642816,0.6535068611633235,0.8325562857969133,1.7876940419713117,1.1289426973500964,1.1425024262104815,2.125031879606136,1.056611295321896,3.106170133662671,0
695c39e7ce90b13220851ed2,2021,0,1.445266835671079,2.2340035304809187,1.4588801982450468,3,Human Resources,Associate,0.2890533671342158,0.4468007060961837,0.29177603964900933,,,,,,,1
695c39e7ce90b13220851ed2,2022,1,4.22792537414773,4.084615596964722,2.4249806130694527,3,Human Resources,Associate,0.8455850748295459,0.8169231193929445,0.4849961226138905,1.445266835671079,2.7826585384766505,2.2340035304809187,1.8506120664838037,1.4588801982450468,0.9661004148244059,0
695c39e7ce90b13220851ed3,2021,0,3.7810420691974382,2.7234836643421794,2.9778086528525995,3,Information Technology,Senior QA Engineer,0.7562084138394877,0.5446967328684359,0.5955617305705199,,,,,,,0
695c39e7ce90b13220851ed3,2022,1,4.608048749693834,3.4644597610484076,4.134627452624277,3,Information Technology,Senior QA Engineer,0.9216097499387669,0.6928919522096815,0.8269254905248553,3.7810420691974382,0.827006680496396,2.7234836643421794,0.7409760967062282,2.9778086528525995,1.1568187997716772,0
695c39e7ce90b13220851ed3,2023,2,2.035629652343812,2.1613698360673137,1.7778611104190332,3,Information Technology,Senior QA Engineer,0.4071259304687624,0.43227396721346273,0.3555722220838066,4.608048749693834,-2.5724190973500223,3.4644597610484076,-1.3030899249810939,4.134627452624277,-2.3567663422052436,1
695c39e7ce90b13220851ed3,2024,3,5.0,4.748650727227088,5.0,3,Information Technology,Senior QA Engineer,1.0,0.9497301454454176,1.0,2.035629652343812,2.964370347656188,2.1613698360673137,2.587280891159774,1.7778611104190332,3.222138889580967,0
695c39e7ce90b13220851ed4,2021,0,2.1540001402633724,2.403756275306704,1.7423767334541904,3,Human Resources,Assistant Manager,0.4308000280526745,0.4807512550613408,0.3484753466908381,,,,,,,1
695c39e7ce90b13220851ed4,2022,1,1.8679309655518996,1.6506630750000597,3.3074083065006503,3,Human Resources,Assistant Manager,0.37358619311037994,0.33013261500001195,0.6614816613001301,2.1540001402633724,-0.28606917471147275,2.403756275306704,-0.7530932003066444,1.7423767334541904,1.56503157304646,0
695c39e7ce90b13220851ed5,2021,0,2.2006979622522307,1.0562228108370606,1.6763362503951518,3,Information Technology,QA Engineer,0.44013959245044615,0.2112445621674121,0.33526725007903035,,,,,,,1
695c39e7ce90b13220851ed5,2022,1,4.591517344284337,5.0,4.8818668091197654,3,Information Technology,QA Engineer,0.9183034688568673,1.0,0.9763733618239531,2.2006979622522307,2.390819382032106,1.0562228108370606,3.9437771891629394,1.6763362503951518,3.2055305587246137,0
695c39e7ce90b13220851ed6,2021,0,4.00567057194395,3.05865523450962,2.771547710637836,3,Administration,Senior Manager,0.80113411438879,0.611731046901924,0.5543095421275672,,,,,,,0
695c39e7ce90b13220851ed6,2022,1,3.8504977492673196,3.420545068471235,3.7006967665012436,3,Administration,Senior Manager,0.770099549853464,0.684109013694247,0.7401393533002487,4.00567057194395,-0.15517282267663068,3.05865523450962,0.361889833961615,2.771547710637836,0.9291490558634075,0
695c39e7ce90b13220851ed6,2023,2,1.241535540460006,1.6810890675862313,1.6878707169822844,3,Administration,Senior Manager,0.24830710809200118,0.3362178135172463,0.33757414339645686,3.8504977492673196,-2.6089622088073137,3.420545068471235,-1.7394560008850037,3.7006967665012436,-2.012826049518959,1
695c39e7ce90b13220851ed6,2024,3,3.856668700783883,4.155079548923216,4.589095337243269,3,Administration,Senior Manager,0.7713337401567766,0.8310159097846432,0.9178190674486538,1.241535540460006,2.615133160323877,1.6810890675862313,2.4739904813369846,1.6878707169822844,2.901224620260985,0
695c39e7ce90b13220851ed7,2021,0,1.8971494232662969,1.2891370520631478,2.6779403776907236,3,Information Technology,UI/UX Designer,0.3794298846532594,0.2578274104126296,0.5355880755381447,,,,,,,0
695c39e7ce90b13220851ed8,2021,0,2.175710278861319,3.1064041277195362,3.4026916813689065,3,Human Resources,Assistant Manager,0.4351420557722638,0.6212808255439073,0.6805383362737814,,,,,,,0
695c39e7ce90b13220851ed8,2022,1,3.099598183372569,3.4293592150510817,2.573907261631823,3,Human Resources,Assistant Manager,0.6199196366745138,0.6858718430102163,0.5147814523263646,2.175710278861319,0.92388790451125,3.1064041277195362,0.32295508733154543,3.4026916813689065,-0.8287844197370835,0
695c39e7ce90b13220851ed8,2023,2,3.622298836878142,3.5784876634921403,4.700372252508911,3,Human Resources,Assistant Manager,0.7244597673756284,0.7156975326984281,0.9400744505017823,3.099598183372569,0.5227006535055732,3.4293592150510817,0.14912844844105866,2.573907261631823,2.1264649908770883,0
695c39e7ce90b13220851ed8,2024,3,3.212283377295867,2.5733963834068225,2.253111391569147,3,Human Resources,Assistant Manager,0.6424566754591734,0.5146792766813645,0.4506222783138294,3.622298836878142,-0.4100154595822749,3.5784876634921403,-1.0050912800853178,4.700372252508911,-2.4472608609397644,0
695c39e7ce90b13220851ed8,2025,4,3.5730024483592904,3.6577320743673263,3.7548155496415183,3,Human Resources,Assistant Manager,0.7146004896718581,0.7315464148734653,0.7509631099283036,3.212283377295867,0.36071907106342316,2.5733963834068225,1.0843356909605038,2.253111391569147,1.5017041580723713,0
695c39e7ce90b13220851ed9,2021,0,3.0814794676747272,3.491891524272347,2.74991818316284,3,Administration,Assistant Manager,0.6162958935349454,0.6983783048544694,0.549983636632568,,,,,,,0
695c39e7ce90b13220851eda,2021,0,3.3982658938997385,2.7319231350559394,3.877538900349985,3,Human Resources,General Manager,0.6796531787799477,0.5463846270111878,0.775507780069997,,,,,,,0
695c39e7ce90b13220851edb,2021,0,3.156891480221604,2.5657260305888627,3.0247526760010737,3,Administration,Senior Manager,0.6313782960443208,0.5131452061177726,0.6049505352002147,,,,,,,0
695c39e7ce90b13220851edb,2022,1,2.6882019933086116,2.4698826943208103,1.814584824996005,3,Administration,Senior Manager,0.5376403986617223,0.49397653886416204,0.362916964999201,3.156891480221604,-0.4686894869129925,2.5657260305888627,-0.09584333626805241,3.0247526760010737,-1.2101678510050686,0
695c39e7ce90b13220851edb,2023,2,4.311114796061493,4.181080176466921,2.9267372623519092,3,Administration,Senior Manager,0.8622229592122986,0.8362160352933842,0.5853474524703819,2.6882019933086116,1.6229128027528814,2.4698826943208103,1.7111974821461104,1.814584824996005,1.1121524373559042,0
695c39e7ce90b13220851edb,2024,3,3.245629385057356,3.954351203104853,3.8152138484598614,3,Administration,Senior Manager,0.6491258770114712,0.7908702406209706,0.7630427696919723,4.311114796061493,-1.0654854110041372,4.181080176466921,-0.22672897336206788,2.9267372623519092,0.8884765861079522,0
695c39e7ce90b13220851edb,2025,4,2.8691273044830785,3.05117968544436,3.84362821633464,3,Administration,Senior Manager,0.5738254608966157,0.6102359370888719,0.7687256432669279,3.245629385057356,-0.37650208057427736,3.954351203104853,-0.9031715176604931,3.8152138484598614,0.028414367874778357,0
695c39e7ce90b13220851edc,2021,0,2.741526725979449,3.5171129508739267,2.4311475792592705,3,Human Resources,Associate,0.5483053451958898,0.7034225901747854,0.4862295158518541,,,,,,,0
695c39e7ce90b13220851edc,2022,1,4.811598813964891,4.344905910471762,3.749566557443879,3,Human Resources,Associate,0.9623197627929783,0.8689811820943524,0.7499133114887757,2.741526725979449,2.070072087985442,3.5171129508739267,0.827792959597835,2.4311475792592705,1.3184189781846083,0
695c39e7ce90b13220851edc,2023,2,3.0487875687532338,2.605007628086642,2.5701863263464655,3,Human Resources,Associate,0.6097575137506468,0.5210015256173284,0.514037265269293,4.811598813964891,-1.7628112452116573,4.344905910471762,-1.73989828238512,3.749566557443879,-1.1793802310974133,1
695c39e7ce90b13220851edc,2024,3,4.447277837777138,4.792858423723853,4.023913542860663,3,Human Resources,Associate,0.8894555675554277,0.9585716847447706,0.8047827085721326,3.0487875687532338,1.3984902690239043,2.605007628086642,2.1878507956372113,2.5701863263464655,1.453727216514198,0
695c39e7ce90b13220851edd,2021,0,2.204363268852807,2.70254419037103,3.035008504164906,3,Administration,Associate,0.4408726537705614,0.540508838074206,0.6070017008329812,,,,,,,0
695c39e7ce90b13220851edd,2022,1,2.421851413062872,2.789548391064785,2.352355673712799,3,Administration,Associate,0.4843702826125744,0.557909678212957,0.4704711347425598,2.204363268852807,0.21748814421006513,2.70254419037103,0.08700420069375481,3.035008504164906,-0.6826528304521071,0
695c39e7ce90b13220851edd,2023,2,3.163909306870619,1.9477177467131561,1.8850629826216505,3,Administration,Associate,0.6327818613741238,0.38954354934263125,0.3770125965243301,2.421851413062872,0.7420578938077469,2.789548391064785,-0.8418306443516288,2.352355673712799,-0.46729269109114857,1
695c39e7ce90b13220851edd,2024,3,3.1011827364565194,3.111188485788578,3.484658319443364,3,Administration,Associate,0.6202365472913038,0.6222376971577156,0.6969316638886728,3.163909306870619,-0.06272657041409957,1.9477177467131561,1.163470739075422,1.8850629826216505,1.5995953368217133,0
695c39e7ce90b13220851ede,2021,0,3.000477857010641,2.325307563103359,4.507783876643019,3,Human Resources,Assistant Manager,0.6000955714021282,0.4650615126206718,0.9015567753286039,,,,,,,0
695c39e7ce90b13220851ede,2022,1,3.0175612043516327,3.082070604433647,2.128714114808507,3,Human Resources,Assistant Manager,0.6035122408703265,0.6164141208867294,0.4257428229617014,3.000477857010641,0.017083347340991484,2.325307563103359,0.7567630413302879,4.507783876643019,-2.3790697618345122,1
695c39e7ce90b13220851ede,2023,2,3.045466689487593,2.4195385847915887,4.399396551116604,3,Human Resources,Assistant Manager,0.6090933378975186,0.48390771695831775,0.8798793102233209,3.0175612043516327,0.02790548513596036,3.082070604433647,-0.6625320196420583,2.128714114808507,2.270682436308097,0
695c39e7ce90b13220851edf,2021,0,3.039387904234709,2.9566078090858143,3.146169924183883,3,Information Technology,UI/UX Designer,0.6078775808469418,0.5913215618171629,0.6292339848367766,,,,,,,0
695c39e7ce90b13220851edf,2022,1,3.7497419406259067,4.219958078539092,3.878404386192987,3,Information Technology,UI/UX Designer,0.7499483881251814,0.8439916157078183,0.7756808772385975,3.039387904234709,0.7103540363911978,2.9566078090858143,1.2633502694532774,3.146169924183883,0.7322344620091039,0
695c39e7ce90b13220851edf,2023,2,2.6105140583019697,3.5416884716287984,3.1808423516376676,3,Information Technology,UI/UX Designer,0.522102811660394,0.7083376943257597,0.6361684703275335,3.7497419406259067,-1.139227882323937,4.219958078539092,-0.6782696069102934,3.878404386192987,-0.6975620345553195,0
695c39e7ce90b13220851edf,2024,3,3.5680029776342566,2.86785140033189,3.6838716850107884,3,Information Technology,UI/UX Designer,0.7136005955268513,0.573570280066378,0.7367743370021577,2.6105140583019697,0.9574889193322869,3.5416884716287984,-0.6738370712969086,3.1808423516376676,0.5030293333731208,0
695c39e7ce90b13220851edf,2025,4,4.066113603857838,2.8806551905539814,3.2503444498650245,3,Information Technology,UI/UX Designer,0.8132227207715677,0.5761310381107962,0.6500688899730049,3.5680029776342566,0.4981106262235815,2.86785140033189,0.01280379022209166,3.6838716850107884,-0.43352723514576397,0
695c39e7ce90b13220851ee0,2021,0,3.3594793745887728,3.534278148926952,3.5241389644411636,3,Information Technology,Associate Project Manager,0.6718958749177546,0.7068556297853904,0.7048277928882327,,,,,,,0
695c39e7ce90b13220851ee0,2022,1,1.1053566375583728,1.6988910622794662,1.0,3,Information Technology,Associate Project Manager,0.22107132751167455,0.33977821245589324,0.2,3.3594793745887728,-2.2541227370304,3.534278148926952,-1.835387086647486,3.5241389644411636,-2.5241389644411636,1
695c39e7ce90b13220851ee0,2023,2,3.4537876334172295,3.8403939462313814,3.543027700378789,3,Information Technology,Associate Project Manager,0.6907575266834459,0.7680787892462763,0.7086055400757578,1.1053566375583728,2.3484309958588567,1.6988910622794662,2.1415028839519152,1.0,2.543027700378789,0
695c39e7ce90b13220851ee1,2021,0,2.4279138960975057,3.999298916008331,3.6644899287797212,3,Information Technology,Administrator,0.48558277921950116,0.7998597832016662,0.7328979857559442,,,,,,,0
695c39e7ce90b13220851ee1,2022,1,3.204427948285136,4.836932601401113,4.17395778750254,3,Information Technology,Administrator,0.6408855896570272,0.9673865202802225,0.834791557500508,2.4279138960975057,0.7765140521876304,3.999298916008331,0.8376336853927819,3.6644899287797212,0.509467858722819,0
695c39e7ce90b13220851ee1,2023,2,4.098283891974941,3.28888251536841,4.153435554821756,3,Information Technology,Administrator,0.8196567783949883,0.657776503073682,0.8306871109643511,3.204427948285136,0.8938559436898053,4.836932601401113,-1.548050086032703,4.17395778750254,-0.02052223268078457,0
695c39e7ce90b13220851ee1,2024,3,1.3732527455453591,1.2170667808394653,1.8163328638742708,3,Information Technology,Administrator,0.27465054910907183,0.24341335616789306,0.3632665727748542,4.098283891974941,-2.725031146429582,3.28888251536841,-2.0718157345289443,4.153435554821756,-2.337102690947485,1
695c39e7ce90b13220851ee1,2025,4,4.671147376877097,3.858146080804816,3.3099396958771568,3,Information Technology,Administrator,0.9342294753754194,0.7716292161609631,0.6619879391754313,1.3732527455453591,3.297894631331738,1.2170667808394653,2.6410792999653507,1.8163328638742708,1.493606832002886,0
695c39e7ce90b13220851ee2,2021,0,1.516593913070765,2.0860107430242225,3.0034367028111104,3,Administration,Associate,0.303318782614153,0.4172021486048445,0.6006873405622221,,,,,,,0
695c39e7ce90b13220851ee2,2022,1,3.1650610027884003,1.4456553805922314,2.7843684436377694,3,Administration,Associate,0.63301220055768,0.2891310761184463,0.5568736887275538,1.516593913070765,1.6484670897176352,2.0860107430242225,-0.6403553624319911,3.0034367028111104,-0.21906825917334105,0
695c39e7ce90b13220851ee2,2023,2,1.6139671710725465,3.500218297141634,2.7967131966910443,3,Administration,Associate,0.3227934342145093,0.7000436594283268,0.5593426393382088,3.1650610027884003,-1.5510938317158538,1.4456553805922314,2.0545629165494024,2.7843684436377694,0.012344753053274982,0
695c39e7ce90b13220851ee2,2024,3,2.611865218928211,2.409436426658595,2.0309385775307245,3,Administration,Associate,0.5223730437856422,0.481887285331719,0.4061877155061449,1.6139671710725465,0.9978980478556645,3.500218297141634,-1.0907818704830388,2.7967131966910443,-0.7657746191603199,0
695c39e7ce90b13220851ee2,2025,4,3.3396685705627145,2.3944773642714496,2.1109083800013475,3,Administration,Associate,0.6679337141125429,0.4788954728542899,0.4221816760002695,2.611865218928211,0.7278033516345035,2.409436426658595,-0.014959062387145394,2.0309385775307245,0.07996980247062302,0
695c39e7ce90b13220851ee3,2021,0,2.316181590188683,3.028706309031438,2.6466480202514515,3,Human Resources,Assistant General Manager,0.4632363180377366,0.6057412618062876,0.5293296040502903,,,,,,,0
695c39e7ce90b13220851ee3,2022,1,2.9311230815326113,3.6293224795102486,2.7948960942266874,3,Human Resources,Assistant General Manager,0.5862246163065222,0.7258644959020497,0.5589792188453375,2.316181590188683,0.6149414913439282,3.028706309031438,0.6006161704788107,2.6466480202514515,0.14824807397523587,0
695c39e7ce90b13220851ee3,2023,2,2.347071624109876,2.6988232753657213,2.819292893876743,3,Human Resources,Assistant General Manager,0.4694143248219752,0.5397646550731443,0.5638585787753486,2.9311230815326113,-0.5840514574227353,3.6293224795102486,-0.9304992041445272,2.7948960942266874,0.02439679965005581,0
695c39e7ce90b13220851ee3,2024,3,3.190323160540438,2.9276674719821143,2.6318654063957005,3,Human Resources,Assistant General Manager,0.6380646321080876,0.5855334943964229,0.5263730812791401,2.347071624109876,0.8432515364305622,2.6988232753657213,0.228844196616393,2.819292893876743,-0.18742748748104265,0
695c39e7ce90b13220851ee3,2025,4,2.9973456343652347,3.4972626002191274,2.481606592347362,3,Human Resources,Assistant General Manager,0.599469126873047,0.6994525200438255,0.4963213184694724,3.190323160540438,-0.19297752617520336,2.9276674719821143,0.5695951282370131,2.6318654063957005,-0.15025881404833852,0
695c39e7ce90b13220851ee4,2021,0,4.0298043617791075,2.534507390961913,4.855885929100929,3,Information Technology,QA Lead,0.8059608723558215,0.5069014781923826,0.9711771858201859,,,,,,,0
695c39e7ce90b13220851ee4,2022,1,3.673186507192586,3.348744765524663,3.7990938155259606,3,Information Technology,QA Lead,0.7346373014385172,0.6697489531049327,0.7598187631051921,4.0298043617791075,-0.3566178545865215,2.534507390961913,0.81423737456275,4.855885929100929,-1.0567921135749687,0
695c39e7ce90b13220851ee4,2023,2,2.632335270535176,3.35055236140125,3.2686492546351014,3,Information Technology,QA Lead,0.5264670541070352,0.67011047228025,0.6537298509270203,3.673186507192586,-1.04085123665741,3.348744765524663,0.0018075958765866318,3.7990938155259606,-0.5304445608908592,0
695c39e7ce90b13220851ee4,2024,3,3.4538955375170595,3.6025514025960494,2.892547445801319,3,Information Technology,QA Lead,0.6907791075034119,0.7205102805192098,0.5785094891602638,2.632335270535176,0.8215602669818836,3.35055236140125,0.25199904119479966,3.2686492546351014,-0.3761018088337824,0
695c39e7ce90b13220851ee4,2025,4,4.3016469728179905,3.172293707485033,2.486813464283702,3,Information Technology,QA Lead,0.8603293945635981,0.6344587414970067,0.4973626928567404,3.4538955375170595,0.847751435300931,3.6025514025960494,-0.4302576951110164,2.892547445801319,-0.4057339815176171,0
695c39e7ce90b13220851ee5,2021,0,4.06655113280695,3.0886388022331825,3.3396135622666367,3,Human Resources,Senior Manager,0.81331022656139,0.6177277604466365,0.6679227124533273,,,,,,,0
695c39e7ce90b13220851ee5,2022,1,3.2657070677186937,3.368944425109227,2.8582862101974054,3,Human Resources,Senior Manager,0.6531414135437388,0.6737888850218454,0.5716572420394811,4.06655113280695,-0.8008440650882562,3.0886388022331825,0.2803056228760443,3.3396135622666367,-0.4813273520692314,0
695c39e7ce90b13220851ee5,2023,2,3.2233731450820464,4.281278576422589,3.22761585054904,3,Human Resources,Senior Manager,0.6446746290164093,0.8562557152845178,0.6455231701098081,3.2657070677186937,-0.04233392263664726,3.368944425109227,0.9123341513133623,2.8582862101974054,0.36932964035163485,0
695c39e7ce90b13220851ee5,2024,3,2.386026432300138,4.38691951631938,3.0113818898301283,3,Human Resources,Senior Manager,0.47720528646002763,0.8773839032638759,0.6022763779660256,3.2233731450820464,-0.8373467127819083,4.281278576422589,0.1056409398967908,3.22761585054904,-0.21623396071891188,0
695c39e7ce90b13220851ee5,2025,4,4.668458972907114,4.682618093581398,4.129924578382277,3,Human Resources,Senior Manager,0.9336917945814228,0.9365236187162796,0.8259849156764554,2.386026432300138,2.282432540606976,4.38691951631938,0.2956985772620184,3.0113818898301283,1.1185426885521488,0
695c39e7ce90b13220851ee6,2021,0,3.2140009471782993,1.6062300032786268,1.7373435291258303,3,Administration,Senior Executive,0.6428001894356599,0.32124600065572534,0.3474687058251661,,,,,,,0
695c39e7ce90b13220851ee6,2022,1,2.102229013250826,3.2437667770903484,3.3688794178986745,3,Administration,Senior Executive,0.42044580265016523,0.6487533554180697,0.673775883579735,3.2140009471782993,-1.1117719339274732,1.6062300032786268,1.6375367738117217,1.7373435291258303,1.6315358887728442,0
695c39e7ce90b13220851ee6,2023,2,2.41198431874764,2.958072079548206,4.039460448979856,3,Administration,Senior Executive,0.48239686374952806,0.5916144159096411,0.8078920897959712,2.102229013250826,0.30975530549681407,3.2437667770903484,-0.2856946975421426,3.3688794178986745,0.6705810310811815,0
695c39e7ce90b13220851ee6,2024,3,2.587833778608979,2.688575017982244,2.9848833129077987,3,Administration,Senior Executive,0.5175667557217958,0.5377150035964487,0.5969766625815598,2.41198431874764,0.1758494598613387,2.958072079548206,-0.269497061565962,4.039460448979856,-1.0545771360720573,1
695c39e7ce90b13220851ee6,2025,4,1.4629766907135304,1.0,2.4100084189570623,3,Administration,Senior Executive,0.2925953381427061,0.2,0.48200168379141245,2.587833778608979,-1.1248570878954485,2.688575017982244,-1.6885750179822439,2.9848833129077987,-0.5748748939507364,0
695c39e7ce90b13220851ee7,2021,0,2.757587209483396,3.3337860895241986,3.253337788541879,3,Information Technology,Software Engineer,0.5515174418966792,0.6667572179048398,0.6506675577083758,,,,,,,0
695c39e7ce90b13220851ee7,2022,1,2.4863976453541072,3.2823297028242377,2.8714167261705836,3,Information Technology,Software Engineer,0.49727952907082146,0.6564659405648475,0.5742833452341167,2.757587209483396,-0.27118956412928874,3.3337860895241986,-0.05145638669996089,3.253337788541879,-0.3819210623712954,0
695c39e7ce90b13220851ee7,2023,2,4.3440049185514455,3.7859065713693987,2.973678683304913,3,Information Technology,Software Engineer,0.8688009837102891,0.7571813142738797,0.5947357366609827,2.4863976453541072,1.8576072731973383,3.2823297028242377,0.5035768685451609,2.8714167261705836,0.1022619571343295,0
695c39e7ce90b13220851ee7,2024,3,3.991404654555299,3.3262341825749404,2.3979314930648927,3,Information Technology,Software Engineer,0.7982809309110598,0.6652468365149881,0.4795862986129785,4.3440049185514455,-0.3526002639961465,3.7859065713693987,-0.45967238879445826,2.973678683304913,-0.5757471902400204,0
695c39e7ce90b13220851ee7,2025,4,4.499834640084923,4.33695759554863,4.305816373417574,3,Information Technology,Software Engineer,0.8999669280169845,0.867391519109726,0.8611632746835148,3.991404654555299,0.5084299855296237,3.3262341825749404,1.0107234129736895,2.3979314930648927,1.9078848803526816,0
695c39e7ce90b13220851ee8,2021,0,2.8289823746530596,3.3436353385089883,3.490994137012688,3,Information Technology,Senior QA Engineer,0.5657964749306119,0.6687270677017977,0.6981988274025376,,,,,,,0
695c39e7ce90b13220851ee8,2022,1,2.48651955096149,4.067153749242689,2.1438239374173813,3,Information Technology,Senior QA Engineer,0.497303910192298,0.8134307498485377,0.42876478748347624,2.8289823746530596,-0.34246282369156944,3.3436353385089883,0.7235184107337003,3.490994137012688,-1.3471701995953067,0
695c39e7ce90b13220851ee8,2023,2,3.911439024856629,3.053675932869956,2.5532361137623965,3,Information Technology,Senior QA Engineer,0.7822878049713258,0.6107351865739912,0.5106472227524793,2.48651955096149,1.4249194738951387,4.067153749242689,-1.0134778163727325,2.1438239374173813,0.40941217634501514,0
695c39e7ce90b13220851ee8,2024,3,1.6290946896501075,2.3429003464108282,3.0673028302054384,3,Information Technology,Senior QA Engineer,0.3258189379300215,0.46858006928216567,0.6134605660410877,3.911439024856629,-2.2823443352065214,3.053675932869956,-0.7107755864591279,2.5532361137623965,0.5140667164430419,0
695c39e7ce90b13220851ee8,2025,4,1.726831832904781,1.58036150836244,2.756938622231704,3,Information Technology,Senior QA Engineer,0.3453663665809562,0.316072301672488,0.5513877244463408,1.6290946896501075,0.09773714325467342,2.3429003464108282,-0.7625388380483882,3.0673028302054384,-0.31036420797373454,0
695c39e7ce90b13220851ee9,2021,0,3.201413485827892,2.5280832489522176,2.612983790913293,3,Information Technology,Project Manager,0.6402826971655784,0.5056166497904435,0.5225967581826586,,,,,,,0
695c39e7ce90b13220851ee9,2022,1,2.7211426453426446,2.362723256360308,3.328034367795445,3,Information Technology,Project Manager,0.5442285290685289,0.4725446512720616,0.665606873559089,3.201413485827892,-0.4802708404852476,2.5280832489522176,-0.1653599925919096,2.612983790913293,0.715050576882152,0
695c39e7ce90b13220851ee9,2023,2,3.5059789935998404,3.585072907776315,3.314340098043975,3,Information Technology,Project Manager,0.7011957987199681,0.717014581555263,0.6628680196087949,2.7211426453426446,0.7848363482571958,2.362723256360308,1.2223496514160068,3.328034367795445,-0.013694269751470145,0
695c39e7ce90b13220851ee9,2024,3,3.7545611614710883,3.42743794134991,3.6134833197486533,3,Information Technology,Project Manager,0.7509122322942177,0.685487588269982,0.7226966639497306,3.5059789935998404,0.24858216787124787,3.585072907776315,-0.15763496642640495,3.314340098043975,0.29914322170467855,0
695c39e7ce90b13220851ee9,2025,4,2.4274901027959066,3.0420655182028704,4.607165084407965,3,Information Technology,Project Manager,0.48549802055918134,0.6084131036405741,0.9214330168815931,3.7545611614710883,-1.3270710586751817,3.42743794134991,-0.38537242314703946,3.6134833197486533,0.9936817646593119,0
695c39e7ce90b13220851eea,2021,0,3.093032502761152,3.009738439085612,2.124122422831421,3,Human Resources,Assistant Manager,0.6186065005522303,0.6019476878171224,0.4248244845662842,,,,,,,0
695c39e7ce90b13220851eea,2022,1,2.3038106397640354,2.721351126313154,3.0104340683346678,3,Human Resources,Assistant Manager,0.4607621279528071,0.5442702252626308,0.6020868136669335,3.093032502761152,-0.7892218629971164,3.009738439085612,-0.2883873127724579,2.124122422831421,0.8863116455032469,0
695c39e7ce90b13220851eea,2023,2,4.161445550309228,4.072406308004863,2.8498039581933154,3,Human Resources,Assistant Manager,0.8322891100618456,0.8144812616009727,0.5699607916386631,2.3038106397640354,1.8576349105451926,2.721351126313154,1.3510551816917094,3.0104340683346678,-0.1606301101413523,0
695c39e7ce90b13220851eea,2024,3,1.4921211740074583,2.2038528756820734,1.0866606879144398,3,Human Resources,Assistant Manager,0.29842423480149166,0.4407705751364147,0.21733213758288797,4.161445550309228,-2.6693243763017698,4.072406308004863,-1.86855343232279,2.8498039581933154,-1.7631432702788756,1
695c39e7ce90b13220851eea,2025,4,2.5629234693521923,2.2960203212310737,2.7491502612651324,3,Human Resources,Assistant Manager,0.5125846938704385,0.45920406424621474,0.5498300522530265,1.4921211740074583,1.070802295344734,2.2038528756820734,0.09216744554900025,1.0866606879144398,1.6624895733506926,0
695c39e7ce90b13220851eeb,2021,0,3.0177941734658806,3.2480863934472373,3.209753418779091,3,Administration,Senior Executive,0.6035588346931762,0.6496172786894474,0.6419506837558182,,,,,,,0
695c39e7ce90b13220851eeb,2022,1,3.4465850633334663,3.6322651903833827,2.9847673787735935,3,Administration,Senior Executive,0.6893170126666932,0.7264530380766765,0.5969534757547187,3.0177941734658806,0.4287908898675856,3.2480863934472373,0.38417879693614543,3.209753418779091,-0.2249860400054975,0
695c39e7ce90b13220851eeb,2023,2,2.904249126399794,2.974386363444565,2.7148518980948726,3,Administration,Senior Executive,0.5808498252799588,0.594877272688913,0.5429703796189745,3.4465850633334663,-0.5423359369336724,3.6322651903833827,-0.6578788269388176,2.9847673787735935,-0.26991548067872095,0
695c39e7ce90b13220851eeb,2024,3,2.3389917371622837,3.4714594337718245,2.950111173613115,3,Administration,Senior Executive,0.46779834743245674,0.6942918867543649,0.590022234722623,2.904249126399794,-0.5652573892375101,2.974386363444565,0.49707307032725945,2.7148518980948726,0.23525927551824255,0
695c39e7ce90b13220851eeb,2025,4,2.197804602618726,3.1807497724873657,2.344156947885518,3,Administration,Senior Executive,0.43956092052374524,0.6361499544974731,0.4688313895771036,2.3389917371622837,-0.14118713454355758,3.4714594337718245,-0.29070966128445885,2.950111173613115,-0.6059542257275972,0
695c39e7ce90b13220851eec,2021,0,3.170902374492134,3.9202123112772114,3.1685811203653342,3,Information Technology,Associate Project Manager,0.6341804748984268,0.7840424622554423,0.6337162240730668,,,,,,,0
695c39e7ce90b13220851eec,2022,1,2.367598459735418,2.3925965767273607,2.5451698763704647,3,Information Technology,Associate Project Manager,0.47351969194708354,0.47851931534547215,0.5090339752740929,3.170902374492134,-0.8033039147567163,3.9202123112772114,-1.5276157345498507,3.1685811203653342,-0.6234112439948696,1
695c39e7ce90b13220851eec,2023,2,4.048064414723636,2.976207283669118,4.0385191104483225,3,Information Technology,Associate Project Manager,0.8096128829447272,0.5952414567338236,0.8077038220896645,2.367598459735418,1.6804659549882182,2.3925965767273607,0.5836107069417573,2.5451698763704647,1.4933492340778578,0
695c39e7ce90b13220851eed,2021,0,3.907738901911385,3.008361593615165,2.6955662230603252,3,Information Technology,Senior UI/UX Designer,0.781547780382277,0.601672318723033,0.539113244612065,,,,,,,0
695c39e7ce90b13220851eed,2022,1,2.962593788327401,1.1351207167891055,1.6800276174214808,3,Information Technology,Senior UI/UX Designer,0.5925187576654802,0.22702414335782112,0.33600552348429613,3.907738901911385,-0.9451451135839837,3.008361593615165,-1.8732408768260593,2.6955662230603252,-1.0155386056388445,0
695c39e7ce90b13220851eed,2023,2,3.1139888164142215,3.1319754750855506,2.037985585408645,3,Information Technology,Senior UI/UX Designer,0.6227977632828443,0.6263950950171101,0.407597117081729,2.962593788327401,0.15139502808682037,1.1351207167891055,1.996854758296445,1.6800276174214808,0.3579579679871643,0
695c39e7ce90b13220851eed,2024,3,2.923983266549076,3.9956362058306603,3.2002689748974573,3,Information Technology,Senior UI/UX Designer,0.5847966533098152,0.7991272411661321,0.6400537949794914,3.1139888164142215,-0.19000554986514562,3.1319754750855506,0.8636607307451096,2.037985585408645,1.1622833894888123,0
695c39e7ce90b13220851eed,2025,4,3.9412699774774897,4.086815848226371,3.3479982138977205,3,Information Technology,Senior UI/UX Designer,0.7882539954954979,0.8173631696452741,0.6695996427795441,2.923983266549076,1.0172867109284138,3.9956362058306603,0.0911796423957103,3.2002689748974573,0.14772923900026314,0
695c39e7ce90b13220851eee,2021,0,3.2594043901485334,2.3951074831685446,3.3689157649077357,3,Human Resources,Assistant General Manager,0.6518808780297067,0.4790214966337089,0.6737831529815471,,,,,,,0
695c39e7ce90b13220851eee,2022,1,3.0880334393338242,2.3592036228654787,2.378330914585468,3,Human Resources,Assistant General Manager,0.6176066878667649,0.4718407245730957,0.47566618291709356,3.2594043901485334,-0.1713709508147092,2.3951074831685446,-0.035903860303065915,3.3689157649077357,-0.9905848503222678,0
695c39e7ce90b13220851eee,2023,2,2.0373214380703755,2.234422383161578,1.3604851454950768,3,Human Resources,Assistant General Manager,0.4074642876140751,0.44688447663231556,0.27209702909901534,3.0880334393338242,-1.0507120012634488,2.3592036228654787,-0.12478123970390076,2.378330914585468,-1.017845769090391,0
695c39e7ce90b13220851eee,2024,3,1.461408299439337,1.5987635034066967,2.5900923023096936,3,Human Resources,Assistant General Manager,0.29228165988786736,0.3197527006813393,0.5180184604619387,2.0373214380703755,-0.5759131386310385,2.234422383161578,-0.6356588797548812,1.3604851454950768,1.2296071568146167,0
695c39e7ce90b13220851eee,2025,4,1.6083865037446037,2.4384584324646035,3.066706145017455,3,Human Resources,Assistant General Manager,0.32167730074892076,0.4876916864929207,0.613341229003491,1.461408299439337,0.14697820430526676,1.5987635034066967,0.8396949290579068,2.5900923023096936,0.4766138427077613,0
695c39e7ce90b13220851eef,2021,0,3.967159514623497,3.52285491763553,2.2253140319166076,3,Information Technology,Software Engineer,0.7934319029246993,0.704570983527106,0.4450628063833215,,,,,,,0
695c39e7ce90b13220851eef,2022,1,2.6649520338155477,3.4854632292376113,2.8642233574799816,3,Information Technology,Software Engineer,0.5329904067631095,0.6970926458475223,0.5728446714959963,3.967159514623497,-1.3022074808079491,3.52285491763553,-0.03739168839791862,2.2253140319166076,0.638909325563374,0
695c39e7ce90b13220851eef,2023,2,3.5014903820206063,2.353005126947914,3.106109135336167,3,Information Technology,Software Engineer,0.7002980764041212,0.4706010253895828,0.6212218270672334,2.6649520338155477,0.8365383482050586,3.4854632292376113,-1.1324581022896973,2.8642233574799816,0.2418857778561856,0
695c39e7ce90b13220851eef,2024,3,2.8792143146057856,1.392510503364934,2.280020014228882,3,Information Technology,Software Engineer,0.5758428629211572,0.2785021006729868,0.4560040028457764,3.5014903820206063,-0.6222760674148207,2.353005126947914,-0.9604946235829799,3.106109135336167,-0.8260891211072852,0
695c39e7ce90b13220851eef,2025,4,2.171677603399503,4.3103057231395665,3.3159558064633443,3,Information Technology,Software Engineer,0.4343355206799006,0.8620611446279133,0.6631911612926689,2.8792143146057856,-0.7075367112062825,1.392510503364934,2.917795219774632,2.280020014228882,1.0359357922344623,0
695c39e7ce90b13220851ef0,2021,0,2.163429613810374,2.575492090443274,1.7087764001086794,3,Human Resources,Associate,0.4326859227620748,0.5150984180886548,0.3417552800217359,,,,,,,1
695c39e7ce90b13220851ef0,2022,1,3.743774878653504,4.265106984432448,3.410136237445134,3,Human Resources,Associate,0.7487549757307008,0.8530213968864896,0.6820272474890268,2.163429613810374,1.58034526484313,2.575492090443274,1.689614893989174,1.7087764001086794,1.7013598373364545,0
695c39e7ce90b13220851ef1,2021,0,3.4626283884008418,3.4357182339133114,3.350759179492102,3,Administration,Executive,0.6925256776801684,0.6871436467826623,0.6701518358984204,,,,,,,0
695c39e7ce90b13220851ef1,2022,1,3.9489871953137543,3.9287744806928715,4.2995655883946275,3,Administration,Executive,0.7897974390627509,0.7857548961385743,0.8599131176789255,3.4626283884008418,0.48635880691291256,3.4357182339133114,0.49305624677956006,3.350759179492102,0.9488064089025254,0
695c39e7ce90b13220851ef1,2023,2,3.6933145454921155,2.72171828683994,3.5610033710761217,3,Administration,Executive,0.7386629090984231,0.544343657367988,0.7122006742152244,3.9489871953137543,-0.25567264982163884,3.9287744806928715,-1.2070561938529316,4.2995655883946275,-0.7385622173185058,0
695c39e7ce90b13220851ef1,2024,3,2.7778178855249873,3.902225456849396,2.996114960305088,3,Administration,Executive,0.5555635771049975,0.7804450913698793,0.5992229920610176,3.6933145454921155,-0.9154966599671281,2.72171828683994,1.1805071700094563,3.5610033710761217,-0.5648884107710339,0
695c39e7ce90b13220851ef1,2025,4,3.2561590444834985,2.2198667582302436,3.2678422520202917,3,Administration,Executive,0.6512318088966997,0.44397335164604873,0.6535684504040583,2.7778178855249873,0.47834115895851115,3.902225456849396,-1.6823586986191525,2.996114960305088,0.2717272917152038,0
695c39e7ce90b13220851ef2,2021,0,2.0817961571356127,2.278724853135091,3.709517948281639,3,Human Resources,Senior Manager,0.41635923142712256,0.4557449706270182,0.7419035896563277,,,,,,,0
695c39e7ce90b13220851ef2,2022,1,1.6899701931586721,1.382130091303131,3.076010163871984,3,Human Resources,Senior Manager,0.33799403863173444,0.2764260182606262,0.6152020327743968,2.0817961571356127,-0.3918259639769406,2.278724853135091,-0.8965947618319601,3.709517948281639,-0.6335077844096548,0
695c39e7ce90b13220851ef2,2023,2,2.8508266422461666,3.6817802676840445,2.7483160492202474,3,Human Resources,Senior Manager,0.5701653284492333,0.7363560535368089,0.5496632098440495,1.6899701931586721,1.1608564490874944,1.382130091303131,2.2996501763809136,3.076010163871984,-0.3276941146517367,0
695c39e7ce90b13220851ef2,2024,3,2.855831589539612,3.1482064102488154,3.513319808942554,3,Human Resources,Senior Manager,0.5711663179079224,0.6296412820497631,0.7026639617885108,2.8508266422461666,0.005004947293445472,3.6817802676840445,-0.5335738574352291,2.7483160492202474,0.7650037597223065,0
695c39e7ce90b13220851ef2,2025,4,2.686230763538913,4.076284860149844,2.1598878645905595,3,Human Resources,Senior Manager,0.5372461527077826,0.8152569720299688,0.4319775729181119,2.855831589539612,-0.16960082600069892,3.1482064102488154,0.9280784499010286,3.513319808942554,-1.3534319443519944,0
695c39e7ce90b13220851ef3,2021,0,1.8026535279251066,1.9703294210262765,1.4337183165100738,3,Information Technology,Senior UI/UX Designer,0.3605307055850213,0.3940658842052553,0.28674366330201473,,,,,,,1
695c39e7ce90b13220851ef3,2022,1,3.593347685255977,3.72495695009577,3.91885126831449,3,Information Technology,Senior UI/UX Designer,0.7186695370511954,0.744991390019154,0.783770253662898,1.8026535279251066,1.7906941573308703,1.9703294210262765,1.7546275290694937,1.4337183165100738,2.485132951804416,0
695c39e7ce90b13220851ef4,2021,0,3.6801258242330213,3.803862774696033,3.052331648815821,3,Human Resources,Executive,0.7360251648466043,0.7607725549392066,0.6104663297631643,,,,,,,0
695c39e7ce90b13220851ef4,2022,1,2.1969837969049366,3.267481816150025,2.9688553559325994,3,Human Resources,Executive,0.4393967593809873,0.653496363230005,0.5937710711865198,3.6801258242330213,-1.4831420273280846,3.803862774696033,-0.5363809585460082,3.052331648815821,-0.08347629288322178,1
695c39e7ce90b13220851ef4,2023,2,3.4716015033103313,3.628748678364338,2.5206085358240022,3,Human Resources,Executive,0.6943203006620663,0.7257497356728676,0.5041217071648004,2.1969837969049366,1.2746177064053947,3.267481816150025,0.3612668622143129,2.9688553559325994,-0.4482468201085972,0
695c39e7ce90b13220851ef5,2021,0,3.3987145193244697,3.920977953984279,3.751378425092098,3,Information Technology,Associate UI/UX Designer,0.6797429038648939,0.7841955907968557,0.7502756850184196,,,,,,,0
695c39e7ce90b13220851ef5,2022,1,3.9745182786552906,3.3214830788405134,2.3227484995519925,3,Information Technology,Associate UI/UX Designer,0.7949036557310581,0.6642966157681027,0.4645496999103985,3.3987145193244697,0.575803759330821,3.920977953984279,-0.5994948751437654,3.751378425092098,-1.4286299255401054,0
695c39e7ce90b13220851ef5,2023,2,3.5540666509195353,3.726978860350701,3.6649162182630692,3,Information Technology,Associate UI/UX Designer,0.710813330183907,0.7453957720701402,0.7329832436526138,3.9745182786552906,-0.4204516277357553,3.3214830788405134,0.4054957815101874,2.3227484995519925,1.3421677187110768,0
695c39e7ce90b13220851ef5,2024,3,3.2740263381107195,3.295158682920932,3.018896250218662,3,Information Technology,Associate UI/UX Designer,0.6548052676221439,0.6590317365841865,0.6037792500437325,3.5540666509195353,-0.2800403128088158,3.726978860350701,-0.43182017742976875,3.6649162182630692,-0.6460199680444072,0
695c39e7ce90b13220851ef5,2025,4,4.245441717878343,3.792324918682002,3.644723494576314,3,Information Technology,Associate UI/UX Designer,0.8490883435756686,0.7584649837364004,0.7289446989152628,3.2740263381107195,0.9714153797676235,3.295158682920932,0.4971662357610698,3.018896250218662,0.625827244357652,0
695c39e7ce90b13220851ef6,2021,0,1.6020493358391952,3.386068794311858,1.6764812986137798,3,Administration,Assistant General Manager,0.32040986716783904,0.6772137588623716,0.33529625972275595,,,,,,,0
695c39e7ce90b13220851ef6,2022,1,3.6756024554735713,4.214173706102681,3.0477258450496745,3,Administration,Assistant General Manager,0.7351204910947142,0.8428347412205361,0.6095451690099349,1.6020493358391952,2.073553119634376,3.386068794311858,0.828104911790823,1.6764812986137798,1.3712445464358947,0
695c39e7ce90b13220851ef6,2023,2,4.586612797327826,2.9835765610354077,3.089974948584561,3,Administration,Assistant General Manager,0.9173225594655652,0.5967153122070815,0.6179949897169121,3.6756024554735713,0.9110103418542543,4.214173706102681,-1.2305971450672732,3.0477258450496745,0.04224910353488642,0
695c39e7ce90b13220851ef6,2024,3,1.5964809949685062,2.093823797333874,1.9695409934550436,3,Administration,Assistant General Manager,0.3192961989937012,0.4187647594667748,0.39390819869100874,4.586612797327826,-2.9901318023593193,2.9835765610354077,-0.8897527637015337,3.089974948584561,-1.1204339551295173,1
695c39e7ce90b13220851ef6,2025,4,2.5319215877429557,2.657274468705282,2.6051539188191057,3,Administration,Assistant General Manager,0.5063843175485911,0.5314548937410564,0.5210307837638212,1.5964809949685062,0.9354405927744496,2.093823797333874,0.5634506713714078,1.9695409934550436,0.6356129253640621,0
695c39e7ce90b13220851ef7,2021,0,2.570616137160103,3.0083956772608254,1.5981098885909852,3,Information Technology,Associate Project Manager,0.5141232274320207,0.6016791354521651,0.31962197771819706,,,,,,,0
695c39e7ce90b13220851ef7,2022,1,2.0049316754525934,2.206575304499175,1.8729705794983174,3,Information Technology,Associate Project Manager,0.4009863350905187,0.441315060899835,0.37459411589966346,2.570616137160103,-0.5656844617075096,3.0083956772608254,-0.8018203727616502,1.5981098885909852,0.2748606909073321,0
695c39e7ce90b13220851ef7,2023,2,1.922920295705617,2.489299541946855,2.810620832058789,3,Information Technology,Associate Project Manager,0.3845840591411234,0.497859908389371,0.5621241664117578,2.0049316754525934,-0.08201137974697637,2.206575304499175,0.2827242374476797,1.8729705794983174,0.9376502525604717,0
695c39e7ce90b13220851ef7,2024,3,1.8730409497206217,2.104807241833477,1.1708274540226598,3,Information Technology,Associate Project Manager,0.37460818994412437,0.42096144836669536,0.23416549080453194,1.922920295705617,-0.04987934598499533,2.489299541946855,-0.384492300113378,2.810620832058789,-1.6397933780361293,0
695c39e7ce90b13220851ef7,2025,4,2.255440188877392,2.106342168848668,2.188650273836831,3,Information Technology,Associate Project Manager,0.4510880377754784,0.4212684337697336,0.4377300547673662,1.8730409497206217,0.3823992391567703,2.104807241833477,0.001534927015191201,1.1708274540226598,1.0178228198141712,0
695c39e7ce90b13220851ef8,2021,0,4.024799329500693,4.4356296912045625,3.8580798368261453,3,Human Resources,Associate,0.8049598659001387,0.8871259382409125,0.7716159673652291,,,,,,,0
695c39e7ce90b13220851ef8,2022,1,4.1709859927819055,3.403845875842112,3.3775407352295597,3,Human Resources,Associate,0.8341971985563811,0.6807691751684224,0.6755081470459119,4.024799329500693,0.14618666328121233,4.4356296912045625,-1.0317838153624503,3.8580798368261453,-0.48053910159658564,0
695c39e7ce90b13220851ef8,2023,2,4.720533168677891,2.8478421796052045,3.344372680277293,3,Human Resources,Associate,0.9441066337355781,0.5695684359210409,0.6688745360554587,4.1709859927819055,0.5495471758959853,3.403845875842112,-0.5560036962369077,3.3775407352295597,-0.0331680549522666,0
695c39e7ce90b13220851ef8,2024,3,4.290486150717501,4.628829000535378,4.06043892270783,3,Human Resources,Associate,0.8580972301435003,0.9257658001070755,0.8120877845415659,4.720533168677891,-0.4300470179603897,2.8478421796052045,1.7809868209301731,3.344372680277293,0.7160662424305366,0
695c39e7ce90b13220851ef8,2025,4,3.7262926173388564,4.220610822313683,4.241195299826368,3,Human Resources,Associate,0.7452585234677713,0.8441221644627366,0.8482390599652735,4.290486150717501,-0.5641935333786448,4.628829000535378,-0.4082181782216949,4.06043892270783,0.18075637711853787,0
695c39e7ce90b13220851ef9,2021,0,5.0,4.355883748200809,4.0017171012319706,3,Administration,Assistant General Manager,1.0,0.8711767496401619,0.8003434202463942,,,,,,,0
695c39e7ce90b13220851efa,2021,0,5.0,4.373710009735287,4.470446665392005,3,Administration,Assistant Manager,1.0,0.8747420019470574,0.8940893330784011,,,,,,,0
695c39e7ce90b13220851efa,2022,1,4.892789557152724,3.1972877847896943,4.070748559679675,3,Administration,Assistant Manager,0.9785579114305447,0.6394575569579388,0.814149711935935,5.0,-0.10721044284727643,4.373710009735287,-1.176422224945593,4.470446665392005,-0.39969810571233033,0
695c39e7ce90b13220851efa,2023,2,4.625204750310749,4.348798127691857,4.193746793593105,3,Administration,Assistant Manager,0.9250409500621497,0.8697596255383713,0.838749358718621,4.892789557152724,-0.26758480684197483,3.1972877847896943,1.1515103429021623,4.070748559679675,0.1229982339134299,0
695c39e7ce90b13220851efa,2024,3,3.9036090581701437,3.2666556861362146,3.557228855720758,3,Administration,Assistant Manager,0.7807218116340288,0.6533311372272429,0.7114457711441516,4.625204750310749,-0.721595692140605,4.348798127691857,-1.082142441555642,4.193746793593105,-0.6365179378723469,0
695c39e7ce90b13220851efa,2025,4,4.40543534135114,5.0,4.341684069886938,3,Administration,Assistant Manager,0.881087068270228,1.0,0.8683368139773876,3.9036090581701437,0.5018262831809963,3.2666556861362146,1.7333443138637854,3.557228855720758,0.7844552141661798,0
695c39e7ce90b13220851efb,2021,0,4.844439271253243,4.669479610326639,3.172081606170484,3,Administration,Assistant Manager,0.9688878542506487,0.9338959220653278,0.6344163212340967,,,,,,,0
695c39e7ce90b13220851efb,2022,1,3.6036234856744223,3.992751964777759,2.717763255697001,3,Administration,Assistant Manager,0.7207246971348844,0.7985503929555519,0.5435526511394002,4.844439271253243,-1.240815785578821,4.669479610326639,-0.6767276455488798,3.172081606170484,-0.4543183504734829,0
695c39e7ce90b13220851efb,2023,2,3.039148946914291,2.7125804309570953,3.070354427099242,3,Administration,Assistant Manager,0.6078297893828581,0.5425160861914191,0.6140708854198483,3.6036234856744223,-0.5644745387601313,3.992751964777759,-1.2801715338206638,2.717763255697001,0.3525911714022407,0
695c39e7ce90b13220851efb,2024,3,4.351531982360703,2.4857145554263003,2.7946987654041147,3,Administration,Assistant Manager,0.8703063964721405,0.49714291108526004,0.5589397530808229,3.039148946914291,1.3123830354464117,2.7125804309570953,-0.22686587553079507,3.070354427099242,-0.2756556616951271,0
695c39e7ce90b13220851efb,2025,4,4.436549195644543,4.541778096960957,3.9705461018255725,3,Administration,Assistant Manager,0.8873098391289085,0.9083556193921914,0.7941092203651146,4.351531982360703,0.08501721328384004,2.4857145554263003,2.056063541534657,2.7946987654041147,1.175847336421458,0
695c39e7ce90b13220851efc,2021,0,1.9458621221631354,1.8975167995772204,3.4919866522003438,3,Administration,General Manager,0.38917242443262706,0.3795033599154441,0.6983973304400688,,,,,,,0
695c39e7ce90b13220851efc,2022,1,1.630121726728066,1.2620862107567024,2.24049312148151,3,Administration,General Manager,0.3260243453456132,0.2524172421513405,0.448098624296302,1.9458621221631354,-0.31574039543506927,1.8975167995772204,-0.6354305888205181,3.4919866522003438,-1.2514935307188337,0
695c39e7ce90b13220851efc,2023,2,3.4860724225229744,2.893838503900507,3.0585773090360973,3,Administration,General Manager,0.6972144845045949,0.5787677007801013,0.6117154618072195,1.630121726728066,1.8559506957949083,1.2620862107567024,1.6317522931438044,2.24049312148151,0.8180841875545872,0
695c39e7ce90b13220851efc,2024,3,2.553163023860202,2.396448809381421,2.7377459741479044,3,Administration,General Manager,0.5106326047720404,0.4792897618762842,0.5475491948295809,3.4860724225229744,-0.9329093986627726,2.893838503900507,-0.4973896945190859,3.0585773090360973,-0.3208313348881928,0
695c39e7ce90b13220851efc,2025,4,1.5470008493215224,2.7673797084150116,3.3216516139643497,3,Administration,General Manager,0.30940016986430446,0.5534759416830023,0.66433032279287,2.553163023860202,-1.0061621745386795,2.396448809381421,0.37093089903359067,2.7377459741479044,0.5839056398164453,0
695c39e7ce90b13220851efd,2021,0,2.733603139146305,2.151215465892681,4.20270005667613,3,Human Resources,Assistant General Manager,0.546720627829261,0.4302430931785362,0.8405400113352259,,,,,,,0
695c39e7ce90b13220851efd,2022,1,3.4218339234341313,2.8353892044764604,3.339615639707654,3,Human Resources,Assistant General Manager,0.6843667846868262,0.5670778408952921,0.6679231279415309,2.733603139146305,0.6882307842878261,2.151215465892681,0.6841737385837794,4.20270005667613,-0.8630844169684755,0
695c39e7ce90b13220851efd,2023,2,3.1402556591774475,3.4852675555324035,3.5881439075184636,3,Human Resources,Assistant General Manager,0.6280511318354896,0.6970535111064807,0.7176287815036927,3.4218339234341313,-0.28157826425668375,2.8353892044764604,0.6498783510559432,3.339615639707654,0.2485282678108094,0
695c39e7ce90b13220851efd,2024,3,3.4998435844688194,3.2887466828545784,3.054527172510764,3,Human Resources,Assistant General Manager,0.6999687168937638,0.6577493365709157,0.6109054345021528,3.1402556591774475,0.35958792529137185,3.4852675555324035,-0.19652087267782514,3.5881439075184636,-0.5336167350076995,1
695c39e7ce90b13220851efd,2025,4,2.174734851910569,2.2842939252472894,2.348662288903455,3,Human Resources,Assistant General Manager,0.43494697038211383,0.45685878504945787,0.469732457780691,3.4998435844688194,-1.3251087325582502,3.2887466828545784,-1.004452757607289,3.054527172510764,-0.7058648836073091,0
695c39e7ce90b13220851efe,2021,0,3.9972470838551333,2.712825552606092,3.703763792931917,3,Administration,Executive,0.7994494167710267,0.5425651105212184,0.7407527585863833,,,,,,,0
695c39e7ce90b13220851efe,2022,1,3.5892865878046076,2.7210236943680726,3.798455341527167,3,Administration,Executive,0.7178573175609215,0.5442047388736145,0.7596910683054334,3.9972470838551333,-0.40796049605052565,2.712825552606092,0.008198141761980526,3.703763792931917,0.0946915485952502,0
695c39e7ce90b13220851efe,2023,2,4.323418960184668,4.2003231890305255,3.5097281072944226,3,Administration,Executive,0.8646837920369336,0.8400646378061051,0.7019456214588845,3.5892865878046076,0.7341323723800603,2.7210236943680726,1.479299494662453,3.798455341527167,-0.2887272342327445,0
695c39e7ce90b13220851efe,2024,3,3.07211776734496,2.5545668106124055,4.043296165898639,3,Administration,Executive,0.614423553468992,0.5109133621224811,0.8086592331797278,4.323418960184668,-1.251301192839708,4.2003231890305255,-1.64575637841812,3.5097281072944226,0.533568058604216,0
695c39e7ce90b13220851efe,2025,4,1.6885109745087588,2.323166154929758,2.1428948090220854,3,Administration,Executive,0.33770219490175174,0.4646332309859516,0.42857896180441707,3.07211776734496,-1.3836067928362012,2.5545668106124055,-0.23140065568264756,4.043296165898639,-1.9004013568765532,0
695c39e7ce90b13220851eff,2021,0,2.5800567939141645,3.411053374308298,3.659199158977101,3,Administration,General Manager,0.5160113587828329,0.6822106748616596,0.7318398317954202,,,,,,,0
695c39e7ce90b13220851eff,2022,1,4.457178058153602,3.7107329192103733,4.290466175959419,3,Administration,General Manager,0.8914356116307204,0.7421465838420747,0.8580932351918837,2.5800567939141645,1.8771212642394373,3.411053374308298,0.29967954490207527,3.659199158977101,0.631267016982318,0
695c39e7ce90b13220851eff,2023,2,4.389874342128643,3.899026331953582,3.511744854900852,3,Administration,General Manager,0.8779748684257285,0.7798052663907165,0.7023489709801705,4.457178058153602,-0.06730371602495921,3.7107329192103733,0.18829341274320877,4.290466175959419,-0.7787213210585668,0
695c39e7ce90b13220851eff,2024,3,3.1071838169995276,3.178059035049754,2.55681264954575,3,Administration,General Manager,0.6214367633999055,0.6356118070099508,0.51136252990915,4.389874342128643,-1.282690525129115,3.899026331953582,-0.7209672969038281,3.511744854900852,-0.9549322053551021,1
695c39e7ce90b13220851eff,2025,4,4.167584914376462,3.325611534675902,2.4925879409763545,3,Administration,General Manager,0.8335169828752924,0.6651223069351804,0.4985175881952709,3.1071838169995276,1.0604010973769347,3.178059035049754,0.14755249962614814,2.55681264954575,-0.06422470856939544,0
695c39e7ce90b13220851f00,2021,0,3.566298881269734,3.2224895946412255,3.904175949063304,3,Human Resources,General Manager,0.7132597762539468,0.6444979189282452,0.7808351898126608,,,,,,,0
695c39e7ce90b13220851f00,2022,1,2.1513179479011115,3.0719667701185527,2.828372840352706,3,Human Resources,General Manager,0.4302635895802223,0.6143933540237105,0.5656745680705412,3.566298881269734,-1.4149809333686223,3.2224895946412255,-0.15052282452267285,3.904175949063304,-1.075803108710598,0
695c39e7ce90b13220851f00,2023,2,1.1140648946638627,1.7877016224056148,1.6226246757803156,3,Human Resources,General Manager,0.22281297893277255,0.35754032448112294,0.3245249351560631,2.1513179479011115,-1.0372530532372488,3.0719667701185527,-1.2842651477129379,2.828372840352706,-1.2057481645723904,1
695c39e7ce90b13220851f00,2024,3,3.0726067638065473,3.587175382110447,2.9611681888111465,3,Human Resources,General Manager,0.6145213527613095,0.7174350764220894,0.5922336377622293,1.1140648946638627,1.9585418691426846,1.7877016224056148,1.7994737597048323,1.6226246757803156,1.338543513030831,0
695c39e7ce90b13220851f01,2021,0,2.1198638205812026,1.8972722700391729,2.3040684487524015,3,Information Technology,Senior Software Engineer,0.4239727641162405,0.37945445400783456,0.4608136897504803,,,,,,,0
695c39e7ce90b13220851f01,2022,1,2.0984731399155607,2.1522200190302767,2.323191329264211,3,Information Technology,Senior Software Engineer,0.41969462798311213,0.43044400380605535,0.4646382658528422,2.1198638205812026,-0.02139068066564187,1.8972722700391729,0.25494774899110384,2.3040684487524015,0.019122880511809548,0
695c39e7ce90b13220851f01,2023,2,1.7147363649543144,1.6389896271321196,3.3073110691803698,3,Information Technology,Senior Software Engineer,0.34294727299086286,0.32779792542642394,0.661462213836074,2.0984731399155607,-0.38373677496124636,2.1522200190302767,-0.5132303918981571,2.323191329264211,0.9841197399161588,0
695c39e7ce90b13220851f01,2024,3,1.5085108052984126,1.5925498114545285,2.796981031531322,3,Information Technology,Senior Software Engineer,0.3017021610596825,0.31850996229090567,0.5593962063062644,1.7147363649543144,-0.20622555965590172,1.6389896271321196,-0.046439815677591145,3.3073110691803698,-0.5103300376490476,1
695c39e7ce90b13220851f01,2025,4,1.7781783916134946,1.8668013121545979,1.689954788500893,3,Information Technology,Senior Software Engineer,0.35563567832269893,0.3733602624309196,0.3379909577001786,1.5085108052984126,0.2696675863150819,1.5925498114545285,0.27425150070006943,2.796981031531322,-1.1070262430304292,0
695c39e7ce90b13220851f02,2021,0,3.687480919113387,3.685042811180881,3.3957422131545654,3,Human Resources,Team Lead,0.7374961838226775,0.7370085622361762,0.6791484426309131,,,,,,,0
695c39e7ce90b13220851f02,2022,1,3.508186692547228,2.5459107504125438,4.502943402205733,3,Human Resources,Team Lead,0.7016373385094455,0.5091821500825088,0.9005886804411466,3.687480919113387,-0.17929422656615923,3.685042811180881,-1.139132060768337,3.3957422131545654,1.1072011890511675,0
695c39e7ce90b13220851f02,2023,2,3.3318354238728825,3.936539581531952,3.3652448026797654,3,Human Resources,Team Lead,0.6663670847745765,0.7873079163063904,0.6730489605359531,3.508186692547228,-0.17635126867434536,2.5459107504125438,1.3906288311194084,4.502943402205733,-1.1376985995259674,0
695c39e7ce90b13220851f02,2024,3,3.982830916039564,3.8302935227031307,2.6719980211629584,3,Human Resources,Team Lead,0.7965661832079128,0.7660587045406262,0.5343996042325917,3.3318354238728825,0.6509954921666816,3.936539581531952,-0.10624605882882143,3.3652448026797654,-0.6932467815168071,0
695c39e7ce90b13220851f02,2025,4,3.9713686791451126,3.6584009564432862,4.130538329296883,3,Human Resources,Team Lead,0.7942737358290225,0.7316801912886572,0.8261076658593766,3.982830916039564,-0.011462236894451472,3.8302935227031307,-0.1718925662598445,2.6719980211629584,1.4585403081339243,0
695c39e7ce90b13220851f03,2021,0,2.6114956895876915,2.5154860569999387,4.149679752066062,3,Administration,Executive,0.5222991379175383,0.5030972113999878,0.8299359504132123,,,,,,,0
695c39e7ce90b13220851f04,2021,0,1.637561080030232,3.946553412183803,2.8491876989105536,3,Administration,General Manager,0.3275122160060464,0.7893106824367606,0.5698375397821107,,,,,,,0
695c39e7ce90b13220851f04,2022,1,4.0112342020146405,3.0226025217847097,2.397134345284385,3,Administration,General Manager,0.8022468404029282,0.6045205043569419,0.479426869056877,1.637561080030232,2.3736731219844085,3.946553412183803,-0.9239508903990932,2.8491876989105536,-0.4520533536261686,0
695c39e7ce90b13220851f04,2023,2,2.702235201819035,3.0672664064638546,3.4156527712720965,3,Administration,General Manager,0.5404470403638071,0.6134532812927709,0.6831305542544193,4.0112342020146405,-1.3089990001956053,3.0226025217847097,0.04466388467914495,2.397134345284385,1.0185184259877116,0
695c39e7ce90b13220851f04,2024,3,2.738395556520098,2.97630916758288,3.4575496669332297,3,Administration,General Manager,0.5476791113040196,0.595261833516576,0.6915099333866459,2.702235201819035,0.036160354701062936,3.0672664064638546,-0.09095723888097451,3.4156527712720965,0.04189689566113319,0
695c39e7ce90b13220851f04,2025,4,2.1544985849090654,3.9300126189113227,3.404166832351827,3,Administration,General Manager,0.43089971698181306,0.7860025237822645,0.6808333664703654,2.738395556520098,-0.5838969716110327,2.97630916758288,0.9537034513284426,3.4575496669332297,-0.053382834581402694,0
695c39e7ce90b13220851f05,2021,0,4.852330667642661,2.9031870646271187,3.5629927122689624,3,Human Resources,Intern,0.9704661335285323,0.5806374129254237,0.7125985424537925,,,,,,,0
695c39e7ce90b13220851f06,2021,0,3.7142337834629915,3.581703073653908,3.2537814265208964,3,Administration,Executive,0.7428467566925983,0.7163406147307816,0.6507562853041793,,,,,,,0
695c39e7ce90b13220851f06,2022,1,2.8948564967158017,4.173846015203516,4.0156739954867975,3,Administration,Executive,0.5789712993431604,0.8347692030407032,0.8031347990973595,3.7142337834629915,-0.8193772867471898,3.581703073653908,0.592142941549608,3.2537814265208964,0.7618925689659011,0
695c39e7ce90b13220851f06,2023,2,3.935288785183321,4.602349399952331,4.355030138277005,3,Administration,Executive,0.7870577570366641,0.9204698799904663,0.871006027655401,2.8948564967158017,1.0404322884675192,4.173846015203516,0.4285033847488151,4.0156739954867975,0.33935614279020765,0
695c39e7ce90b13220851f06,2024,3,4.220064966230286,3.958409029555947,3.105255195389283,3,Administration,Executive,0.8440129932460572,0.7916818059111894,0.6210510390778566,3.935288785183321,0.2847761810469649,4.602349399952331,-0.643940370396384,4.355030138277005,-1.249774942887722,0
695c39e7ce90b13220851f06,2025,4,3.901474910919438,3.0967147596885356,2.7100555988281982,3,Administration,Executive,0.7802949821838876,0.6193429519377072,0.5420111197656396,4.220064966230286,-0.31859005531084783,3.958409029555947,-0.8616942698674115,3.105255195389283,-0.39519959656108483,0
695c39e7ce90b13220851f07,2021,0,2.6106671567146256,3.940748101373526,1.6155815160891,3,Information Technology,Architect,0.5221334313429251,0.7881496202747053,0.32311630321782003,,,,,,,0
695c39e7ce90b13220851f07,2022,1,2.6079696077605465,4.20696002656864,2.545096175684842,3,Information Technology,Architect,0.5215939215521093,0.841392005313728,0.5090192351369683,2.6106671567146256,-0.002697548954079032,3.940748101373526,0.26621192519511405,1.6155815160891,0.9295146595957418,0
695c39e7ce90b13220851f07,2023,2,2.893722529618482,2.6836922258497324,4.436014145468315,3,Information Technology,Architect,0.5787445059236964,0.5367384451699465,0.887202829093663,2.6079696077605465,0.2857529218579353,4.20696002656864,-1.5232678007189078,2.545096175684842,1.890917969783473,0
695c39e7ce90b13220851f07,2024,3,2.2592113259716418,3.633895515977609,2.564267555783854,3,Information Technology,Architect,0.45184226519432835,0.7267791031955217,0.5128535111567708,2.893722529618482,-0.6345112036468401,2.6836922258497324,0.9502032901278765,4.436014145468315,-1.8717465896844607,1
695c39e7ce90b13220851f07,2025,4,3.45184031540824,2.503611728547687,2.3677960314593958,3,Information Technology,Architect,0.690368063081648,0.5007223457095373,0.47355920629187914,2.2592113259716418,1.1926289894365985,3.633895515977609,-1.130283787429922,2.564267555783854,-0.19647152432445836,0
695c39e7ce90b13220851f08,2021,0,2.5065618654913133,3.596537447971681,2.83427072164941,3,Administration,Executive,0.5013123730982627,0.7193074895943362,0.566854144329882,,,,,,,0
695c39e7ce90b13220851f08,2022,1,3.59999934142337,3.9872688597233745,4.95458289944359,3,Administration,Executive,0.719999868284674,0.7974537719446749,0.9909165798887181,2.5065618654913133,1.0934374759320566,3.596537447971681,0.39073141175169335,2.83427072164941,2.12031217779418,0
695c39e7ce90b13220851f08,2023,2,2.476623486790058,2.99591057204777,3.5429127844070663,3,Administration,Executive,0.4953246973580116,0.5991821144095539,0.7085825568814133,3.59999934142337,-1.123375854633312,3.9872688597233745,-0.9913582876756046,4.95458289944359,-1.4116701150365238,0
695c39e7ce90b13220851f08,2024,3,3.2464377010395875,3.7794774277872163,2.120071037037956,3,Administration,Executive,0.6492875402079175,0.7558954855574432,0.4240142074075912,2.476623486790058,0.7698142142495294,2.99591057204777,0.7835668557394464,3.5429127844070663,-1.4228417473691102,0
695c39e7ce90b13220851f08,2025,4,2.1478474582809732,3.7992314418919637,3.4206210668045616,3,Administration,Executive,0.4295694916561946,0.7598462883783927,0.6841242133609123,3.2464377010395875,-1.0985902427586143,3.7794774277872163,0.01975401410474742,2.120071037037956,1.3005500297666055,0
695c39e7ce90b13220851f09,2021,0,4.056262452823206,2.5748837572853116,2.4896437336768242,3,Human Resources,Assistant Manager,0.8112524905646412,0.5149767514570623,0.49792874673536486,,,,,,,0
695c39e7ce90b13220851f09,2022,1,3.470895971615789,3.091318705335411,2.1827061143328335,3,Human Resources,Assistant Manager,0.6941791943231579,0.6182637410670823,0.4365412228665667,4.056262452823206,-0.5853664812074166,2.5748837572853116,0.5164349480500996,2.4896437336768242,-0.3069376193439908,0
695c39e7ce90b13220851f09,2023,2,3.637497055027229,4.801100299588558,3.95668232575897,3,Human Resources,Assistant Manager,0.7274994110054458,0.9602200599177116,0.791336465151794,3.470895971615789,0.16660108341143998,3.091318705335411,1.7097815942531471,2.1827061143328335,1.7739762114261364,0
695c39e7ce90b13220851f09,2024,3,1.948353256386183,2.77663508326636,2.682948880167497,3,Human Resources,Assistant Manager,0.3896706512772366,0.555327016653272,0.5365897760334994,3.637497055027229,-1.6891437986410462,4.801100299588558,-2.024465216322198,3.95668232575897,-1.2737334455914726,0
695c39e7ce90b13220851f09,2025,4,4.180958856738753,3.2080151366754603,2.7800001267897967,3,Human Resources,Assistant Manager,0.8361917713477507,0.6416030273350921,0.5560000253579593,1.948353256386183,2.2326056003525703,2.77663508326636,0.43138005340910013,2.682948880167497,0.09705124662229947,0
695c39e7ce90b13220851f0a,2021,0,2.368869002149009,2.3390074619793184,2.4527462839052903,3,Administration,Assistant Manager,0.47377380042980183,0.46780149239586366,0.49054925678105804,,,,,,,0
695c39e7ce90b13220851f0a,2022,1,2.9388390699343185,3.0066793015872872,4.6430117916473845,3,Administration,Assistant Manager,0.5877678139868637,0.6013358603174574,0.9286023583294769,2.368869002149009,0.5699700677853095,2.3390074619793184,0.6676718396079688,2.4527462839052903,2.1902655077420943,0
695c39e7ce90b13220851f0a,2023,2,3.929489226209115,2.7339070290908296,4.18056484838595,3,Administration,Assistant Manager,0.7858978452418229,0.5467814058181659,0.8361129696771901,2.9388390699343185,0.9906501562747962,3.0066793015872872,-0.27277227249645764,4.6430117916473845,-0.4624469432614342,0
695c39e7ce90b13220851f0a,2024,3,3.5795518809503744,4.437616189302139,3.783124411398545,3,Administration,Assistant Manager,0.7159103761900749,0.8875232378604277,0.756624882279709,3.929489226209115,-0.34993734525874043,2.7339070290908296,1.703709160211309,4.18056484838595,-0.3974404369874054,1
695c39e7ce90b13220851f0a,2025,4,2.4793199259445435,3.0123418473273893,2.124780886262342,3,Administration,Assistant Manager,0.49586398518890873,0.6024683694654779,0.4249561772524684,3.5795518809503744,-1.1002319550058308,4.437616189302139,-1.4252743419747493,3.783124411398545,-1.6583435251362029,0
695c39e7ce90b13220851f0b,2021,0,1.0,1.3549061348302782,1.7233287393213867,3,Human Resources,Executive,0.2,0.27098122696605564,0.34466574786427734,,,,,,,1
695c39e7ce90b13220851f0b,2022,1,2.5907841952973305,4.243994522212895,4.42157410355369,3,Human Resources,Executive,0.5181568390594661,0.848798904442579,0.884314820710738,1.0,1.5907841952973305,1.3549061348302782,2.8890883873826168,1.7233287393213867,2.698245364232303,0
695c39e7ce90b13220851f0c,2021,0,3.073111458960269,2.8766910090147935,3.0088136294521837,3,Human Resources,Associate,0.6146222917920537,0.5753382018029587,0.6017627258904368,,,,,,,1
695c39e7ce90b13220851f0c,2022,1,3.293196635378493,3.4845795146017906,3.032101908433762,3,Human Resources,Associate,0.6586393270756986,0.6969159029203581,0.6064203816867524,3.073111458960269,0.22008517641822412,2.8766910090147935,0.6078885055869971,3.0088136294521837,0.02328827898157826,0
695c39e7ce90b13220851f0d,2021,0,2.8640467496986477,2.5383008209270326,2.1006608734526244,3,Information Technology,Senior Software Engineer,0.5728093499397295,0.5076601641854065,0.4201321746905249,,,,,,,0
695c39e7ce90b13220851f0d,2022,1,1.675503297848726,2.8003466431873902,2.5074546530891837,3,Information Technology,Senior Software Engineer,0.3351006595697452,0.560069328637478,0.5014909306178368,2.8640467496986477,-1.1885434518499216,2.5383008209270326,0.26204582226035766,2.1006608734526244,0.40679377963655927,0
695c39e7ce90b13220851f0d,2023,2,3.789292037291988,3.243407332261069,4.413639228662644,3,Information Technology,Senior Software Engineer,0.7578584074583976,0.6486814664522138,0.8827278457325288,1.675503297848726,2.1137887394432617,2.8003466431873902,0.44306068907367857,2.5074546530891837,1.9061845755734605,1
695c39e7ce90b13220851f0d,2024,3,4.664068449829808,4.113580751048929,3.643004742017197,3,Information Technology,Senior Software Engineer,0.9328136899659617,0.8227161502097857,0.7286009484034394,3.789292037291988,0.8747764125378206,3.243407332261069,0.8701734187878598,4.413639228662644,-0.7706344866454473,0
695c39e7ce90b13220851f0e,2021,0,2.8868448651138072,4.474335065600032,2.525246281595917,3,Information Technology,Administrator,0.5773689730227615,0.8948670131200064,0.5050492563191834,,,,,,,0
695c39e7ce90b13220851f0e,2022,1,4.409059851744674,5.0,3.4822567330442533,3,Information Technology,Administrator,0.8818119703489348,1.0,0.6964513466088507,2.8868448651138072,1.5222149866308667,4.474335065600032,0.525664934399968,2.525246281595917,0.9570104514483364,0
695c39e7ce90b13220851f0e,2023,2,3.0274700674809054,2.8695907850592777,2.1947969020941356,3,Information Technology,Administrator,0.605494013496181,0.5739181570118556,0.4389593804188271,4.409059851744674,-1.3815897842637685,5.0,-2.1304092149407223,3.4822567330442533,-1.2874598309501177,1
695c39e7ce90b13220851f0e,2024,3,2.4020523467881985,2.883187274526248,3.4487058199812477,3,Information Technology,Administrator,0.4804104693576397,0.5766374549052495,0.6897411639962495,3.0274700674809054,-0.625417720692707,2.8695907850592777,0.01359648946697023,2.1947969020941356,1.2539089178871121,0
695c39e7ce90b13220851f0f,2021,0,3.04227975324567,4.104588767601777,3.818441187946586,3,Information Technology,Associate Project Manager,0.608455950649134,0.8209177535203555,0.7636882375893171,,,,,,,0
695c39e7ce90b13220851f0f,2022,1,4.040832745179527,3.9818136537990783,3.4470326119229484,3,Information Technology,Associate Project Manager,0.8081665490359053,0.7963627307598157,0.6894065223845897,3.04227975324567,0.9985529919338569,4.104588767601777,-0.12277511380269912,3.818441187946586,-0.3714085760236374,0
695c39e7ce90b13220851f0f,2023,2,3.5732752185459207,4.073814372580864,4.03764217964341,3,Information Technology,Associate Project Manager,0.7146550437091841,0.8147628745161729,0.8075284359286821,4.040832745179527,-0.4675575266336063,3.9818136537990783,0.09200071878178617,3.4470326119229484,0.5906095677204619,0
695c39e7ce90b13220851f0f,2024,3,4.173092448809447,3.1073860979426575,2.7008950839255954,3,Information Technology,Associate Project Manager,0.8346184897618893,0.6214772195885315,0.540179016785119,3.5732752185459207,0.5998172302635263,4.073814372580864,-0.9664282746382069,4.03764217964341,-1.336747095717815,0
695c39e7ce90b13220851f0f,2025,4,3.6881313465363554,3.86002829836842,4.436410026229161,3,Information Technology,Associate Project Manager,0.737626269307271,0.772005659673684,0.8872820052458321,4.173092448809447,-0.4849611022730915,3.1073860979426575,0.7526422004257625,2.7008950839255954,1.7355149423035652,0
695c39e7ce90b13220851f10,2021,0,2.7443522708275196,3.6137808552106203,3.5063357055982447,3,Information Technology,UI/UX Designer,0.548870454165504,0.7227561710421241,0.7012671411196489,,,,,,,0
695c39e7ce90b13220851f10,2022,1,3.111672599703331,2.3768794845658987,3.0361090441201086,3,Information Technology,UI/UX Designer,0.6223345199406662,0.4753758969131797,0.6072218088240218,2.7443522708275196,0.36732032887581134,3.6137808552106203,-1.2369013706447216,3.5063357055982447,-0.4702266614781361,0
695c39e7ce90b13220851f10,2023,2,4.598418967664778,3.0529211428091583,3.8015806103657996,3,Information Technology,UI/UX Designer,0.9196837935329556,0.6105842285618317,0.7603161220731599,3.111672599703331,1.4867463679614472,2.3768794845658987,0.6760416582432596,3.0361090441201086,0.765471566245691,0
695c39e7ce90b13220851f10,2024,3,3.3748930371814123,2.8802454333650345,3.7848834357059946,3,Information Technology,UI/UX Designer,0.6749786074362825,0.5760490866730069,0.7569766871411989,4.598418967664778,-1.2235259304833659,3.0529211428091583,-0.1726757094441238,3.8015806103657996,-0.016697174659805025,0
695c39e7ce90b13220851f10,2025,4,2.749539492254242,2.7757056380517633,4.467863246257218,3,Information Technology,UI/UX Designer,0.5499078984508484,0.5551411276103526,0.8935726492514435,3.3748930371814123,-0.6253535449271701,2.8802454333650345,-0.10453979531327118,3.7848834357059946,0.682979810551223,0
695c39e7ce90b13220851f11,2021,0,2.2152658948809183,2.3591963852346147,3.4187142011198652,3,Information Technology,Architect,0.4430531789761837,0.47183927704692297,0.683742840223973,,,,,,,1
695c39e7ce90b13220851f11,2022,1,3.1873352589195934,2.842532415008158,3.035753766384946,3,Information Technology,Architect,0.6374670517839187,0.5685064830016315,0.6071507532769892,2.2152658948809183,0.972069364038675,2.3591963852346147,0.4833360297735432,3.4187142011198652,-0.38296043473491936,0
695c39e7ce90b13220851f12,2021,0,4.200656932704745,2.749852323698016,3.1546073435739057,3,Administration,Manager,0.840131386540949,0.5499704647396032,0.6309214687147812,,,,,,,0
695c39e7ce90b13220851f12,2022,1,3.826430263175893,2.30770980351863,2.607058328528854,3,Administration,Manager,0.7652860526351786,0.461541960703726,0.5214116657057708,4.200656932704745,-0.3742266695288521,2.749852323698016,-0.44214252017938627,3.1546073435739057,-0.5475490150450515,0
695c39e7ce90b13220851f12,2023,2,3.9621422652271474,4.591565762996392,3.5591231888138015,3,Administration,Manager,0.7924284530454295,0.9183131525992785,0.7118246377627603,3.826430263175893,0.13571200205125455,2.30770980351863,2.2838559594777625,2.607058328528854,0.9520648602849473,0
695c39e7ce90b13220851f12,2024,3,3.151348585048285,4.1994863194741034,4.581746702545093,3,Administration,Manager,0.630269717009657,0.8398972638948207,0.9163493405090186,3.9621422652271474,-0.8107936801788624,4.591565762996392,-0.39207944352228896,3.5591231888138015,1.0226235137312916,0
695c39e7ce90b13220851f12,2025,4,2.70272487064575,3.2565709340385425,2.4030497372847055,3,Administration,Manager,0.54054497412915,0.6513141868077085,0.4806099474569411,3.151348585048285,-0.4486237144025349,4.1994863194741034,-0.942915385435561,4.581746702545093,-2.1786969652603876,0
695c39e7ce90b13220851f13,2021,0,3.9041549368066146,2.670002507582994,2.6229837437831645,3,Administration,Team Lead,0.780830987361323,0.5340005015165988,0.5245967487566329,,,,,,,0
695c39e7ce90b13220851f13,2022,1,2.3881601524970004,2.4282179341481958,3.678286912530754,3,Administration,Team Lead,0.47763203049940006,0.48564358682963915,0.7356573825061508,3.9041549368066146,-1.5159947843096142,2.670002507582994,-0.2417845734347983,2.6229837437831645,1.0553031687475896,0
695c39e7ce90b13220851f13,2023,2,3.758143145690165,3.057921062978879,2.1233933867607027,3,Administration,Team Lead,0.751628629138033,0.6115842125957758,0.42467867735214054,2.3881601524970004,1.3699829931931644,2.4282179341481958,0.6297031288306831,3.678286912530754,-1.5548935257700514,0
695c39e7ce90b13220851f13,2024,3,3.9097671609972613,2.7972758059255103,2.944700283024551,3,Administration,Team Lead,0.7819534321994522,0.5594551611851021,0.5889400566049102,3.758143145690165,0.15162401530709646,3.057921062978879,-0.2606452570533686,2.1233933867607027,0.8213068962638483,0
695c39e7ce90b13220851f13,2025,4,5.0,3.053023578140694,2.544818130857884,3,Administration,Team Lead,1.0,0.6106047156281388,0.5089636261715768,3.9097671609972613,1.0902328390027387,2.7972758059255103,0.25574777221518374,2.944700283024551,-0.3998821521666671,0
695c39e7ce90b13220851f14,2021,0,3.540669819350454,3.9351007473385264,3.6248261156109995,3,Information Technology,Software Engineer,0.7081339638700908,0.7870201494677053,0.7249652231221999,,,,,,,0
695c39e7ce90b13220851f14,2022,1,3.4822346501489996,2.5784105532092165,2.7695226758146525,3,Information Technology,Software Engineer,0.6964469300298,0.5156821106418433,0.5539045351629305,3.540669819350454,-0.05843516920145442,3.9351007473385264,-1.35669019412931,3.6248261156109995,-0.855303439796347,1
695c39e7ce90b13220851f14,2023,2,4.590331624677709,4.270406965266027,4.476432423994371,3,Information Technology,Software Engineer,0.9180663249355417,0.8540813930532053,0.8952864847988742,3.4822346501489996,1.108096974528709,2.5784105532092165,1.69199641205681,2.7695226758146525,1.7069097481797186,0
695c39e7ce90b13220851f15,2021,0,2.7077887827508635,3.3340808327639735,2.866490146533383,3,Administration,Team Lead,0.5415577565501727,0.6668161665527947,0.5732980293066766,,,,,,,0
695c39e7ce90b13220851f15,2022,1,4.539259564227123,4.428853927223367,2.934521148115744,3,Administration,Team Lead,0.9078519128454247,0.8857707854446734,0.5869042296231488,2.7077887827508635,1.8314707814762596,3.3340808327639735,1.0947730944593932,2.866490146533383,0.06803100158236086,0
695c39e7ce90b13220851f15,2023,2,2.5919127916817226,4.244456274510797,3.0473911663602107,3,Administration,Team Lead,0.5183825583363445,0.8488912549021593,0.6094782332720421,4.539259564227123,-1.9473467725454006,4.428853927223367,-0.18439765271256991,2.934521148115744,0.11287001824446685,0
695c39e7ce90b13220851f15,2024,3,3.330102488202732,3.050581622843217,2.8694813980979146,3,Administration,Team Lead,0.6660204976405464,0.6101163245686434,0.5738962796195829,2.5919127916817226,0.7381896965210095,4.244456274510797,-1.1938746516675796,3.0473911663602107,-0.1779097682622961,1
695c39e7ce90b13220851f15,2025,4,2.123145410389981,1.6877489414350317,2.339175630181394,3,Administration,Team Lead,0.4246290820779962,0.3375497882870063,0.46783512603627886,3.330102488202732,-1.206957077812751,3.050581622843217,-1.3628326814081855,2.8694813980979146,-0.5303057679165204,0
695c39e7ce90b13220851f16,2021,0,3.371862267620123,3.0870166838398605,2.9496794933044947,3,Information Technology,Senior Software Engineer,0.6743724535240246,0.6174033367679721,0.5899358986608989,,,,,,,0
695c39e7ce90b13220851f16,2022,1,1.9804780197297607,2.9963163038786873,3.29171837277957,3,Information Technology,Senior Software Engineer,0.3960956039459521,0.5992632607757374,0.6583436745559139,3.371862267620123,-1.3913842478903624,3.0870166838398605,-0.0907003799611732,2.9496794933044947,0.34203887947507505,0
695c39e7ce90b13220851f16,2023,2,1.9393910883378174,1.513451845125878,1.0,3,Information Technology,Senior Software Engineer,0.3878782176675635,0.3026903690251756,0.2,1.9804780197297607,-0.041086931391943304,2.9963163038786873,-1.4828644587528093,3.29171837277957,-2.29171837277957,1
695c39e7ce90b13220851f16,2024,3,4.357320977385671,4.710790243551102,2.8413761997661906,3,Information Technology,Senior Software Engineer,0.8714641954771342,0.9421580487102205,0.5682752399532381,1.9393910883378174,2.417929889047853,1.513451845125878,3.197338398425224,1.0,1.8413761997661906,0
695c39e7ce90b13220851f17,2021,0,2.997114367002508,3.0237996389250745,3.1397859073344905,3,Human Resources,Assistant Manager,0.5994228734005016,0.6047599277850149,0.627957181466898,,,,,,,0
695c39e7ce90b13220851f18,2021,0,3.6867452289744613,2.6864756598863115,3.245979252126376,3,Administration,Manager,0.7373490457948922,0.5372951319772623,0.6491958504252752,,,,,,,0
695c39e7ce90b13220851f18,2022,1,3.2129326639829223,3.381200790234585,3.217186754964956,3,Administration,Manager,0.6425865327965845,0.6762401580469171,0.6434373509929913,3.6867452289744613,-0.473812564991539,2.6864756598863115,0.6947251303482735,3.245979252126376,-0.02879249716141974,0
695c39e7ce90b13220851f18,2023,2,3.177507640020008,1.9466726290422833,1.5828468274472867,3,Administration,Manager,0.6355015280040016,0.3893345258084567,0.31656936548945735,3.2129326639829223,-0.03542502396291436,3.381200790234585,-1.4345281611923018,3.217186754964956,-1.6343399275176695,0
695c39e7ce90b13220851f18,2024,3,2.3001725034093767,3.6067559951259747,2.67376019485258,3,Administration,Manager,0.46003450068187535,0.721351199025195,0.534752038970516,3.177507640020008,-0.8773351366106312,1.9466726290422833,1.6600833660836913,1.5828468274472867,1.0909133674052933,0
695c39e7ce90b13220851f18,2025,4,2.621317741798532,2.6519069622070783,3.213460651222859,3,Administration,Manager,0.5242635483597063,0.5303813924414157,0.6426921302445718,2.3001725034093767,0.3211452383891551,3.6067559951259747,-0.9548490329188963,2.67376019485258,0.5397004563702792,0
695c39e7ce90b13220851f19,2021,0,3.0274377708536195,2.9586654313422156,3.3001032332847675,3,Administration,Assistant Manager,0.6054875541707239,0.5917330862684431,0.6600206466569535,,,,,,,0
695c39e7ce90b13220851f19,2022,1,3.267833676525357,4.0037444504427615,3.3009957291128,3,Administration,Assistant Manager,0.6535667353050714,0.8007488900885523,0.66019914582256,3.0274377708536195,0.24039590567173752,2.9586654313422156,1.045079019100546,3.3001032332847675,0.0008924958280323025,0
695c39e7ce90b13220851f19,2023,2,2.0793345802045247,1.78307489727408,1.9538954135628392,3,Administration,Assistant Manager,0.4158669160409049,0.356614979454816,0.39077908271256784,3.267833676525357,-1.1884990963208324,4.0037444504427615,-2.2206695531686815,3.3009957291128,-1.3471003155499606,1
695c39e7ce90b13220851f19,2024,3,2.9998923001560005,4.202749407547853,3.164851815146512,3,Administration,Assistant Manager,0.5999784600312001,0.8405498815095707,0.6329703630293024,2.0793345802045247,0.9205577199514758,1.78307489727408,2.419674510273773,1.9538954135628392,1.210956401583673,0
695c39e7ce90b13220851f1a,2021,0,4.296310846733391,3.579440023834391,2.718992108101441,3,Administration,Manager,0.8592621693466782,0.7158880047668782,0.5437984216202882,,,,,,,0
695c39e7ce90b13220851f1a,2022,1,3.177689583329478,2.9108307937821736,2.0708310047940106,3,Administration,Manager,0.6355379166658957,0.5821661587564347,0.41416620095880213,4.296310846733391,-1.118621263403913,3.579440023834391,-0.6686092300522173,2.718992108101441,-0.6481611033074306,0
695c39e7ce90b13220851f1a,2023,2,3.636753156910758,2.9100114091791536,2.3829070928284537,3,Administration,Manager,0.7273506313821516,0.5820022818358307,0.47658141856569075,3.177689583329478,0.4590635735812798,2.9108307937821736,-0.0008193846030200014,2.0708310047940106,0.3120760880344431,1
695c39e7ce90b13220851f1a,2024,3,3.181966207699038,1.6164037472120771,3.277612662972705,3,Administration,Manager,0.6363932415398076,0.3232807494424154,0.6555225325945411,3.636753156910758,-0.4547869492117198,2.9100114091791536,-1.2936076619670764,2.3829070928284537,0.8947055701442514,0
695c39e7ce90b13220851f1b,2021,0,3.269184847290384,3.147585362332118,2.2364480447477293,3,Information Technology,Architect,0.6538369694580768,0.6295170724664236,0.44728960894954584,,,,,,,0
695c39e7ce90b13220851f1b,2022,1,2.6835627725442315,3.462799039420309,4.561263388739254,3,Information Technology,Architect,0.5367125545088463,0.6925598078840618,0.9122526777478509,3.269184847290384,-0.5856220747461527,3.147585362332118,0.31521367708819126,2.2364480447477293,2.324815343991525,0
695c39e7ce90b13220851f1b,2023,2,3.896064140730778,2.8810673073662865,3.6421368550478745,3,Information Technology,Architect,0.7792128281461557,0.5762134614732572,0.7284273710095749,2.6835627725442315,1.2125013681865466,3.462799039420309,-0.5817317320540227,4.561263388739254,-0.9191265336913799,0
695c39e7ce90b13220851f1b,2024,3,2.9853779176762227,3.570510393254902,2.7342766286446043,3,Information Technology,Architect,0.5970755835352446,0.7141020786509804,0.5468553257289208,3.896064140730778,-0.9106862230545554,2.8810673073662865,0.6894430858886156,3.6421368550478745,-0.9078602264032702,0
695c39e7ce90b13220851f1b,2025,4,3.53990022985438,2.336734991979109,2.6115942843359603,3,Information Technology,Architect,0.7079800459708759,0.4673469983958218,0.522318856867192,2.9853779176762227,0.5545223121781571,3.570510393254902,-1.233775401275793,2.7342766286446043,-0.122682344308644,0
695c39e7ce90b13220851f1c,2021,0,2.515574475806993,3.4481795957820096,4.695713211122023,3,Administration,Assistant General Manager,0.5031148951613986,0.6896359191564019,0.9391426422244045,,,,,,,0
695c39e7ce90b13220851f1c,2022,1,2.833245121246855,2.8825968675439797,2.5578343084953934,3,Administration,Assistant General Manager,0.566649024249371,0.5765193735087959,0.5115668616990787,2.515574475806993,0.3176706454398621,3.4481795957820096,-0.5655827282380299,4.695713211122023,-2.137878902626629,0
695c39e7ce90b13220851f1c,2023,2,2.83495015042475,1.6186264491253928,1.5213796682785854,3,Administration,Assistant General Manager,0.56699003008495,0.32372528982507853,0.3042759336557171,2.833245121246855,0.0017050291778950566,2.8825968675439797,-1.263970418418587,2.5578343084953934,-1.036454640216808,1
695c39e7ce90b13220851f1c,2024,3,2.3244166803256654,3.3042638166362526,3.1641009232635255,3,Administration,Assistant General Manager,0.4648833360651331,0.6608527633272505,0.6328201846527051,2.83495015042475,-0.5105334700990847,1.6186264491253928,1.6856373675108598,1.5213796682785854,1.6427212549849401,0
695c39e7ce90b13220851f1d,2021,0,4.166939945632362,4.350220778470065,3.316435145795843,3,Administration,Assistant General Manager,0.8333879891264724,0.8700441556940129,0.6632870291591686,,,,,,,0
695c39e7ce90b13220851f1e,2021,0,1.4488556559305454,2.092516340700444,1.5913786562200816,3,Information Technology,QA Engineer,0.2897711311861091,0.4185032681400888,0.3182757312440163,,,,,,,1
695c39e7ce90b13220851f1e,2022,1,3.721608506934714,4.213404643487963,4.349364213644298,3,Information Technology,QA Engineer,0.7443217013869428,0.8426809286975926,0.8698728427288597,1.4488556559305454,2.2727528510041686,2.092516340700444,2.120888302787519,1.5913786562200816,2.7579855574242167,0
695c39e7ce90b13220851f1f,2021,0,2.410274904684332,3.234108062936704,1.9779114157286397,3,Human Resources,Assistant Manager,0.48205498093686644,0.6468216125873407,0.39558228314572796,,,,,,,0
695c39e7ce90b13220851f1f,2022,1,3.1535527771862952,2.497287900263573,2.1421569447240634,3,Human Resources,Assistant Manager,0.6307105554372591,0.4994575800527146,0.4284313889448127,2.410274904684332,0.7432778725019631,3.234108062936704,-0.7368201626731308,1.9779114157286397,0.16424552899542366,1
695c39e7ce90b13220851f1f,2023,2,3.534647934659012,4.0854152495327485,3.262294375408885,3,Human Resources,Assistant Manager,0.7069295869318024,0.8170830499065497,0.652458875081777,3.1535527771862952,0.38109515747271683,2.497287900263573,1.5881273492691754,2.1421569447240634,1.1201374306848217,0
695c39e7ce90b13220851f20,2021,0,1.4926047252279862,1.6177799613174175,1.2640147250609797,3,Human Resources,Assistant General Manager,0.29852094504559723,0.3235559922634835,0.2528029450121959,,,,,,,1
695c39e7ce90b13220851f20,2022,1,2.9170047832779074,2.1760312562037365,3.305578670240099,3,Human Resources,Assistant General Manager,0.5834009566555814,0.4352062512407473,0.6611157340480198,1.4926047252279862,1.4244000580499212,1.6177799613174175,0.558251294886319,1.2640147250609797,2.0415639451791194,0
695c39e7ce90b13220851f21,2021,0,2.5688693348722937,1.9724471338435077,2.381589866609899,3,Administration,Associate,0.5137738669744587,0.3944894267687015,0.4763179733219798,,,,,,,1
695c39e7ce90b13220851f21,2022,1,2.979066484647781,3.404203409076179,3.2741921206320086,3,Administration,Associate,0.5958132969295562,0.6808406818152358,0.6548384241264017,2.5688693348722937,0.41019714977548727,1.9724471338435077,1.4317562752326713,2.381589866609899,0.8926022540221097,0
695c39e7ce90b13220851f22,2021,0,2.943897736547421,2.2670092089164244,4.194573972828614,3,Information Technology,Senior Software Engineer,0.5887795473094842,0.4534018417832849,0.8389147945657228,,,,,,,0
695c39e7ce90b13220851f22,2022,1,3.1529746118011492,3.363890265610429,2.775658335437285,3,Information Technology,Senior Software Engineer,0.6305949223602298,0.6727780531220857,0.555131667087457,2.943897736547421,0.2090768752537282,2.2670092089164244,1.0968810566940044,4.194573972828614,-1.4189156373913292,0
695c39e7ce90b13220851f22,2023,2,2.075484333371703,2.251262277817467,1.5845870393508847,3,Information Technology,Senior Software Engineer,0.4150968666743406,0.45025245556349336,0.31691740787017697,3.1529746118011492,-1.0774902784294462,3.363890265610429,-1.112627987792962,2.775658335437285,-1.1910712960864003,1
695c39e7ce90b13220851f22,2024,3,2.275945531125894,1.726798055995077,1.904669691158249,3,Information Technology,Senior Software Engineer,0.45518910622517883,0.3453596111990154,0.3809339382316498,2.075484333371703,0.20046119775419102,2.251262277817467,-0.5244642218223898,1.5845870393508847,0.3200826518073643,0
695c39e7ce90b13220851f23,2022,0,3.4657315327688267,3.059523309374204,3.451140507340093,3,Administration,Assistant Manager,0.6931463065537653,0.6119046618748408,0.6902281014680186,,,,,,,0
695c39e7ce90b13220851f23,2023,1,2.7098681547339605,2.7484521060877087,4.468660329142014,3,Administration,Assistant Manager,0.5419736309467921,0.5496904212175417,0.8937320658284028,3.4657315327688267,-0.7558633780348663,3.059523309374204,-0.3110712032864953,3.451140507340093,1.0175198218019208,0
695c39e7ce90b13220851f23,2024,2,3.4899808674182946,3.4044784079806405,3.324482486471987,3,Administration,Assistant Manager,0.6979961734836589,0.6808956815961281,0.6648964972943974,2.7098681547339605,0.7801127126843341,2.7484521060877087,0.6560263018929318,4.468660329142014,-1.144177842670027,1
695c39e7ce90b13220851f23,2025,3,2.524184436995418,2.262458130675597,2.1158025360117003,3,Administration,Assistant Manager,0.5048368873990836,0.4524916261351194,0.42316050720234005,3.4899808674182946,-0.9657964304228766,3.4044784079806405,-1.1420202773050434,3.324482486471987,-1.2086799504602865,0
695c39e7ce90b13220851f24,2022,0,1.5567305345993403,2.766899889279021,3.893308662024573,3,Human Resources,Assistant General Manager,0.3113461069198681,0.5533799778558042,0.7786617324049147,,,,,,,0
695c39e7ce90b13220851f24,2023,1,2.265234368867216,2.501650324808021,2.5481386257382743,3,Human Resources,Assistant General Manager,0.45304687377344316,0.5003300649616043,0.5096277251476549,1.5567305345993403,0.7085038342678756,2.766899889279021,-0.265249564471,3.893308662024573,-1.3451700362862988,0
695c39e7ce90b13220851f24,2024,2,1.7185800334985628,1.8661579950154195,2.3742795976736137,3,Human Resources,Assistant General Manager,0.3437160066997126,0.3732315990030839,0.4748559195347227,2.265234368867216,-0.546654335368653,2.501650324808021,-0.6354923297926016,2.5481386257382743,-0.17385902806466058,0
695c39e7ce90b13220851f24,2025,3,1.6372638931802692,1.9241827206556614,1.721283449742428,3,Human Resources,Assistant General Manager,0.3274527786360538,0.3848365441311323,0.34425668994848563,1.7185800334985628,-0.0813161403182936,1.8661579950154195,0.05802472564024197,2.3742795976736137,-0.6529961479311857,0
695c39e7ce90b13220851f25,2022,0,3.835933947139803,3.678145366557721,3.940274188068916,3,Administration,Senior Executive,0.7671867894279606,0.7356290733115441,0.7880548376137833,,,,,,,0
695c39e7ce90b13220851f26,2022,0,2.9500572098315105,3.433305564018589,2.7477120283595187,3,Administration,Associate,0.5900114419663021,0.6866611128037178,0.5495424056719037,,,,,,,0
695c39e7ce90b13220851f26,2023,1,4.283804264942492,3.697810032576376,3.588308259366751,3,Administration,Associate,0.8567608529884984,0.7395620065152751,0.7176616518733502,2.9500572098315105,1.3337470551109813,3.433305564018589,0.26450446855778686,2.7477120283595187,0.8405962310072321,0
695c39e7ce90b13220851f26,2024,2,3.9798001461781585,2.885771106781105,3.3649451201314937,3,Administration,Associate,0.7959600292356317,0.577154221356221,0.6729890240262988,4.283804264942492,-0.3040041187643334,3.697810032576376,-0.8120389257952709,3.588308259366751,-0.22336313923525708,1
695c39e7ce90b13220851f26,2025,3,2.886416654196424,2.488164724319459,3.013250010378449,3,Administration,Associate,0.5772833308392847,0.49763294486389176,0.6026500020756898,3.9798001461781585,-1.0933834919817347,2.885771106781105,-0.39760638246164604,3.3649451201314937,-0.35169510975304474,0
695c39e7ce90b13220851f27,2022,0,3.6665512415378587,3.9474213623516876,2.9827311989601335,3,Human Resources,Senior Manager,0.7333102483075717,0.7894842724703375,0.5965462397920267,,,,,,,0
695c39e7ce90b13220851f27,2023,1,2.5280896987201116,2.3659984959097664,1.7368675512878937,3,Human Resources,Senior Manager,0.5056179397440224,0.47319969918195326,0.34737351025757873,3.6665512415378587,-1.1384615428177471,3.9474213623516876,-1.5814228664419212,2.9827311989601335,-1.2458636476722398,1
695c39e7ce90b13220851f27,2024,2,3.266959102737198,4.654453950166958,3.0612136139647155,3,Human Resources,Senior Manager,0.6533918205474396,0.9308907900333916,0.6122427227929431,2.5280896987201116,0.7388694040170862,2.3659984959097664,2.2884554542571913,1.7368675512878937,1.3243460626768218,0
695c39e7ce90b13220851f28,2022,0,3.5995708132128037,2.9497654309404853,3.246205915503116,3,Human Resources,Associate,0.7199141626425607,0.589953086188097,0.6492411831006233,,,,,,,0
695c39e7ce90b13220851f28,2023,1,1.815382690375166,1.3421753506312566,3.2635965123916413,3,Human Resources,Associate,0.3630765380750332,0.26843507012625134,0.6527193024783282,3.5995708132128037,-1.7841881228376377,2.9497654309404853,-1.6075900803092287,3.246205915503116,0.017390596888525067,0
695c39e7ce90b13220851f28,2024,2,3.1759485943447627,2.804448266595966,3.161647104274761,3,Human Resources,Associate,0.6351897188689526,0.5608896533191932,0.6323294208549523,1.815382690375166,1.3605659039695968,1.3421753506312566,1.4622729159647094,3.2635965123916413,-0.10194940811688014,0
695c39e7ce90b13220851f28,2025,3,3.535921057202306,3.4021893720574785,2.21889433294934,3,Human Resources,Associate,0.7071842114404612,0.6804378744114957,0.443778866589868,3.1759485943447627,0.35997246285754336,2.804448266595966,0.5977411054615125,3.161647104274761,-0.9427527713254213,0
695c39e7ce90b13220851f29,2022,0,3.9279372721541486,2.5437749203645765,2.7108219951235912,3,Information Technology,Software Engineer,0.7855874544308297,0.5087549840729153,0.5421643990247182,,,,,,,0
695c39e7ce90b13220851f29,2023,1,1.5213351348124946,3.090085056132967,2.8276106240690844,3,Information Technology,Software Engineer,0.3042670269624989,0.6180170112265934,0.5655221248138169,3.9279372721541486,-2.406602137341654,2.5437749203645765,0.5463101357683904,2.7108219951235912,0.11678862894549313,0
695c39e7ce90b13220851f29,2024,2,3.708640517521588,2.3223051506721424,2.708091431481459,3,Information Technology,Software Engineer,0.7417281035043176,0.46446103013442847,0.5416182862962918,1.5213351348124946,2.1873053827090936,3.090085056132967,-0.7677799054608245,2.8276106240690844,-0.11951919258762533,1
695c39e7ce90b13220851f29,2025,3,2.3601878482805105,2.3844193879279643,1.71297466519058,3,Information Technology,Software Engineer,0.4720375696561021,0.47688387758559286,0.342594933038116,3.708640517521588,-1.3484526692410777,2.3223051506721424,0.06211423725582188,2.708091431481459,-0.9951167662908791,0
695c39e7ce90b13220851f2a,2022,0,2.825961467262282,3.0270221248901645,2.8105739177201614,3,Information Technology,Senior UI/UX Designer,0.5651922934524565,0.6054044249780329,0.5621147835440323,,,,,,,0
695c39e7ce90b13220851f2b,2022,0,3.7202834004097234,3.8815057003084865,3.1280634287980407,3,Information Technology,Project Manager,0.7440566800819447,0.7763011400616973,0.6256126857596082,,,,,,,0
695c39e7ce90b13220851f2b,2023,1,2.984032597284808,2.688098073689878,3.449836856132034,3,Information Technology,Project Manager,0.5968065194569616,0.5376196147379756,0.6899673712264068,3.7202834004097234,-0.7362508031249155,3.8815057003084865,-1.1934076266186087,3.1280634287980407,0.3217734273339934,0
695c39e7ce90b13220851f2b,2024,2,3.6770035228110056,2.7017697787483357,4.498606333603382,3,Information Technology,Project Manager,0.7354007045622011,0.5403539557496672,0.8997212667206764,2.984032597284808,0.6929709255261978,2.688098073689878,0.013671705058457828,3.449836856132034,1.0487694774713479,0
695c39e7ce90b13220851f2b,2025,3,3.9642291579073747,3.9376117193496385,2.8590564857467546,3,Information Technology,Project Manager,0.7928458315814749,0.7875223438699277,0.571811297149351,3.6770035228110056,0.2872256350963691,2.7017697787483357,1.2358419406013028,4.498606333603382,-1.6395498478566273,0
695c39e7ce90b13220851f2c,2022,0,3.408251974932778,3.551496590951952,1.8222107003019943,3,Information Technology,QA Engineer,0.6816503949865556,0.7102993181903904,0.3644421400603989,,,,,,,0
695c39e7ce90b13220851f2d,2022,0,1.6224198912668917,1.461062563491832,1.8845994114416376,3,Administration,Senior Executive,0.3244839782533783,0.2922125126983664,0.3769198822883275,,,,,,,1
695c39e7ce90b13220851f2d,2023,1,3.2904477593378645,2.1252016892829717,2.088042359353035,3,Administration,Senior Executive,0.6580895518675729,0.42504033785659434,0.417608471870607,1.6224198912668917,1.6680278680709728,1.461062563491832,0.6641391257911398,1.8845994114416376,0.2034429479113975,0
695c39e7ce90b13220851f2e,2022,0,3.0468034271856905,2.6345489897153223,2.1252045356272635,3,Information Technology,QA Engineer,0.6093606854371381,0.5269097979430645,0.4250409071254527,,,,,,,0
695c39e7ce90b13220851f2e,2023,1,3.195266201476792,2.0430370322411537,2.337842756296843,3,Information Technology,QA Engineer,0.6390532402953584,0.40860740644823074,0.46756855125936864,3.0468034271856905,0.14846277429110133,2.6345489897153223,-0.5915119574741685,2.1252045356272635,0.2126382206695796,0
695c39e7ce90b13220851f2e,2024,2,1.357264333340857,1.7172288889886702,2.9282012682419323,3,Information Technology,QA Engineer,0.27145286666817137,0.34344577779773405,0.5856402536483865,3.195266201476792,-1.838001868135935,2.0430370322411537,-0.32580814325248353,2.337842756296843,0.5903585119450891,0
695c39e7ce90b13220851f2e,2025,3,2.877840594805501,2.844350282035806,3.1016190194523356,3,Information Technology,QA Engineer,0.5755681189611002,0.5688700564071613,0.6203238038904672,1.357264333340857,1.5205762614646439,1.7172288889886702,1.127121393047136,2.9282012682419323,0.17341775121040337,0
695c39e7ce90b13220851f2f,2022,0,2.178321898536433,2.3245696695528677,3.3510307448543775,3,Information Technology,Software Engineer,0.43566437970728666,0.46491393391057356,0.6702061489708755,,,,,,,0
695c39e7ce90b13220851f2f,2023,1,3.4846038923289044,1.8697823809631895,1.8091567366245667,3,Information Technology,Software Engineer,0.6969207784657809,0.3739564761926379,0.36183134732491334,2.178321898536433,1.3062819937924712,2.3245696695528677,-0.4547872885896782,3.3510307448543775,-1.5418740082298108,0
695c39e7ce90b13220851f2f,2024,2,2.0612103280568346,3.3841506221339586,2.175523124077943,3,Information Technology,Software Engineer,0.4122420656113669,0.6768301244267917,0.43510462481558865,3.4846038923289044,-1.4233935642720699,1.8697823809631895,1.514368241170769,1.8091567366245667,0.36636638745337646,0
695c39e7ce90b13220851f2f,2025,3,3.2655504110521854,1.7896921250364968,2.1164800596848283,3,Information Technology,Software Engineer,0.6531100822104371,0.35793842500729933,0.42329601193696564,2.0612103280568346,1.2043400829953508,3.3841506221339586,-1.5944584970974618,2.175523124077943,-0.0590430643931148,0
695c39e7ce90b13220851f30,2022,0,2.3232809550871956,3.105661283305788,3.0697155297071683,3,Information Technology,Tech Lead,0.4646561910174391,0.6211322566611577,0.6139431059414336,,,,,,,0
695c39e7ce90b13220851f30,2023,1,2.9618227548402807,2.265731113681458,2.6665964318354285,3,Information Technology,Tech Lead,0.5923645509680562,0.4531462227362916,0.5333192863670857,2.3232809550871956,0.6385417997530851,3.105661283305788,-0.83993016962433,3.0697155297071683,-0.40311909787173983,0
695c39e7ce90b13220851f30,2024,2,2.7951115343949855,1.8161093658274514,2.9729430869456825,3,Information Technology,Tech Lead,0.5590223068789971,0.36322187316549026,0.5945886173891365,2.9618227548402807,-0.16671122044529518,2.265731113681458,-0.44962174785400677,2.6665964318354285,0.30634665511025405,1
695c39e7ce90b13220851f30,2025,3,2.016143323929911,1.1510272868336995,1.2946429250949933,3,Information Technology,Tech Lead,0.4032286647859822,0.2302054573667399,0.2589285850189987,2.7951115343949855,-0.7789682104650746,1.8161093658274514,-0.6650820789937519,2.9729430869456825,-1.6783001618506892,0
695c39e7ce90b13220851f31,2022,0,2.323380382718965,2.6001337863993057,2.239754399117567,3,Information Technology,Software Engineer,0.46467607654379306,0.5200267572798611,0.4479508798235134,,,,,,,1
695c39e7ce90b13220851f31,2023,1,4.669061979826239,2.873528289412481,4.030106195512465,3,Information Technology,Software Engineer,0.9338123959652478,0.5747056578824962,0.806021239102493,2.323380382718965,2.3456815971072738,2.6001337863993057,0.27339450301317525,2.239754399117567,1.7903517963948978,0
695c39e7ce90b13220851f32,2022,0,2.3646814626443504,4.515881956025703,4.567374215930984,3,Information Technology,UI/UX Designer,0.4729362925288701,0.9031763912051407,0.9134748431861969,,,,,,,0
695c39e7ce90b13220851f32,2023,1,4.519112035089549,4.883110315793394,3.7385028131420497,3,Information Technology,UI/UX Designer,0.9038224070179097,0.9766220631586788,0.7477005626284099,2.3646814626443504,2.1544305724451984,4.515881956025703,0.3672283597676911,4.567374215930984,-0.8288714027889346,0
695c39e7ce90b13220851f32,2024,2,4.932815528848267,4.48867098836333,4.394080671970054,3,Information Technology,UI/UX Designer,0.9865631057696534,0.8977341976726659,0.8788161343940107,4.519112035089549,0.4137034937587183,4.883110315793394,-0.3944393274300646,3.7385028131420497,0.6555778588280039,1
695c39e7ce90b13220851f32,2025,3,2.7849309606630346,3.1892981894169257,3.062072747594866,3,Information Technology,UI/UX Designer,0.5569861921326069,0.6378596378833852,0.6124145495189732,4.932815528848267,-2.1478845681852325,4.48867098836333,-1.2993727989464041,4.394080671970054,-1.3320079243751874,0
695c39e7ce90b13220851f33,2022,0,3.501157119568942,3.4611525702783377,3.13623608905926,3,Administration,Assistant General Manager,0.7002314239137883,0.6922305140556675,0.627247217811852,,,,,,,0
695c39e7ce90b13220851f33,2023,1,3.1231620964704754,2.3351049034171663,2.8776420828937908,3,Administration,Assistant General Manager,0.6246324192940951,0.46702098068343323,0.5755284165787582,3.501157119568942,-0.37799502309846655,3.4611525702783377,-1.1260476668611714,3.13623608905926,-0.25859400616546946,0
695c39e7ce90b13220851f33,2024,2,2.2839207165435718,1.1490716817081807,1.4311670277133663,3,Administration,Assistant General Manager,0.45678414330871436,0.22981433634163614,0.2862334055426733,3.1231620964704754,-0.8392413799269036,2.3351049034171663,-1.1860332217089855,2.8776420828937908,-1.4464750551804244,1
695c39e7ce90b13220851f33,2025,3,2.251029342108712,2.2063120370205294,1.9242621665520592,3,Administration,Assistant General Manager,0.4502058684217424,0.4412624074041059,0.38485243331041186,2.2839207165435718,-0.03289137443485979,1.1490716817081807,1.0572403553123486,1.4311670277133663,0.4930951388386928,0
695c39e7ce90b13220851f34,2022,0,4.49819329236468,4.3704562254021,4.096160377127115,3,Information Technology,UI/UX Lead,0.8996386584729359,0.8740912450804201,0.819232075425423,,,,,,,0
695c39e7ce90b13220851f34,2023,1,2.922857716196448,4.2390323293073084,3.921420063670876,3,Information Technology,UI/UX Lead,0.5845715432392896,0.8478064658614617,0.7842840127341753,4.49819329236468,-1.5753355761682317,4.3704562254021,-0.131423896094792,4.096160377127115,-0.17474031345623864,0
695c39e7ce90b13220851f34,2024,2,3.235327327976219,3.899770959949613,4.106347223297045,3,Information Technology,UI/UX Lead,0.6470654655952438,0.7799541919899226,0.8212694446594091,2.922857716196448,0.31246961177977095,4.2390323293073084,-0.3392613693576956,3.921420063670876,0.18492715962616924,1
695c39e7ce90b13220851f34,2025,3,1.9050965074460635,1.5953876804160139,1.5487725645860047,3,Information Technology,UI/UX Lead,0.3810193014892127,0.3190775360832028,0.3097545129172009,3.235327327976219,-1.3302308205301554,3.899770959949613,-2.304383279533599,4.106347223297045,-2.5575746587110406,0
695c39e7ce90b13220851f35,2022,0,3.8886473415026854,3.964455323695717,4.038411880586818,3,Administration,General Manager,0.7777294683005371,0.7928910647391434,0.8076823761173635,,,,,,,0
695c39e7ce90b13220851f35,2023,1,3.2560382059793915,3.782564353983425,2.319784181591393,3,Administration,General Manager,0.6512076411958783,0.756512870796685,0.46395683631827855,3.8886473415026854,-0.6326091355232939,3.964455323695717,-0.1818909697122919,4.038411880586818,-1.7186276989954248,1
695c39e7ce90b13220851f35,2024,2,4.351276062310488,3.875137164847347,4.328980298949032,3,Administration,General Manager,0.8702552124620976,0.7750274329694694,0.8657960597898064,3.2560382059793915,1.0952378563310963,3.782564353983425,0.09257281086392188,2.319784181591393,2.0091961173576394,0
695c39e7ce90b13220851f36,2022,0,3.151552325168301,2.0504204410129043,2.48157107075649,3,Information Technology,Associate Software Engineer,0.6303104650336602,0.41008408820258085,0.49631421415129806,,,,,,,0
695c39e7ce90b13220851f36,2023,1,2.963389732654928,2.9810121361324824,3.2567899903646,3,Information Technology,Associate Software Engineer,0.5926779465309856,0.5962024272264965,0.65135799807292,3.151552325168301,-0.18816259251337275,2.0504204410129043,0.9305916951195781,2.48157107075649,0.7752189196081098,0
695c39e7ce90b13220851f36,2024,2,4.036945417025785,3.095662735712867,3.6400641194711443,3,Information Technology,Associate Software Engineer,0.8073890834051569,0.6191325471425734,0.7280128238942288,2.963389732654928,1.0735556843708567,2.9810121361324824,0.1146505995803846,3.2567899903646,0.38327412910654424,1
695c39e7ce90b13220851f36,2025,3,2.761829860212094,4.072605897330647,2.110961224814072,3,Information Technology,Associate Software Engineer,0.5523659720424188,0.8145211794661295,0.4221922449628144,4.036945417025785,-1.2751155568136907,3.095662735712867,0.9769431616177804,3.6400641194711443,-1.5291028946570724,0
695c39e7ce90b13220851f37,2022,0,2.749636112672097,1.6488355315296013,2.5004955463302165,3,Administration,Senior Executive,0.5499272225344194,0.32976710630592027,0.5000991092660433,,,,,,,0
695c39e7ce90b13220851f37,2023,1,2.7689471812729565,1.8598186998536672,3.0440661193076983,3,Administration,Senior Executive,0.5537894362545913,0.37196373997073345,0.6088132238615397,2.749636112672097,0.019311068600859294,1.6488355315296013,0.21098316832406594,2.5004955463302165,0.5435705729774818,0
695c39e7ce90b13220851f37,2024,2,1.2309590438857834,1.2326952588326563,1.8931338564186544,3,Administration,Senior Executive,0.24619180877715668,0.24653905176653126,0.3786267712837309,2.7689471812729565,-1.537988137387173,1.8598186998536672,-0.6271234410210109,3.0440661193076983,-1.150932262889044,1
695c39e7ce90b13220851f37,2025,3,3.4616793722466976,3.3827273127422046,2.4744207148216475,3,Administration,Senior Executive,0.6923358744493395,0.676545462548441,0.4948841429643295,1.2309590438857834,2.2307203283609143,1.2326952588326563,2.1500320539095483,1.8931338564186544,0.5812868584029931,0
695c39e7ce90b13220851f38,2022,0,2.7510752200687336,3.118015014127052,3.7691654027863333,3,Administration,Manager,0.5502150440137468,0.6236030028254105,0.7538330805572666,,,,,,,0
695c39e7ce90b13220851f38,2023,1,2.631471468950669,2.621337079615069,2.941883408654292,3,Administration,Manager,0.5262942937901338,0.5242674159230137,0.5883766817308584,2.7510752200687336,-0.11960375111806476,3.118015014127052,-0.4966779345119834,3.7691654027863333,-0.8272819941320413,0
695c39e7ce90b13220851f38,2024,2,3.182867721679418,3.501028769725674,5.0,3,Administration,Manager,0.6365735443358835,0.7002057539451348,1.0,2.631471468950669,0.551396252728749,2.621337079615069,0.8796916901106053,2.941883408654292,2.058116591345708,1
695c39e7ce90b13220851f38,2025,3,2.523477513834022,2.296736379508447,2.882300775224313,3,Administration,Manager,0.5046955027668044,0.4593472759016894,0.5764601550448626,3.182867721679418,-0.6593902078453957,3.501028769725674,-1.2042923902172271,5.0,-2.117699224775687,0
695c39e7ce90b13220851f39,2022,0,2.4089556755761747,3.2735464230021396,1.781734498809533,3,Human Resources,Senior Manager,0.48179113511523497,0.6547092846004279,0.3563468997619066,,,,,,,1
695c39e7ce90b13220851f39,2023,1,5.0,3.9223934252979955,3.6610615545134326,3,Human Resources,Senior Manager,1.0,0.7844786850595991,0.7322123109026866,2.4089556755761747,2.5910443244238253,3.2735464230021396,0.6488470022958559,1.781734498809533,1.8793270557038997,0
695c39e7ce90b13220851f3a,2022,0,3.0849678840391532,3.511644125848848,3.5904395749200733,3,Information Technology,Senior QA Engineer,0.6169935768078306,0.7023288251697697,0.7180879149840147,,,,,,,0
695c39e7ce90b13220851f3b,2022,0,4.009190440178719,4.160316979487496,3.011708160694142,3,Administration,Team Lead,0.8018380880357437,0.8320633958974992,0.6023416321388284,,,,,,,0
695c39e7ce90b13220851f3b,2023,1,2.7487916338050775,1.981684224251672,3.4865222829747706,3,Administration,Team Lead,0.5497583267610155,0.3963368448503344,0.6973044565949541,4.009190440178719,-1.260398806373641,4.160316979487496,-2.1786327552358244,3.011708160694142,0.4748141222806286,0
695c39e7ce90b13220851f3b,2024,2,4.552538307328603,3.639530103333813,3.447660229677745,3,Administration,Team Lead,0.9105076614657206,0.7279060206667627,0.6895320459355491,2.7487916338050775,1.8037466735235252,1.981684224251672,1.6578458790821413,3.4865222829747706,-0.03886205329702541,1
695c39e7ce90b13220851f3b,2025,3,1.814395091604552,2.385759935649167,1.5238409165700375,3,Administration,Team Lead,0.3628790183209104,0.4771519871298334,0.3047681833140075,4.552538307328603,-2.738143215724051,3.639530103333813,-1.253770167684646,3.447660229677745,-1.9238193131077077,0
695c39e7ce90b13220851f3c,2022,0,2.3699501410636707,3.8475390558236446,2.8755381674951432,3,Administration,Assistant Manager,0.47399002821273417,0.7695078111647289,0.5751076334990286,,,,,,,0
695c39e7ce90b13220851f3c,2023,1,1.6353994734592119,2.052179457193433,2.3421192684046894,3,Administration,Assistant Manager,0.3270798946918424,0.41043589143868664,0.46842385368093786,2.3699501410636707,-0.7345506676044589,3.8475390558236446,-1.7953595986302116,2.8755381674951432,-0.5334188990904538,1
695c39e7ce90b13220851f3c,2024,2,4.488758045271269,3.821257863985251,4.114184652110355,3,Administration,Assistant Manager,0.8977516090542539,0.7642515727970502,0.822836930422071,1.6353994734592119,2.8533585718120573,2.052179457193433,1.769078406791818,2.3421192684046894,1.7720653837056655,0
695c39e7ce90b13220851f3d,2022,0,3.2066826169709475,2.7987031230422956,4.326385041291889,3,Human Resources,Manager,0.6413365233941895,0.5597406246084591,0.8652770082583778,,,,,,,0
695c39e7ce90b13220851f3e,2022,0,3.7687394997663075,2.6337456170032523,3.7816598294994477,3,Administration,General Manager,0.7537478999532615,0.5267491234006505,0.7563319658998895,,,,,,,0
695c39e7ce90b13220851f3e,2023,1,3.269674499387792,1.3358474238967148,2.8033702792628947,3,Administration,General Manager,0.6539348998775585,0.267169484779343,0.5606740558525789,3.7687394997663075,-0.4990650003785153,2.6337456170032523,-1.2978981931065374,3.7816598294994477,-0.978289550236553,1
695c39e7ce90b13220851f3e,2024,2,4.386134708636957,4.453266045882001,3.0682837036975177,3,Administration,General Manager,0.8772269417273915,0.8906532091764001,0.6136567407395035,3.269674499387792,1.1164602092491651,1.3358474238967148,3.1174186219852857,2.8033702792628947,0.26491342443462296,0
695c39e7ce90b13220851f3f,2022,0,3.1791048138694196,3.080817470696983,4.152778007470479,3,Information Technology,Project Manager,0.6358209627738839,0.6161634941393965,0.8305556014940958,,,,,,,0
695c39e7ce90b13220851f3f,2023,1,2.9193655832427585,1.0035163494536619,2.152454553379359,3,Information Technology,Project Manager,0.5838731166485517,0.20070326989073237,0.43049091067587175,3.1791048138694196,-0.25973923062666104,3.080817470696983,-2.077301121243321,4.152778007470479,-2.00032345409112,0
695c39e7ce90b13220851f3f,2024,2,2.092324858701282,2.1256236856928115,2.6305787762094104,3,Information Technology,Project Manager,0.41846497174025643,0.4251247371385623,0.526115755241882,2.9193655832427585,-0.8270407245414764,1.0035163494536619,1.1221073362391496,2.152454553379359,0.4781242228300515,0
695c39e7ce90b13220851f3f,2025,3,1.6183065778373673,3.267607928673032,2.701561249784105,3,Information Technology,Project Manager,0.32366131556747346,0.6535215857346064,0.5403122499568209,2.092324858701282,-0.47401828086391484,2.1256236856928115,1.1419842429802207,2.6305787762094104,0.07098247357469445,0
695c39e7ce90b13220851f40,2022,0,2.7889972679753594,3.348867375834478,3.997695830097549,3,Administration,Team Lead,0.5577994535950719,0.6697734751668956,0.7995391660195098,,,,,,,0
695c39e7ce90b13220851f41,2022,0,2.6772648824817966,1.6116268046978592,1.4573130360648774,3,Human Resources,Manager,0.5354529764963594,0.32232536093957187,0.29146260721297546,,,,,,,0
695c39e7ce90b13220851f41,2023,1,2.7077929520666704,2.508490175381231,2.4643047888821545,3,Human Resources,Manager,0.5415585904133341,0.5016980350762462,0.4928609577764309,2.6772648824817966,0.03052806958487375,1.6116268046978592,0.8968633706833717,1.4573130360648774,1.0069917528172772,0
695c39e7ce90b13220851f41,2024,2,2.1265385441074347,1.5096930489439644,1.1328945522037628,3,Human Resources,Manager,0.42530770882148694,0.3019386097887929,0.22657891044075257,2.7077929520666704,-0.5812544079592357,2.508490175381231,-0.9987971264372666,2.4643047888821545,-1.3314102366783918,1
695c39e7ce90b13220851f41,2025,3,2.328803301464278,3.741029464981053,4.171169302953649,3,Human Resources,Manager,0.4657606602928556,0.7482058929962105,0.8342338605907298,2.1265385441074347,0.20226475735684346,1.5096930489439644,2.2313364160370885,1.1328945522037628,3.0382747507498857,0
695c39e7ce90b13220851f42,2022,0,2.827958709349779,1.8423909361123143,3.1192334055747573,3,Information Technology,Architect,0.5655917418699559,0.36847818722246284,0.6238466811149515,,,,,,,0
695c39e7ce90b13220851f42,2023,1,3.253606391124557,1.158085900970716,1.738649258758824,3,Information Technology,Architect,0.6507212782249114,0.2316171801941432,0.3477298517517648,2.827958709349779,0.4256476817747781,1.8423909361123143,-0.6843050351415982,3.1192334055747573,-1.3805841468159332,0
695c39e7ce90b13220851f42,2024,2,4.019348734406783,4.258265809680839,2.8840437200252675,3,Information Technology,Architect,0.8038697468813567,0.8516531619361677,0.5768087440050536,3.253606391124557,0.7657423432822261,1.158085900970716,3.1001799087101225,1.738649258758824,1.1453944612664435,0
695c39e7ce90b13220851f42,2025,3,3.3621663409678373,3.452067246170982,2.684179257926687,3,Information Technology,Architect,0.6724332681935674,0.6904134492341963,0.5368358515853374,4.019348734406783,-0.657182393438946,4.258265809680839,-0.8061985635098567,2.8840437200252675,-0.19986446209858055,0
695c39e7ce90b13220851f43,2022,0,2.3418613299228226,2.5427427302904166,2.360960679192229,3,Human Resources,General Manager,0.4683722659845645,0.5085485460580833,0.4721921358384458,,,,,,,0
695c39e7ce90b13220851f43,2023,1,3.661605879670448,1.3261023909396092,3.3671741007738913,3,Human Resources,General Manager,0.7323211759340895,0.2652204781879218,0.6734348201547783,2.3418613299228226,1.3197445497476252,2.5427427302904166,-1.2166403393508074,2.360960679192229,1.0062134215816623,0
695c39e7ce90b13220851f43,2024,2,3.456143146296899,4.122842688799175,3.3190426096646153,3,Human Resources,General Manager,0.6912286292593798,0.8245685377598351,0.6638085219329231,3.661605879670448,-0.2054627333735488,1.3261023909396092,2.796740297859566,3.3671741007738913,-0.04813149110927606,0
695c39e7ce90b13220851f43,2025,3,2.721793209624449,4.250568933354746,4.46880710576685,3,Human Resources,General Manager,0.5443586419248898,0.8501137866709492,0.8937614211533701,3.456143146296899,-0.7343499366724502,4.122842688799175,0.12772624455557047,3.3190426096646153,1.149764496102235,0
695c39e7ce90b13220851f44,2022,0,4.41805739681692,3.1054324060033878,2.629264880970928,3,Administration,Assistant Manager,0.883611479363384,0.6210864812006776,0.5258529761941856,,,,,,,0
695c39e7ce90b13220851f44,2023,1,3.570971042288112,2.278259346429008,4.8593396560388715,3,Administration,Assistant Manager,0.7141942084576224,0.4556518692858016,0.9718679312077743,4.41805739681692,-0.8470863545288081,3.1054324060033878,-0.8271730595743798,2.629264880970928,2.2300747750679437,0
695c39e7ce90b13220851f44,2024,2,1.3398096871416967,1.427954514683236,1.5346508594698904,3,Administration,Assistant Manager,0.26796193742833935,0.2855909029366472,0.3069301718939781,3.570971042288112,-2.231161355146415,2.278259346429008,-0.850304831745772,4.8593396560388715,-3.324688796568981,1
695c39e7ce90b13220851f44,2025,3,3.4109426049898,2.5470829146956815,2.420801844080722,3,Administration,Assistant Manager,0.68218852099796,0.5094165829391363,0.48416036881614444,1.3398096871416967,2.0711329178481033,1.427954514683236,1.1191284000124455,1.5346508594698904,0.8861509846108317,0
695c39e7ce90b13220851f45,2022,0,2.712722026469049,3.898374705310782,4.327843092792319,3,Administration,Manager,0.5425444052938098,0.7796749410621564,0.8655686185584639,,,,,,,0
695c39e7ce90b13220851f45,2023,1,2.6836904270717366,2.853474117833067,4.249203159967439,3,Administration,Manager,0.5367380854143473,0.5706948235666134,0.8498406319934878,2.712722026469049,-0.02903159939731248,3.898374705310782,-1.0449005874777146,4.327843092792319,-0.07863993282488035,0
695c39e7ce90b13220851f45,2024,2,3.6264984415455945,3.1761421405853754,3.819216118565148,3,Administration,Manager,0.725299688309119,0.635228428117075,0.7638432237130296,2.6836904270717366,0.942808014473858,2.853474117833067,0.3226680227523082,4.249203159967439,-0.42998704140229105,0
695c39e7ce90b13220851f45,2025,3,4.19719128054951,3.5553271652776166,3.642097796388807,3,Administration,Manager,0.839438256109902,0.7110654330555233,0.7284195592777614,3.6264984415455945,0.5706928390039154,3.1761421405853754,0.37918502469224125,3.819216118565148,-0.17711832217634083,0
695c39e7ce90b13220851f46,2022,0,3.6555840612324264,4.833955694459764,2.8144121681979946,3,Human Resources,Executive,0.7311168122464853,0.9667911388919528,0.5628824336395989,,,,,,,0
695c39e7ce90b13220851f46,2023,1,1.9308646251306165,2.642314052554779,3.2706008820723325,3,Human Resources,Executive,0.3861729250261233,0.5284628105109558,0.6541201764144665,3.6555840612324264,-1.7247194361018099,4.833955694459764,-2.191641641904985,2.8144121681979946,0.4561887138743379,1
695c39e7ce90b13220851f46,2024,2,2.981291969320265,3.7658407852647384,4.337015631369953,3,Human Resources,Executive,0.596258393864053,0.7531681570529477,0.8674031262739905,1.9308646251306165,1.0504273441896486,2.642314052554779,1.1235267327099594,3.2706008820723325,1.0664147492976204,0
695c39e7ce90b13220851f47,2022,0,4.112741115375511,4.079645399889927,3.5094621285790604,3,Information Technology,Senior UI/UX Designer,0.8225482230751021,0.8159290799779854,0.7018924257158121,,,,,,,0
695c39e7ce90b13220851f47,2023,1,3.3030204325312535,3.2695125188823013,4.640687832546095,3,Information Technology,Senior UI/UX Designer,0.6606040865062507,0.6539025037764603,0.928137566509219,4.112741115375511,-0.8097206828442571,4.079645399889927,-0.8101328810076254,3.5094621285790604,1.1312257039670346,0
695c39e7ce90b13220851f47,2024,2,3.1315970309668737,3.6876290677405765,4.28941032051473,3,Information Technology,Senior UI/UX Designer,0.6263194061933748,0.7375258135481153,0.8578820641029459,3.3030204325312535,-0.17142340156437985,3.2695125188823013,0.4181165488582752,4.640687832546095,-0.35127751203136537,0
695c39e7ce90b13220851f47,2025,3,2.7757295241992432,3.8392439383409878,3.7786023962256117,3,Information Technology,Senior UI/UX Designer,0.5551459048398486,0.7678487876681975,0.7557204792451223,3.1315970309668737,-0.35586750676763046,3.6876290677405765,0.15161487060041123,4.28941032051473,-0.5108079242891179,0
695c39e7ce90b13220851f48,2022,0,2.473971669891159,3.361656085931094,2.7809701322672824,3,Human Resources,Assistant General Manager,0.4947943339782318,0.6723312171862188,0.5561940264534565,,,,,,,0
695c39e7ce90b13220851f48,2023,1,3.522318999948303,2.2504818127923576,2.216653352005358,3,Human Resources,Assistant General Manager,0.7044637999896606,0.4500963625584715,0.44333067040107166,2.473971669891159,1.048347330057144,3.361656085931094,-1.1111742731387366,2.7809701322672824,-0.5643167802619242,0
695c39e7ce90b13220851f48,2024,2,2.399526278813118,3.073073359973093,3.510780170253132,3,Human Resources,Assistant General Manager,0.47990525576262366,0.6146146719946186,0.7021560340506264,3.522318999948303,-1.122792721135185,2.2504818127923576,0.8225915471807355,2.216653352005358,1.2941268182477739,1
695c39e7ce90b13220851f48,2025,3,2.5895459062753643,1.9062675759328502,1.4518227709214042,3,Human Resources,Assistant General Manager,0.5179091812550729,0.38125351518657,0.29036455418428087,2.399526278813118,0.1900196274622461,3.073073359973093,-1.1668057840402428,3.510780170253132,-2.058957399331728,0
695c39e7ce90b13220851f49,2022,0,1.5411319938483592,2.3652059145170465,3.800460538359715,3,Information Technology,Associate QA Engineer,0.30822639876967184,0.4730411829034093,0.760092107671943,,,,,,,0
695c39e7ce90b13220851f49,2023,1,2.834383194392026,4.0648028640281355,2.545002546381203,3,Information Technology,Associate QA Engineer,0.5668766388784052,0.8129605728056271,0.5090005092762406,1.5411319938483592,1.2932512005436667,2.3652059145170465,1.699596949511089,3.800460538359715,-1.255457991978512,0
695c39e7ce90b13220851f49,2024,2,2.520262573023264,2.9509114910330876,2.939192345197552,3,Information Technology,Associate QA Engineer,0.5040525146046528,0.5901822982066175,0.5878384690395104,2.834383194392026,-0.31412062136876173,4.0648028640281355,-1.113891372995048,2.545002546381203,0.39418979881634897,0
695c39e7ce90b13220851f49,2025,3,2.826322754789633,2.06770075357424,3.154581620602896,3,Information Technology,Associate QA Engineer,0.5652645509579266,0.41354015071484806,0.6309163241205792,2.520262573023264,0.3060601817663686,2.9509114910330876,-0.8832107374588474,2.939192345197552,0.21538927540534392,0
695c39e7ce90b13220851f4a,2022,0,4.117890476554786,2.716855025271382,4.246774993773462,3,Human Resources,Assistant General Manager,0.8235780953109572,0.5433710050542764,0.8493549987546924,,,,,,,0
695c39e7ce90b13220851f4a,2023,1,3.0684852653330346,3.277183270755709,1.8584196918958908,3,Human Resources,Assistant General Manager,0.6136970530666069,0.6554366541511418,0.3716839383791782,4.117890476554786,-1.0494052112217513,2.716855025271382,0.5603282454843268,4.246774993773462,-2.388355301877571,0
695c39e7ce90b13220851f4a,2024,2,3.1295927215957358,4.01739947716704,3.1295430769375345,3,Human Resources,Assistant General Manager,0.6259185443191472,0.803479895433408,0.6259086153875069,3.0684852653330346,0.0611074562627012,3.277183270755709,0.7402162064113313,1.8584196918958908,1.2711233850416437,1
695c39e7ce90b13220851f4a,2025,3,1.9528524671449499,2.1221481923065704,2.4074194117635757,3,Human Resources,Assistant General Manager,0.39057049342899,0.4244296384613141,0.4814838823527151,3.1295927215957358,-1.176740254450786,4.01739947716704,-1.89525128486047,3.1295430769375345,-0.7221236651739589,0
695c39e7ce90b13220851f4b,2022,0,2.6865948116550733,3.510271602269893,3.069089446881918,3,Human Resources,Senior Manager,0.5373189623310146,0.7020543204539786,0.6138178893763836,,,,,,,0
695c39e7ce90b13220851f4b,2023,1,3.802077393824333,3.948032731038424,2.5003098009969245,3,Human Resources,Senior Manager,0.7604154787648666,0.7896065462076848,0.5000619601993849,2.6865948116550733,1.1154825821692596,3.510271602269893,0.437761128768531,3.069089446881918,-0.5687796458849936,0
695c39e7ce90b13220851f4b,2024,2,4.1851277338912505,3.6648364743026187,4.072093622467973,3,Human Resources,Senior Manager,0.8370255467782501,0.7329672948605237,0.8144187244935945,3.802077393824333,0.3830503400669176,3.948032731038424,-0.2831962567358053,2.5003098009969245,1.5717838214710484,0
695c39e7ce90b13220851f4b,2025,3,3.2526315259082814,3.0071656466836756,3.844890456430151,3,Human Resources,Senior Manager,0.6505263051816563,0.6014331293367351,0.7689780912860302,4.1851277338912505,-0.9324962079829691,3.6648364743026187,-0.6576708276189431,4.072093622467973,-0.22720316603782198,0
695c39e7ce90b13220851f4c,2022,0,4.129412833047547,4.378957789248428,4.2169457972376945,3,Administration,Executive,0.8258825666095093,0.8757915578496857,0.8433891594475389,,,,,,,0
695c39e7ce90b13220851f4c,2023,1,3.1326102493583896,3.130044261314724,3.421984018065352,3,Administration,Executive,0.6265220498716779,0.6260088522629448,0.6843968036130704,4.129412833047547,-0.9968025836891572,4.378957789248428,-1.2489135279337042,4.2169457972376945,-0.7949617791723425,1
695c39e7ce90b13220851f4c,2024,2,3.718721346692769,2.210658384065968,3.535764739605802,3,Administration,Executive,0.7437442693385539,0.4421316768131936,0.7071529479211603,3.1326102493583896,0.5861110973343795,3.130044261314724,-0.919385877248756,3.421984018065352,0.11378072154044983,0
695c39e7ce90b13220851f4d,2022,0,3.9299723164536005,1.7030621080369952,2.4469962534113647,3,Information Technology,Senior UI/UX Designer,0.7859944632907201,0.340612421607399,0.48939925068227297,,,,,,,0
695c39e7ce90b13220851f4d,2023,1,2.583037885310179,1.4185342230280216,3.234241928857746,3,Information Technology,Senior UI/UX Designer,0.5166075770620357,0.2837068446056043,0.6468483857715492,3.9299723164536005,-1.3469344311434215,1.7030621080369952,-0.28452788500897364,2.4469962534113647,0.7872456754463815,0
695c39e7ce90b13220851f4d,2024,2,2.6431979210184533,3.928551324016419,3.4367343162107407,3,Information Technology,Senior UI/UX Designer,0.5286395842036906,0.7857102648032839,0.6873468632421481,2.583037885310179,0.06016003570827433,1.4185342230280216,2.5100171009883976,3.234241928857746,0.20249238735299446,0
695c39e7ce90b13220851f4d,2025,3,4.176722828005763,2.8795147975758573,3.7493216237860327,3,Information Technology,Senior UI/UX Designer,0.8353445656011527,0.5759029595151715,0.7498643247572065,2.6431979210184533,1.53352490698731,3.928551324016419,-1.049036526440562,3.4367343162107407,0.3125873075752921,0
695c39e7ce90b13220851f4e,2022,0,3.7353236003430546,2.8155632605198635,2.5931932270135185,3,Administration,Assistant Manager,0.7470647200686109,0.5631126521039727,0.5186386454027037,,,,,,,0
695c39e7ce90b13220851f4e,2023,1,4.061622063110222,3.2772577023718776,2.0911403110323223,3,Administration,Assistant Manager,0.8123244126220444,0.6554515404743755,0.41822806220646447,3.7353236003430546,0.32629846276716723,2.8155632605198635,0.46169444185201414,2.5931932270135185,-0.5020529159811962,0
695c39e7ce90b13220851f4e,2024,2,2.491815859001041,2.4784820553027918,2.7883694286283416,3,Administration,Assistant Manager,0.49836317180020817,0.49569641106055834,0.5576738857256683,4.061622063110222,-1.569806204109181,3.2772577023718776,-0.7987756470690859,2.0911403110323223,0.6972291175960192,1
695c39e7ce90b13220851f4e,2025,3,2.9898611694727504,3.9349664382870486,2.8141654303848496,3,Administration,Assistant Manager,0.5979722338945501,0.7869932876574097,0.5628330860769699,2.491815859001041,0.4980453104717095,2.4784820553027918,1.4564843829842569,2.7883694286283416,0.02579600175650798,0
695c39e7ce90b13220851f4f,2022,0,3.353030899645425,3.0486657327432423,3.258502278249371,3,Information Technology,Senior Software Engineer,0.670606179929085,0.6097331465486484,0.6517004556498742,,,,,,,0
695c39e7ce90b13220851f4f,2023,1,2.762569460865064,2.5945808662296344,3.1092339560777313,3,Information Technology,Senior Software Engineer,0.5525138921730128,0.5189161732459269,0.6218467912155463,3.353030899645425,-0.5904614387803608,3.0486657327432423,-0.4540848665136079,3.258502278249371,-0.14926832217163977,0
695c39e7ce90b13220851f4f,2024,2,3.299663825008568,2.6717707115029112,3.8271301026979794,3,Information Technology,Senior Software Engineer,0.6599327650017136,0.5343541423005822,0.7654260205395959,2.762569460865064,0.537094364143504,2.5945808662296344,0.07718984527327688,3.1092339560777313,0.717896146620248,0
695c39e7ce90b13220851f4f,2025,3,3.428248164941604,2.8425406623280374,2.987100006459767,3,Information Technology,Senior Software Engineer,0.6856496329883208,0.5685081324656075,0.5974200012919534,3.299663825008568,0.12858433993303597,2.6717707115029112,0.17076995082512614,3.8271301026979794,-0.8400300962382126,0
695c39e7ce90b13220851f50,2022,0,1.9469911834296267,2.2067773875252765,2.3005795303292,3,Information Technology,Associate Software Engineer,0.3893982366859253,0.4413554775050553,0.46011590606584,,,,,,,1
695c39e7ce90b13220851f50,2023,1,2.015316595108155,2.7270870351953804,1.0,3,Information Technology,Associate Software Engineer,0.403063319021631,0.545417407039076,0.2,1.9469911834296267,0.06832541167852835,2.2067773875252765,0.5203096476701039,2.3005795303292,-1.3005795303292,0
695c39e7ce90b13220851f51,2022,0,3.040660853836314,2.6505130448599763,4.407486648435371,3,Human Resources,Manager,0.6081321707672628,0.5301026089719952,0.8814973296870742,,,,,,,0
695c39e7ce90b13220851f51,2023,1,2.4506205268472274,2.7121414295676143,3.308558567211437,3,Human Resources,Manager,0.4901241053694455,0.5424282859135229,0.6617117134422874,3.040660853836314,-0.5900403269890866,2.6505130448599763,0.061628384707637984,4.407486648435371,-1.0989280812239337,0
695c39e7ce90b13220851f51,2024,2,3.8455996823016587,3.4219060233940777,1.7438471377081637,3,Human Resources,Manager,0.7691199364603317,0.6843812046788156,0.34876942754163276,2.4506205268472274,1.3949791554544313,2.7121414295676143,0.7097645938264634,3.308558567211437,-1.5647114295032734,0
695c39e7ce90b13220851f51,2025,3,3.468570404981896,1.950798689702536,2.432525919826263,3,Human Resources,Manager,0.6937140809963792,0.3901597379405072,0.48650518396525266,3.8455996823016587,-0.37702927731976255,3.4219060233940777,-1.4711073336915417,1.7438471377081637,0.6886787821180995,0
695c39e7ce90b13220851f52,2022,0,2.2497086893985414,3.6743777912307927,2.39213922838672,3,Human Resources,General Manager,0.44994173787970826,0.7348755582461586,0.478427845677344,,,,,,,1
695c39e7ce90b13220851f52,2023,1,3.8571914284047875,3.8766714455986304,4.185489234191952,3,Human Resources,General Manager,0.7714382856809575,0.7753342891197261,0.8370978468383903,2.2497086893985414,1.607482739006246,3.6743777912307927,0.20229365436783775,2.39213922838672,1.7933500058052316,0
695c39e7ce90b13220851f53,2022,0,2.927142969494117,3.803558824040472,3.4313843311713272,3,Human Resources,Assistant General Manager,0.5854285938988234,0.7607117648080944,0.6862768662342654,,,,,,,0
695c39e7ce90b13220851f54,2022,0,3.614387128690435,2.5713266073095986,3.3598212305243758,3,Information Technology,Senior Software Engineer,0.722877425738087,0.5142653214619197,0.6719642461048752,,,,,,,0
695c39e7ce90b13220851f54,2023,1,2.706012023443418,2.6282074139308547,2.7017511191514822,3,Information Technology,Senior Software Engineer,0.5412024046886836,0.525641482786171,0.5403502238302964,3.614387128690435,-0.9083751052470168,2.5713266073095986,0.05688080662125605,3.3598212305243758,-0.6580701113728935,0
695c39e7ce90b13220851f54,2024,2,3.209029319685144,3.1953401492551023,3.9856567215932914,3,Information Technology,Senior Software Engineer,0.6418058639370288,0.6390680298510205,0.7971313443186583,2.706012023443418,0.5030172962417256,2.6282074139308547,0.5671327353242477,2.7017511191514822,1.2839056024418092,1
695c39e7ce90b13220851f54,2025,3,2.0946706005255855,2.4597739445469053,3.1604378700484093,3,Information Technology,Senior Software Engineer,0.4189341201051171,0.49195478890938105,0.6320875740096819,3.209029319685144,-1.1143587191595583,3.1953401492551023,-0.735566204708197,3.9856567215932914,-0.8252188515448822,0
695c39e7ce90b13220851f55,2022,0,4.0507436267867165,5.0,3.735947280729937,3,Human Resources,Executive,0.8101487253573433,1.0,0.7471894561459874,,,,,,,0
695c39e7ce90b13220851f55,2023,1,3.575343581706517,3.706400219259305,4.339104549456368,3,Human Resources,Executive,0.7150687163413034,0.741280043851861,0.8678209098912737,4.0507436267867165,-0.4754000450801996,5.0,-1.2935997807406951,3.735947280729937,0.6031572687264313,0
695c39e7ce90b13220851f55,2024,2,3.132758941147028,3.928680667474938,4.555050648735228,3,Human Resources,Executive,0.6265517882294056,0.7857361334949876,0.9110101297470455,3.575343581706517,-0.4425846405594891,3.706400219259305,0.2222804482156331,4.339104549456368,0.21594609927885955,0
695c39e7ce90b13220851f55,2025,3,2.7600705515949677,3.2511276159356632,3.9584889948871416,3,Human Resources,Executive,0.5520141103189935,0.6502255231871327,0.7916977989774283,3.132758941147028,-0.3726883895520601,3.928680667474938,-0.6775530515392747,4.555050648735228,-0.5965616538480862,0
695c39e7ce90b13220851f56,2022,0,3.1494373297713683,2.5663932913119307,2.977588875283196,3,Human Resources,Associate,0.6298874659542737,0.5132786582623862,0.5955177750566392,,,,,,,0
695c39e7ce90b13220851f56,2023,1,3.515006584277219,3.0854428624991055,2.655343080557036,3,Human Resources,Associate,0.7030013168554439,0.6170885724998211,0.5310686161114072,3.1494373297713683,0.36556925450585087,2.5663932913119307,0.5190495711871748,2.977588875283196,-0.3222457947261601,0
695c39e7ce90b13220851f56,2024,2,3.0423980492768994,3.2269785529540016,2.9340482768142677,3,Human Resources,Associate,0.6084796098553799,0.6453957105908004,0.5868096553628536,3.515006584277219,-0.47260853500031974,3.0854428624991055,0.1415356904548961,2.655343080557036,0.2787051962572318,0
695c39e7ce90b13220851f56,2025,3,3.2178232742834525,2.5084735655003536,3.2910392367644627,3,Human Resources,Associate,0.6435646548566905,0.5016947131000707,0.6582078473528925,3.0423980492768994,0.1754252250065531,3.2269785529540016,-0.718504987453648,2.9340482768142677,0.35699095995019503,0
695c39e7ce90b13220851f57,2022,0,3.250076093944946,3.5832816445127693,2.6770126425326914,3,Human Resources,Senior Executive,0.6500152187889892,0.7166563289025538,0.5354025285065382,,,,,,,0
695c39e7ce90b13220851f57,2023,1,3.2846383824348737,4.32530623849476,3.686815153008361,3,Human Resources,Senior Executive,0.6569276764869747,0.8650612476989521,0.7373630306016722,3.250076093944946,0.034562288489927706,3.5832816445127693,0.7420245939819909,2.6770126425326914,1.0098025104756694,0
695c39e7ce90b13220851f57,2024,2,2.689409964041376,3.164939822483924,2.724817906893382,3,Human Resources,Senior Executive,0.5378819928082752,0.6329879644967848,0.5449635813786764,3.2846383824348737,-0.5952284183934977,4.32530623849476,-1.1603664160108362,3.686815153008361,-0.9619972461149788,0
695c39e7ce90b13220851f57,2025,3,4.0615000053747705,3.2265436716654974,2.9741102800416663,3,Human Resources,Senior Executive,0.8123000010749541,0.6453087343330994,0.5948220560083333,2.689409964041376,1.3720900413333945,3.164939822483924,0.061603849181573356,2.724817906893382,0.24929237314828434,0
695c39e7ce90b13220851f58,2022,0,3.186834604876222,3.4736984557719337,4.4886943028281605,3,Administration,Assistant General Manager,0.6373669209752444,0.6947396911543867,0.8977388605656321,,,,,,,0
695c39e7ce90b13220851f58,2023,1,3.833117937411978,2.8028313362147346,2.601729097935518,3,Administration,Assistant General Manager,0.7666235874823956,0.5605662672429469,0.5203458195871036,3.186834604876222,0.6462833325357558,3.4736984557719337,-0.6708671195571991,4.4886943028281605,-1.8869652048926424,0
695c39e7ce90b13220851f58,2024,2,3.0705487512706426,3.7934783505823235,1.7282868397304632,3,Administration,Assistant General Manager,0.6141097502541285,0.7586956701164647,0.34565736794609264,3.833117937411978,-0.7625691861413353,2.8028313362147346,0.990647014367589,2.601729097935518,-0.8734422582050549,1
695c39e7ce90b13220851f58,2025,3,2.5193901102171083,1.5961150146713061,1.662458951541299,3,Administration,Assistant General Manager,0.5038780220434217,0.3192230029342612,0.3324917903082598,3.0705487512706426,-0.5511586410535343,3.7934783505823235,-2.1973633359110174,1.7282868397304632,-0.06582788818916407,0
695c39e7ce90b13220851f59,2022,0,4.126780208757682,2.2892977507040118,3.087427791389382,3,Information Technology,Architect,0.8253560417515364,0.4578595501408024,0.6174855582778764,,,,,,,0
695c39e7ce90b13220851f59,2023,1,2.6446326615140703,4.817247048984947,4.598403748671658,3,Information Technology,Architect,0.5289265323028141,0.9634494097969893,0.9196807497343317,4.126780208757682,-1.482147547243612,2.2892977507040118,2.527949298280935,3.087427791389382,1.5109759572822763,0
695c39e7ce90b13220851f59,2024,2,3.145240054164668,3.5524934857017083,4.656683856332854,3,Information Technology,Architect,0.6290480108329336,0.7104986971403416,0.9313367712665708,2.6446326615140703,0.5006073926505978,4.817247048984947,-1.2647535632832385,4.598403748671658,0.0582801076611954,0
695c39e7ce90b13220851f59,2025,3,3.056405213806687,3.2061134122493264,3.4661371718413783,3,Information Technology,Architect,0.6112810427613373,0.6412226824498652,0.6932274343682756,3.145240054164668,-0.08883484035798128,3.5524934857017083,-0.34638007345238186,4.656683856332854,-1.1905466844914754,0
695c39e7ce90b13220851f5a,2022,0,2.7331732878850223,2.6710987669198047,4.037033992345645,3,Administration,Executive,0.5466346575770045,0.534219753383961,0.807406798469129,,,,,,,0
695c39e7ce90b13220851f5a,2023,1,2.1535858994385473,3.6597238262340714,1.9306938298349916,3,Administration,Executive,0.43071717988770947,0.7319447652468143,0.3861387659669983,2.7331732878850223,-0.5795873884464751,2.6710987669198047,0.9886250593142667,4.037033992345645,-2.1063401625106533,0
695c39e7ce90b13220851f5a,2024,2,2.4462541487923564,4.081753266351754,2.9154222560029073,3,Administration,Executive,0.4892508297584713,0.8163506532703508,0.5830844512005815,2.1535858994385473,0.2926682493538091,3.6597238262340714,0.4220294401176825,1.9306938298349916,0.9847284261679157,0
695c39e7ce90b13220851f5a,2025,3,3.5430510068912753,2.0159213880712175,3.258985567380584,3,Administration,Executive,0.708610201378255,0.40318427761424347,0.6517971134761168,2.4462541487923564,1.096796858098919,4.081753266351754,-2.0658318782805365,2.9154222560029073,0.3435633113776766,0
695c39e7ce90b13220851f5b,2022,0,4.211940595514788,3.8416250141382844,4.211074931184255,3,Information Technology,UI/UX Designer,0.8423881191029576,0.7683250028276569,0.842214986236851,,,,,,,0
695c39e7ce90b13220851f5b,2023,1,3.7421211245897554,3.9011915414629748,3.568968631122572,3,Information Technology,UI/UX Designer,0.7484242249179511,0.780238308292595,0.7137937262245144,4.211940595514788,-0.4698194709250325,3.8416250141382844,0.059566527324690366,4.211074931184255,-0.6421063000616831,0
695c39e7ce90b13220851f5b,2024,2,3.125181067224199,2.7146003324700687,3.4033993011191663,3,Information Technology,UI/UX Designer,0.6250362134448398,0.5429200664940137,0.6806798602238333,3.7421211245897554,-0.6169400573655563,3.9011915414629748,-1.186591208992906,3.568968631122572,-0.16556933000340557,1
695c39e7ce90b13220851f5b,2025,3,4.67684793185711,3.344132599589334,3.432549572632827,3,Information Technology,UI/UX Designer,0.935369586371422,0.6688265199178668,0.6865099145265654,3.125181067224199,1.551666864632911,2.7146003324700687,0.6295322671192651,3.4033993011191663,0.029150271513660453,0
695c39e7ce90b13220851f5c,2022,0,3.2815126439885236,2.834609023017075,2.8434334911431947,3,Information Technology,Associate Software Engineer,0.6563025287977047,0.566921804603415,0.5686866982286389,,,,,,,0
695c39e7ce90b13220851f5c,2023,1,3.9754130140550523,2.517391695690678,3.537361170035174,3,Information Technology,Associate Software Engineer,0.7950826028110105,0.5034783391381356,0.7074722340070349,3.2815126439885236,0.6939003700665287,2.834609023017075,-0.31721732732639696,2.8434334911431947,0.6939276788919795,0
695c39e7ce90b13220851f5c,2024,2,2.878099960986716,4.290073375983637,3.0184667350223036,3,Information Technology,Associate Software Engineer,0.5756199921973433,0.8580146751967274,0.6036933470044608,3.9754130140550523,-1.0973130530683362,2.517391695690678,1.7726816802929588,3.537361170035174,-0.5188944350128706,0
695c39e7ce90b13220851f5c,2025,3,2.0455458806620763,1.7874677988848795,4.511572171443375,3,Information Technology,Associate Software Engineer,0.40910917613241526,0.3574935597769759,0.9023144342886751,2.878099960986716,-0.8325540803246398,4.290073375983637,-2.502605577098757,3.0184667350223036,1.4931054364210716,0
695c39e7ce90b13220851f5d,2022,0,3.6864044196705703,3.304510676224693,1.9557447680912516,3,Information Technology,Associate UI/UX Designer,0.7372808839341141,0.6609021352449387,0.3911489536182503,,,,,,,0
695c39e7ce90b13220851f5d,2023,1,3.54905964008455,3.008780930633668,3.418969857061221,3,Information Technology,Associate UI/UX Designer,0.70981192801691,0.6017561861267336,0.6837939714122442,3.6864044196705703,-0.13734477958602032,3.304510676224693,-0.29572974559102505,1.9557447680912516,1.4632250889699692,0
695c39e7ce90b13220851f5d,2024,2,2.354550141252614,1.3981439575962589,3.1746332022836867,3,Information Technology,Associate UI/UX Designer,0.47091002825052286,0.2796287915192518,0.6349266404567373,3.54905964008455,-1.1945094988319358,3.008780930633668,-1.6106369730374093,3.418969857061221,-0.24433665477753408,0
695c39e7ce90b13220851f5d,2025,3,2.853405848150692,2.83639977695921,3.3806279164010595,3,Information Technology,Associate UI/UX Designer,0.5706811696301384,0.567279955391842,0.6761255832802119,2.354550141252614,0.4988557068980777,1.3981439575962589,1.438255819362951,3.1746332022836867,0.2059947141173728,0
695c39e7ce90b13220851f5e,2022,0,1.9120672841911306,2.6470265901477505,2.308466988829594,3,Information Technology,Associate UI/UX Designer,0.38241345683822614,0.5294053180295502,0.4616933977659188,,,,,,,1
695c39e7ce90b13220851f5e,2023,1,2.34388036636483,3.6554526962681804,3.170343970406798,3,Information Technology,Associate UI/UX Designer,0.468776073272966,0.7310905392536361,0.6340687940813596,1.9120672841911306,0.4318130821736994,2.6470265901477505,1.0084261061204298,2.308466988829594,0.861876981577204,0
695c39e7ce90b13220851f5f,2022,0,3.327699821068377,2.225560620369283,3.040945414373989,3,Administration,Intern,0.6655399642136753,0.4451121240738566,0.6081890828747978,,,,,,,0
695c39e7ce90b13220851f5f,2023,1,4.446961648541582,4.2829656296845,3.3774110579430445,3,Administration,Intern,0.8893923297083164,0.8565931259369,0.6754822115886089,3.327699821068377,1.1192618274732054,2.225560620369283,2.057405009315217,3.040945414373989,0.3364656435690554,0
695c39e7ce90b13220851f5f,2024,2,2.4648323710919886,1.0,1.7462575243197827,3,Administration,Intern,0.49296647421839773,0.2,0.3492515048639565,4.446961648541582,-1.9821292774495936,4.2829656296845,-3.2829656296845,3.3774110579430445,-1.6311535336232619,1
695c39e7ce90b13220851f5f,2025,3,3.1172114797288852,3.401506068974905,2.4154248756480667,3,Administration,Intern,0.623442295945777,0.680301213794981,0.48308497512961335,2.4648323710919886,0.6523791086368966,1.0,2.401506068974905,1.7462575243197827,0.6691673513282841,0
695c39e7ce90b13220851f60,2022,0,4.093792444990304,3.8877336637874733,4.025897851894856,3,Human Resources,General Manager,0.8187584889980608,0.7775467327574946,0.8051795703789711,,,,,,,0
695c39e7ce90b13220851f61,2022,0,3.981170428442577,5.0,4.414197234621821,3,Information Technology,Project Manager,0.7962340856885154,1.0,0.8828394469243642,,,,,,,0
695c39e7ce90b13220851f61,2023,1,5.0,4.664065575013015,3.8641050253835436,3,Information Technology,Project Manager,1.0,0.932813115002603,0.7728210050767087,3.981170428442577,1.018829571557423,5.0,-0.3359344249869851,4.414197234621821,-0.5500922092382776,0
695c39e7ce90b13220851f61,2024,2,3.8306166815298237,4.289276479499869,3.5130143253586494,3,Information Technology,Project Manager,0.7661233363059647,0.8578552958999739,0.7026028650717299,5.0,-1.1693833184701763,4.664065575013015,-0.37478909551314565,3.8641050253835436,-0.3510907000248942,0
695c39e7ce90b13220851f61,2025,3,3.476106242474428,3.096865163655294,4.3069445170900735,3,Information Technology,Project Manager,0.6952212484948855,0.6193730327310588,0.8613889034180147,3.8306166815298237,-0.3545104390553959,4.289276479499869,-1.1924113158445753,3.5130143253586494,0.7939301917314241,0
695c39e7ce90b13220851f62,2022,0,2.6759121379894744,4.122081563424092,3.4389003330252343,3,Information Technology,UI/UX Lead,0.5351824275978949,0.8244163126848184,0.6877800666050469,,,,,,,0
695c39e7ce90b13220851f62,2023,1,3.7094268527523084,3.383155436434251,4.482663344791684,3,Information Technology,UI/UX Lead,0.7418853705504617,0.6766310872868502,0.8965326689583367,2.6759121379894744,1.033514714762834,4.122081563424092,-0.7389261269898411,3.4389003330252343,1.0437630117664494,0
695c39e7ce90b13220851f62,2024,2,3.1161913273858683,3.6170502473958797,4.03516966534007,3,Information Technology,UI/UX Lead,0.6232382654771736,0.723410049479176,0.807033933068014,3.7094268527523084,-0.5932355253664401,3.383155436434251,0.23389481096162879,4.482663344791684,-0.4474936794516138,0
695c39e7ce90b13220851f62,2025,3,3.6491938393698815,2.95274675170507,3.941182690902802,3,Information Technology,UI/UX Lead,0.7298387678739763,0.590549350341014,0.7882365381805604,3.1161913273858683,0.5330025119840132,3.6170502473958797,-0.6643034956908096,4.03516966534007,-0.09398697443726789,0
695c39e7ce90b13220851f63,2022,0,4.1825479569662605,2.8896583805852885,3.4136701925882287,3,Information Technology,Administrator,0.8365095913932521,0.5779316761170576,0.6827340385176457,,,,,,,0
695c39e7ce90b13220851f63,2023,1,3.972255315674158,4.5365293964156015,3.0589638886033557,3,Information Technology,Administrator,0.7944510631348316,0.9073058792831203,0.6117927777206711,4.1825479569662605,-0.21029264129210246,2.8896583805852885,1.646871015830313,3.4136701925882287,-0.354706303984873,0
695c39e7ce90b13220851f63,2024,2,4.033546417242434,3.6942643514694216,3.587417382028699,3,Information Technology,Administrator,0.8067092834484868,0.7388528702938844,0.7174834764057398,3.972255315674158,0.061291101568275774,4.5365293964156015,-0.8422650449461799,3.0589638886033557,0.5284534934253435,1
695c39e7ce90b13220851f63,2025,3,2.5284498324286613,1.7330034145931763,1.9692846241989381,3,Information Technology,Administrator,0.5056899664857323,0.34660068291863527,0.3938569248397876,4.033546417242434,-1.5050965848137725,3.6942643514694216,-1.9612609368762453,3.587417382028699,-1.618132757829761,0
695c39e7ce90b13220851f64,2022,0,2.6923642942155763,2.6460105928402395,3.243424749219493,3,Information Technology,Administrator,0.5384728588431152,0.5292021185680479,0.6486849498438987,,,,,,,0
695c39e7ce90b13220851f64,2023,1,1.7503345950635802,3.1892572754920328,4.276471105249309,3,Information Technology,Administrator,0.350066919012716,0.6378514550984066,0.8552942210498617,2.6923642942155763,-0.9420296991519961,2.6460105928402395,0.5432466826517932,3.243424749219493,1.0330463560298155,0
695c39e7ce90b13220851f64,2024,2,2.7229627303276427,2.0955956822258295,3.9197441599028067,3,Information Technology,Administrator,0.5445925460655285,0.4191191364451659,0.7839488319805613,1.7503345950635802,0.9726281352640624,3.1892572754920328,-1.0936615932662033,4.276471105249309,-0.35672694534650207,1
695c39e7ce90b13220851f64,2025,3,1.6953040356126419,2.482034405040484,2.249590412351988,3,Information Technology,Administrator,0.3390608071225284,0.49640688100809677,0.4499180824703976,2.7229627303276427,-1.0276586947150008,2.0955956822258295,0.3864387228146544,3.9197441599028067,-1.6701537475508186,0
695c39e7ce90b13220851f65,2022,0,4.150917339165188,3.531122663856761,3.660697446453425,3,Human Resources,Senior Executive,0.8301834678330376,0.7062245327713522,0.7321394892906851,,,,,,,0
695c39e7ce90b13220851f65,2023,1,4.277254725533471,3.2520348300934137,4.194838418345668,3,Human Resources,Senior Executive,0.8554509451066942,0.6504069660186828,0.8389676836691337,4.150917339165188,0.12633738636828262,3.531122663856761,-0.27908783376334734,3.660697446453425,0.534140971892243,0
695c39e7ce90b13220851f65,2024,2,4.539716310271648,3.0117755903440817,4.029714500103418,3,Human Resources,Senior Executive,0.9079432620543295,0.6023551180688164,0.8059429000206835,4.277254725533471,0.26246158473817705,3.2520348300934137,-0.24025923974933194,4.194838418345668,-0.1651239182422506,0
695c39e7ce90b13220851f65,2025,3,3.3497038191335227,4.021430469677148,4.434765921432196,3,Human Resources,Senior Executive,0.6699407638267045,0.8042860939354297,0.8869531842864392,4.539716310271648,-1.1900124911381251,3.0117755903440817,1.0096548793330666,4.029714500103418,0.40505142132877836,0
695c39e7ce90b13220851f66,2022,0,3.5115590269892802,4.2344802939927,4.1685566706766775,3,Administration,General Manager,0.7023118053978561,0.84689605879854,0.8337113341353355,,,,,,,0
695c39e7ce90b13220851f66,2023,1,3.227823330029241,2.379910036496118,4.165279386871215,3,Administration,General Manager,0.6455646660058483,0.4759820072992236,0.833055877374243,3.5115590269892802,-0.2837356969600391,4.2344802939927,-1.854570257496582,4.1685566706766775,-0.0032772838054624387,0
695c39e7ce90b13220851f66,2024,2,3.251688261333858,3.212666537032809,3.6997077905918787,3,Administration,General Manager,0.6503376522667715,0.6425333074065618,0.7399415581183757,3.227823330029241,0.023864931304616643,2.379910036496118,0.832756500536691,4.165279386871215,-0.4655715962793363,0
695c39e7ce90b13220851f66,2025,3,3.9381372151148435,4.211870745501863,3.8610720039207713,3,Administration,General Manager,0.7876274430229687,0.8423741491003727,0.7722144007841543,3.251688261333858,0.6864489537809857,3.212666537032809,0.9992042084690542,3.6997077905918787,0.16136421332889261,0
695c39e7ce90b13220851f67,2022,0,4.807257498802146,2.7201170915914914,3.1086462451111907,3,Human Resources,Senior Executive,0.9614514997604292,0.5440234183182983,0.6217292490222381,,,,,,,0
695c39e7ce90b13220851f67,2023,1,3.2920502691211118,2.8983879464303994,2.549946876243296,3,Human Resources,Senior Executive,0.6584100538242224,0.5796775892860799,0.5099893752486592,4.807257498802146,-1.5152072296810344,2.7201170915914914,0.17827085483890803,3.1086462451111907,-0.5586993688678947,0
695c39e7ce90b13220851f67,2024,2,3.159034082566844,2.4769689853067054,3.7154907970595987,3,Human Resources,Senior Executive,0.6318068165133688,0.49539379706134107,0.7430981594119197,3.2920502691211118,-0.1330161865542676,2.8983879464303994,-0.42141896112369404,2.549946876243296,1.1655439208163028,1
695c39e7ce90b13220851f67,2025,3,1.0871007765405998,1.4464985634886118,2.2100195742431925,3,Human Resources,Senior Executive,0.21742015530811995,0.28929971269772237,0.4420039148486385,3.159034082566844,-2.0719333060262444,2.4769689853067054,-1.0304704218180936,3.7154907970595987,-1.5054712228164062,0
695c39e7ce90b13220851f68,2022,0,4.237424650649203,4.254699700111126,3.463147515218205,3,Administration,Assistant General Manager,0.8474849301298406,0.8509399400222252,0.692629503043641,,,,,,,0
695c39e7ce90b13220851f68,2023,1,3.6979527816263813,4.177690340893779,1.805088193214263,3,Administration,Assistant General Manager,0.7395905563252763,0.8355380681787559,0.36101763864285263,4.237424650649203,-0.5394718690228215,4.254699700111126,-0.07700935921734686,3.463147515218205,-1.6580593220039421,0
695c39e7ce90b13220851f68,2024,2,3.7357062823557072,2.8707761771954825,3.063090567768503,3,Administration,Assistant General Manager,0.7471412564711415,0.5741552354390965,0.6126181135537007,3.6979527816263813,0.03775350072932593,4.177690340893779,-1.3069141636982966,1.805088193214263,1.2580023745542401,0
695c39e7ce90b13220851f68,2025,3,2.9594968914884285,2.6370748508036255,4.134525848585826,3,Administration,Assistant General Manager,0.5918993782976857,0.5274149701607251,0.8269051697171651,3.7357062823557072,-0.7762093908672787,2.8707761771954825,-0.23370132639185703,3.063090567768503,1.0714352808173224,0
695c39e7ce90b13220851f69,2022,0,1.8063249848908172,3.3059771982934896,3.0964132695915945,3,Human Resources,Assistant Manager,0.36126499697816344,0.6611954396586979,0.6192826539183189,,,,,,,0
695c39e7ce90b13220851f69,2023,1,2.8371634671906625,1.7579488905482088,2.8173236544477143,3,Human Resources,Assistant Manager,0.5674326934381325,0.35158977810964176,0.5634647308895429,1.8063249848908172,1.0308384822998453,3.3059771982934896,-1.5480283077452808,3.0964132695915945,-0.2790896151438802,0
695c39e7ce90b13220851f69,2024,2,2.8670991856882875,2.715258763668465,2.4375615533626034,3,Human Resources,Assistant Manager,0.5734198371376575,0.543051752733693,0.48751231067252065,2.8371634671906625,0.029935718497624997,1.7579488905482088,0.9573098731202561,2.8173236544477143,-0.3797621010851109,0
695c39e7ce90b13220851f69,2025,3,3.374412496620561,2.2227895310004033,3.188149211708742,3,Human Resources,Assistant Manager,0.6748824993241123,0.4445579062000807,0.6376298423417485,2.8670991856882875,0.5073133109322736,2.715258763668465,-0.49246923266806153,2.4375615533626034,0.7505876583461388,0
695c39e7ce90b13220851f6a,2022,0,2.8927300232103406,2.999693181984911,3.2633881863515333,3,Administration,Team Lead,0.5785460046420681,0.5999386363969822,0.6526776372703067,,,,,,,0
695c39e7ce90b13220851f6b,2022,0,2.677274058279569,2.787906280220378,4.775382734996513,3,Administration,Team Lead,0.5354548116559138,0.5575812560440756,0.9550765469993026,,,,,,,0
695c39e7ce90b13220851f6b,2023,1,4.610985771376202,3.2841025766349476,4.2373282250289295,3,Administration,Team Lead,0.9221971542752405,0.6568205153269895,0.8474656450057859,2.677274058279569,1.9337117130966335,2.787906280220378,0.49619629641456964,4.775382734996513,-0.5380545099675835,0
695c39e7ce90b13220851f6b,2024,2,3.2334263427132615,2.473686032424727,2.6436682069116126,3,Administration,Team Lead,0.6466852685426523,0.49473720648494546,0.5287336413823225,4.610985771376202,-1.377559428662941,3.2841025766349476,-0.8104165442102205,4.2373282250289295,-1.5936600181173168,0
695c39e7ce90b13220851f6b,2025,3,4.41562460949131,3.5477787966839944,2.8905334911575076,3,Administration,Team Lead,0.883124921898262,0.7095557593367989,0.5781066982315015,3.2334263427132615,1.1821982667780486,2.473686032424727,1.0740927642592673,2.6436682069116126,0.24686528424589493,0
695c39e7ce90b13220851f6c,2022,0,3.242049891167599,2.147356453882202,2.913385990853153,3,Information Technology,Associate Project Manager,0.6484099782335198,0.42947129077644036,0.5826771981706307,,,,,,,0
695c39e7ce90b13220851f6c,2023,1,4.20121532536342,4.057934612408113,1.1599054709241596,3,Information Technology,Associate Project Manager,0.840243065072684,0.8115869224816226,0.23198109418483193,3.242049891167599,0.9591654341958211,2.147356453882202,1.9105781585259112,2.913385990853153,-1.7534805199289936,0
695c39e7ce90b13220851f6c,2024,2,2.9870960782190314,3.0310913909086965,4.287207408379988,3,Information Technology,Associate Project Manager,0.5974192156438063,0.6062182781817393,0.8574414816759977,4.20121532536342,-1.2141192471443887,4.057934612408113,-1.0268432214994165,1.1599054709241596,3.1273019374558286,0
695c39e7ce90b13220851f6c,2025,3,3.1868933088670177,3.8845780602119517,3.7206441175346736,3,Information Technology,Associate Project Manager,0.6373786617734035,0.7769156120423903,0.7441288235069348,2.9870960782190314,0.19979723064798627,3.0310913909086965,0.8534866693032552,4.287207408379988,-0.5665632908453144,0
695c39e7ce90b13220851f6d,2022,0,3.133386283206544,4.4569358524231015,3.9945028794397786,3,Human Resources,Assistant General Manager,0.6266772566413088,0.8913871704846204,0.7989005758879557,,,,,,,0
695c39e7ce90b13220851f6d,2023,1,3.662938929491926,3.7687490792915135,3.686204978069906,3,Human Resources,Assistant General Manager,0.7325877858983852,0.7537498158583027,0.7372409956139812,3.133386283206544,0.5295526462853819,4.4569358524231015,-0.688186773131588,3.9945028794397786,-0.30829790136987256,0
695c39e7ce90b13220851f6d,2024,2,2.9155504151736777,4.075487253021767,3.8494378404431004,3,Human Resources,Assistant General Manager,0.5831100830347355,0.8150974506043533,0.7698875680886201,3.662938929491926,-0.7473885143182484,3.7687490792915135,0.30673817373025347,3.686204978069906,0.16323286237319445,0
695c39e7ce90b13220851f6d,2025,3,3.4707896446855466,3.6901144975519524,4.325981253642705,3,Human Resources,Assistant General Manager,0.6941579289371094,0.7380228995103905,0.8651962507285409,2.9155504151736777,0.5552392295118689,4.075487253021767,-0.38537275546981453,3.8494378404431004,0.47654341319960425,0
695c39e7ce90b13220851f6e,2022,0,4.162909114240394,5.0,4.752463831783534,3,Human Resources,Executive,0.8325818228480788,1.0,0.9504927663567069,,,,,,,0
695c39e7ce90b13220851f6f,2022,0,4.626048385647406,4.535757780890338,4.111356180047158,3,Administration,Senior Manager,0.9252096771294813,0.9071515561780676,0.8222712360094316,,,,,,,0
695c39e7ce90b13220851f6f,2023,1,4.021411672977981,4.344650473216922,4.082238392663509,3,Administration,Senior Manager,0.8042823345955963,0.8689300946433844,0.8164476785327018,4.626048385647406,-0.604636712669425,4.535757780890338,-0.19110730767341622,4.111356180047158,-0.02911778738364923,0
695c39e7ce90b13220851f6f,2024,2,3.7308854134024885,4.2856679253922065,3.1096763477446423,3,Administration,Senior Manager,0.7461770826804976,0.8571335850784413,0.6219352695489284,4.021411672977981,-0.29052625957549294,4.344650473216922,-0.05898254782471568,4.082238392663509,-0.9725620449188668,0
695c39e7ce90b13220851f6f,2025,3,3.681984597980838,4.1224265701643095,2.9904161343230085,3,Administration,Senior Manager,0.7363969195961676,0.8244853140328618,0.5980832268646017,3.7308854134024885,-0.04890081542165037,4.2856679253922065,-0.16324135522789707,3.1096763477446423,-0.11926021342163384,0
695c39e7ce90b13220851f70,2022,0,2.6388794673933993,3.4964733518137163,2.663444401264,3,Human Resources,Team Lead,0.5277758934786798,0.6992946703627433,0.5326888802528,,,,,,,0
695c39e7ce90b13220851f70,2023,1,2.5114667897501537,2.737545782133383,3.011783857278252,3,Human Resources,Team Lead,0.5022933579500307,0.5475091564266765,0.6023567714556504,2.6388794673933993,-0.1274126776432456,3.4964733518137163,-0.7589275696803335,2.663444401264,0.34833945601425187,0
695c39e7ce90b13220851f70,2024,2,4.1916671527297185,4.4787764960219825,4.4287684091931805,3,Human Resources,Team Lead,0.8383334305459437,0.8957552992043964,0.8857536818386361,2.5114667897501537,1.6802003629795648,2.737545782133383,1.7412307138885996,3.011783857278252,1.4169845519149287,0
695c39e7ce90b13220851f70,2025,3,4.244697278648754,4.0195424942147175,3.3378628567527446,3,Human Resources,Team Lead,0.8489394557297508,0.8039084988429435,0.6675725713505489,4.1916671527297185,0.053030125919035775,4.4787764960219825,-0.4592340018072649,4.4287684091931805,-1.0909055524404359,0
695c39e7ce90b13220851f71,2022,0,4.374605477886631,4.805309537010803,4.682987924678028,3,Administration,Assistant General Manager,0.8749210955773261,0.9610619074021607,0.9365975849356056,,,,,,,0
695c39e7ce90b13220851f71,2023,1,3.539771504671581,4.592797851200797,5.0,3,Administration,Assistant General Manager,0.7079543009343162,0.9185595702401594,1.0,4.374605477886631,-0.8348339732150496,4.805309537010803,-0.21251168581000623,4.682987924678028,0.31701207532197184,0
695c39e7ce90b13220851f71,2024,2,2.793490501965872,2.5330975720632463,2.9745318459216357,3,Administration,Assistant General Manager,0.5586981003931744,0.5066195144126493,0.5949063691843272,3.539771504671581,-0.7462810027057092,4.592797851200797,-2.0597002791375507,5.0,-2.0254681540783643,0
695c39e7ce90b13220851f71,2025,3,4.102132403650341,2.8491012281607,4.1338020565151625,3,Administration,Assistant General Manager,0.8204264807300682,0.5698202456321401,0.8267604113030325,2.793490501965872,1.308641901684469,2.5330975720632463,0.31600365609745396,2.9745318459216357,1.1592702105935269,0
695c39e7ce90b13220851f72,2022,0,2.814801493449836,4.333162737144189,3.766984017544117,3,Human Resources,Assistant General Manager,0.5629602986899672,0.8666325474288378,0.7533968035088234,,,,,,,0
695c39e7ce90b13220851f72,2023,1,2.706243858454726,3.2897126986228127,3.257511238303275,3,Human Resources,Assistant General Manager,0.5412487716909452,0.6579425397245625,0.651502247660655,2.814801493449836,-0.10855763499511006,4.333162737144189,-1.0434500385213763,3.766984017544117,-0.5094727792408422,0
695c39e7ce90b13220851f72,2024,2,3.77861914844362,4.649115883008954,3.88852309311504,3,Human Resources,Assistant General Manager,0.755723829688724,0.9298231766017908,0.777704618623008,2.706243858454726,1.0723752899888939,3.2897126986228127,1.3594031843861414,3.257511238303275,0.6310118548117649,0
695c39e7ce90b13220851f72,2025,3,4.363031548375777,3.0702412869546665,2.9898793771119374,3,Human Resources,Assistant General Manager,0.8726063096751554,0.6140482573909333,0.5979758754223875,3.77861914844362,0.5844123999321571,4.649115883008954,-1.5788745960542876,3.88852309311504,-0.8986437160031024,0
695c39e7ce90b13220851f73,2022,0,2.503658477035418,3.858815287018567,2.6188980886711004,3,Human Resources,Assistant Manager,0.5007316954070836,0.7717630574037134,0.5237796177342201,,,,,,,0
695c39e7ce90b13220851f73,2023,1,2.5113328239184316,3.3340416469060106,3.1858045319661636,3,Human Resources,Assistant Manager,0.5022665647836864,0.6668083293812022,0.6371609063932328,2.503658477035418,0.007674346883013605,3.858815287018567,-0.5247736401125564,2.6188980886711004,0.5669064432950632,0
695c39e7ce90b13220851f73,2024,2,2.661790104514126,2.0031509457063152,2.840371830965133,3,Human Resources,Assistant Manager,0.5323580209028252,0.400630189141263,0.5680743661930265,2.5113328239184316,0.15045728059569452,3.3340416469060106,-1.3308907011996953,3.1858045319661636,-0.34543270100103074,0
695c39e7ce90b13220851f73,2025,3,4.23549022037002,3.4352653553130263,2.6482503594025353,3,Human Resources,Assistant Manager,0.8470980440740041,0.6870530710626053,0.5296500718805071,2.661790104514126,1.5737001158558943,2.0031509457063152,1.432114409606711,2.840371830965133,-0.19212147156259762,0
695c39e7ce90b13220851f74,2022,0,4.062043957974595,3.210834663608652,4.488869660044202,3,Information Technology,Software Engineer,0.812408791594919,0.6421669327217304,0.8977739320088404,,,,,,,0
695c39e7ce90b13220851f74,2023,1,4.11551864098664,3.844752944970118,4.069656841307861,3,Information Technology,Software Engineer,0.8231037281973281,0.7689505889940236,0.8139313682615722,4.062043957974595,0.05347468301204561,3.210834663608652,0.6339182813614657,4.488869660044202,-0.41921281873634086,0
695c39e7ce90b13220851f74,2024,2,1.892509964931817,1.3384307540788973,1.4002479989289132,3,Information Technology,Software Engineer,0.3785019929863634,0.26768615081577946,0.28004959978578264,4.11551864098664,-2.2230086760548238,3.844752944970118,-2.5063221908912205,4.069656841307861,-2.6694088423789477,1
695c39e7ce90b13220851f74,2025,3,3.725803475476973,3.3526843159459085,4.399189516592036,3,Information Technology,Software Engineer,0.7451606950953946,0.6705368631891817,0.8798379033184072,1.892509964931817,1.833293510545156,1.3384307540788973,2.014253561867011,1.4002479989289132,2.9989415176631224,0
695c39e7ce90b13220851f75,2022,0,2.831019721819671,3.8799526568938587,2.870409263626547,3,Administration,Executive,0.5662039443639342,0.7759905313787717,0.5740818527253093,,,,,,,0
695c39e7ce90b13220851f75,2023,1,2.874408270563359,3.49247753914204,3.291952799466017,3,Administration,Executive,0.5748816541126718,0.698495507828408,0.6583905598932034,2.831019721819671,0.04338854874368803,3.8799526568938587,-0.38747511775181875,2.870409263626547,0.42154353583947035,0
695c39e7ce90b13220851f75,2024,2,2.8889099045487496,3.6940322038966817,2.860968237203049,3,Administration,Executive,0.57778198090975,0.7388064407793363,0.5721936474406097,2.874408270563359,0.014501633985390505,3.49247753914204,0.2015546647546418,3.291952799466017,-0.4309845622629682,0
695c39e7ce90b13220851f75,2025,3,2.8811896352337785,2.329879377423654,3.038490577159282,3,Administration,Executive,0.5762379270467557,0.46597587548473085,0.6076981154318564,2.8889099045487496,-0.007720269314971162,3.6940322038966817,-1.3641528264730276,2.860968237203049,0.17752233995623312,0
695c39e7ce90b13220851f76,2022,0,4.178729894378874,3.6233987953166995,2.6849141115534287,3,Human Resources,Assistant Manager,0.8357459788757747,0.7246797590633399,0.5369828223106857,,,,,,,0
695c39e7ce90b13220851f76,2023,1,4.211337590119253,3.2947041361732294,2.0279297223835164,3,Human Resources,Assistant Manager,0.8422675180238507,0.6589408272346459,0.40558594447670326,4.178729894378874,0.03260769574037958,3.6233987953166995,-0.32869465914347007,2.6849141115534287,-0.6569843891699123,0
695c39e7ce90b13220851f76,2024,2,3.5634295059474743,1.8919425439573756,2.432850036129743,3,Human Resources,Assistant Manager,0.7126859011894948,0.3783885087914751,0.48657000722594856,4.211337590119253,-0.647908084171779,3.2947041361732294,-1.4027615922158538,2.0279297223835164,0.4049203137462265,1
695c39e7ce90b13220851f76,2025,3,1.4063666836787707,1.8255766426656665,1.9693106774612223,3,Human Resources,Assistant Manager,0.28127333673575416,0.36511532853313333,0.39386213549224447,3.5634295059474743,-2.1570628222687036,1.8919425439573756,-0.06636590129170905,2.432850036129743,-0.4635393586685206,0
695c39e7ce90b13220851f77,2022,0,2.7656869848489793,2.8778687297378274,1.5486234106440964,3,Human Resources,Senior Executive,0.5531373969697959,0.5755737459475655,0.30972468212881926,,,,,,,1
695c39e7ce90b13220851f77,2023,1,2.781304557930714,1.7845763297283233,1.3957274399960293,3,Human Resources,Senior Executive,0.5562609115861428,0.35691526594566464,0.27914548799920585,2.7656869848489793,0.015617573081734726,2.8778687297378274,-1.0932924000095041,1.5486234106440964,-0.15289597064806704,0
695c39e7ce90b13220851f78,2022,0,3.2252034601103543,2.6408825078514404,2.908342378622023,3,Information Technology,Software Engineer,0.6450406920220708,0.5281765015702881,0.5816684757244046,,,,,,,0
695c39e7ce90b13220851f78,2023,1,2.084000644155212,2.427668026233333,2.208292349375915,3,Information Technology,Software Engineer,0.4168001288310424,0.4855336052466666,0.441658469875183,3.2252034601103543,-1.1412028159551424,2.6408825078514404,-0.2132144816181074,2.908342378622023,-0.7000500292461078,1
695c39e7ce90b13220851f78,2024,2,2.887067511004714,3.3904597537992167,1.119866039620451,3,Information Technology,Software Engineer,0.5774135022009428,0.6780919507598433,0.2239732079240902,2.084000644155212,0.8030668668495022,2.427668026233333,0.9627917275658837,2.208292349375915,-1.088426309755464,0
695c39e7ce90b13220851f79,2022,0,4.170207722263882,3.340131191259146,3.009937088230314,3,Information Technology,Architect,0.8340415444527765,0.6680262382518292,0.6019874176460628,,,,,,,0
695c39e7ce90b13220851f79,2023,1,3.6262325020905317,2.8709304246916956,3.130871067395539,3,Information Technology,Architect,0.7252465004181063,0.5741860849383391,0.6261742134791077,4.170207722263882,-0.5439752201733503,3.340131191259146,-0.46920076656745024,3.009937088230314,0.12093397916522486,0
695c39e7ce90b13220851f79,2024,2,2.827856517106021,3.8710834890585577,4.4503905846464225,3,Information Technology,Architect,0.5655713034212042,0.7742166978117115,0.8900781169292845,3.6262325020905317,-0.7983759849845109,2.8709304246916956,1.0001530643668621,3.130871067395539,1.3195195172508836,1
695c39e7ce90b13220851f79,2025,3,1.9292159281723067,1.8535995762244233,1.6726183327379487,3,Information Technology,Architect,0.38584318563446135,0.3707199152448847,0.33452366654758975,2.827856517106021,-0.8986405889337141,3.8710834890585577,-2.0174839128341344,4.4503905846464225,-2.7777722519084738,0
695c39e7ce90b13220851f7a,2022,0,1.5352654295741817,2.9341865781821475,3.189714540315729,3,Information Technology,Administrator,0.3070530859148363,0.5868373156364295,0.6379429080631458,,,,,,,0
695c39e7ce90b13220851f7a,2023,1,3.1025501002308995,2.8473699728744437,2.6275331879179475,3,Information Technology,Administrator,0.6205100200461799,0.5694739945748888,0.5255066375835895,1.5352654295741817,1.5672846706567178,2.9341865781821475,-0.08681660530770374,3.189714540315729,-0.5621813523977814,0
695c39e7ce90b13220851f7a,2024,2,3.071651295996366,2.811888498423213,3.6585949152301214,3,Information Technology,Administrator,0.6143302591992732,0.5623776996846426,0.7317189830460242,3.1025501002308995,-0.030898804234533284,2.8473699728744437,-0.03548147445123062,2.6275331879179475,1.0310617273121738,0
695c39e7ce90b13220851f7a,2025,3,2.8580532097763136,3.1912686865100195,3.3177339025614563,3,Information Technology,Administrator,0.5716106419552627,0.6382537373020039,0.6635467805122912,3.071651295996366,-0.2135980862200526,2.811888498423213,0.3793801880868064,3.6585949152301214,-0.3408610126686651,0
695c39e7ce90b13220851f7b,2022,0,4.256947230708286,4.572784776763937,4.71975319251456,3,Information Technology,Associate QA Engineer,0.8513894461416571,0.9145569553527875,0.9439506385029119,,,,,,,0
695c39e7ce90b13220851f7b,2023,1,3.762431962406791,2.483242542867672,2.79478971863612,3,Information Technology,Associate QA Engineer,0.7524863924813582,0.4966485085735344,0.5589579437272241,4.256947230708286,-0.4945152683014946,4.572784776763937,-2.0895422338962653,4.71975319251456,-1.9249634738784396,0
695c39e7ce90b13220851f7b,2024,2,3.8530054275197436,4.110214494499582,3.30858259021182,3,Information Technology,Associate QA Engineer,0.7706010855039487,0.8220428988999163,0.6617165180423641,3.762431962406791,0.09057346511295261,2.483242542867672,1.6269719516319099,2.79478971863612,0.5137928715757001,0
695c39e7ce90b13220851f7b,2025,3,4.086677328830166,3.8229830784799375,4.391096600166597,3,Information Technology,Associate QA Engineer,0.8173354657660331,0.7645966156959875,0.8782193200333195,3.8530054275197436,0.23367190131042204,4.110214494499582,-0.2872314160196443,3.30858259021182,1.0825140099547772,0
695c39e7ce90b13220851f7c,2022,0,3.439536271008023,1.855939797216278,1.8865547344501288,3,Administration,Senior Manager,0.6879072542016046,0.3711879594432556,0.37731094689002576,,,,,,,0
695c39e7ce90b13220851f7c,2023,1,3.892962605844019,3.45256026504342,3.0547076053499316,3,Administration,Senior Manager,0.7785925211688038,0.690512053008684,0.6109415210699863,3.439536271008023,0.45342633483599615,1.855939797216278,1.596620467827142,1.8865547344501288,1.1681528708998028,0
695c39e7ce90b13220851f7c,2024,2,1.3706228873106747,1.6169220786796987,1.6208253909551131,3,Administration,Senior Manager,0.2741245774621349,0.32338441573593973,0.32416507819102264,3.892962605844019,-2.5223397185333445,3.45256026504342,-1.8356381863637214,3.0547076053499316,-1.4338822143948184,1
695c39e7ce90b13220851f7c,2025,3,1.0584066478214902,1.8555740946755124,3.712436845002356,3,Administration,Senior Manager,0.21168132956429803,0.37111481893510245,0.7424873690004712,1.3706228873106747,-0.31221623948918453,1.6169220786796987,0.23865201599581365,1.6208253909551131,2.091611454047243,0
695c39e7ce90b13220851f7d,2022,0,2.3366308039853023,2.7557620668403193,2.8454224399370887,3,Information Technology,Associate Project Manager,0.46732616079706046,0.5511524133680639,0.5690844879874177,,,,,,,0
695c39e7ce90b13220851f7d,2023,1,1.7312606092523066,2.56335969108559,2.8615562818610467,3,Information Technology,Associate Project Manager,0.34625212185046134,0.512671938217118,0.5723112563722094,2.3366308039853023,-0.6053701947329957,2.7557620668403193,-0.19240237575472952,2.8454224399370887,0.01613384192395806,0
695c39e7ce90b13220851f7d,2024,2,2.2512057859942924,2.885191777326031,4.406850874895614,3,Information Technology,Associate Project Manager,0.4502411571988585,0.5770383554652062,0.8813701749791228,1.7312606092523066,0.5199451767419858,2.56335969108559,0.32183208624044113,2.8615562818610467,1.5452945930345674,0
695c39e7ce90b13220851f7d,2025,3,2.300311329824018,2.107656766430912,2.805582668408253,3,Information Technology,Associate Project Manager,0.4600622659648036,0.4215313532861824,0.5611165336816506,2.2512057859942924,0.04910554382972565,2.885191777326031,-0.7775350108951189,4.406850874895614,-1.6012682064873611,0
695c39e7ce90b13220851f7e,2022,0,3.768258605193985,3.4962700934913675,4.668304770647589,3,Human Resources,Assistant General Manager,0.753651721038797,0.6992540186982735,0.9336609541295179,,,,,,,0
695c39e7ce90b13220851f7e,2023,1,4.89429432555811,4.069645349357427,3.6843106078980803,3,Human Resources,Assistant General Manager,0.9788588651116219,0.8139290698714854,0.7368621215796161,3.768258605193985,1.1260357203641247,3.4962700934913675,0.5733752558660594,4.668304770647589,-0.983994162749509,0
695c39e7ce90b13220851f7e,2024,2,1.1241790325282168,2.6278678324034592,2.531577803278928,3,Human Resources,Assistant General Manager,0.22483580650564336,0.5255735664806919,0.5063155606557855,4.89429432555811,-3.770115293029893,4.069645349357427,-1.4417775169539677,3.6843106078980803,-1.1527328046191525,1
695c39e7ce90b13220851f7e,2025,3,2.9564791506986343,3.041176186607116,3.7323665701411897,3,Human Resources,Assistant General Manager,0.5912958301397269,0.6082352373214233,0.7464733140282379,1.1241790325282168,1.8323001181704175,2.6278678324034592,0.41330835420365686,2.531577803278928,1.2007887668622619,0
695c39e7ce90b13220851f7f,2022,0,3.3942889914529877,3.5887844510930167,4.165043655872382,3,Administration,Executive,0.6788577982905976,0.7177568902186033,0.8330087311744764,,,,,,,0
695c39e7ce90b13220851f7f,2023,1,3.9327987915655784,4.370171889566051,4.461259243100834,3,Administration,Executive,0.7865597583131156,0.8740343779132103,0.8922518486201667,3.3942889914529877,0.5385098001125908,3.5887844510930167,0.7813874384730344,4.165043655872382,0.29621558722845176,0
695c39e7ce90b13220851f7f,2024,2,4.373904985598779,4.863490404374115,3.5764764015201314,3,Administration,Executive,0.8747809971197558,0.972698080874823,0.7152952803040262,3.9327987915655784,0.4411061940332006,4.370171889566051,0.4933185148080641,4.461259243100834,-0.8847828415807024,1
695c39e7ce90b13220851f7f,2025,3,3.295252086477112,3.3656612278493716,3.7317107693606815,3,Administration,Executive,0.6590504172954225,0.6731322455698743,0.7463421538721363,4.373904985598779,-1.0786528991216668,4.863490404374115,-1.4978291765247436,3.5764764015201314,0.1552343678405501,0
695c39e7ce90b13220851f80,2022,0,4.41315905140183,2.5079032862728017,3.454022657383741,3,Administration,Associate,0.882631810280366,0.5015806572545604,0.6908045314767481,,,,,,,0
695c39e7ce90b13220851f80,2023,1,2.0890786779023736,2.363851444239605,2.0205206690026736,3,Administration,Associate,0.4178157355804747,0.472770288847921,0.4041041338005347,4.41315905140183,-2.324080373499456,2.5079032862728017,-0.14405184203319665,3.454022657383741,-1.4335019883810673,0
695c39e7ce90b13220851f80,2024,2,1.443483123515585,1.0,1.3947521477428722,3,Administration,Associate,0.28869662470311697,0.2,0.2789504295485744,2.0890786779023736,-0.6455955543867886,2.363851444239605,-1.363851444239605,2.0205206690026736,-0.6257685212598014,1
695c39e7ce90b13220851f80,2025,3,3.2402167976451146,3.0642952590833796,3.916212544131015,3,Administration,Associate,0.6480433595290229,0.6128590518166759,0.783242508826203,1.443483123515585,1.7967336741295297,1.0,2.0642952590833796,1.3947521477428722,2.521460396388143,0
695c39e7ce90b13220851f81,2022,0,3.309995315963024,3.592769783995295,3.1228224810105294,3,Information Technology,QA Lead,0.6619990631926048,0.718553956799059,0.6245644962021059,,,,,,,0
695c39e7ce90b13220851f82,2022,0,3.582576436107689,3.7687370598570378,3.500533366521056,3,Information Technology,Software Engineer,0.7165152872215378,0.7537474119714076,0.7001066733042112,,,,,,,0
695c39e7ce90b13220851f82,2023,1,4.3396426497391865,3.935597678266738,3.4653915522412615,3,Information Technology,Software Engineer,0.8679285299478373,0.7871195356533476,0.6930783104482523,3.582576436107689,0.7570662136314974,3.7687370598570378,0.16686061840970012,3.500533366521056,-0.03514181427979457,0
695c39e7ce90b13220851f82,2024,2,3.6755763222129474,3.447836336275886,3.5374107504453223,3,Information Technology,Software Engineer,0.7351152644425895,0.6895672672551771,0.7074821500890645,4.3396426497391865,-0.6640663275262391,3.935597678266738,-0.48776134199085197,3.4653915522412615,0.07201919820406077,1
695c39e7ce90b13220851f82,2025,3,5.0,4.546641488088652,4.129065853572093,3,Information Technology,Software Engineer,1.0,0.9093282976177305,0.8258131707144185,3.6755763222129474,1.3244236777870526,3.447836336275886,1.0988051518127664,3.5374107504453223,0.5916551031267705,0
695c39e7ce90b13220851f83,2022,0,1.8154971744956034,1.450199276823561,2.586628522393238,3,Administration,Executive,0.36309943489912067,0.2900398553647122,0.5173257044786477,,,,,,,0
695c39e7ce90b13220851f83,2023,1,2.1241169751915,3.0092129843326823,4.17438759506723,3,Administration,Executive,0.42482339503829997,0.6018425968665364,0.8348775190134459,1.8154971744956034,0.30861980069589645,1.450199276823561,1.5590137075091213,2.586628522393238,1.5877590726739914,0
695c39e7ce90b13220851f83,2024,2,3.2349140307409634,3.006853645850931,2.456068797189741,3,Administration,Executive,0.6469828061481927,0.6013707291701862,0.4912137594379482,2.1241169751915,1.1107970555494635,3.0092129843326823,-0.002359338481751294,4.17438759506723,-1.7183187978774885,0
695c39e7ce90b13220851f83,2025,3,3.2292186131202927,2.730098780583533,2.044192723832097,3,Administration,Executive,0.6458437226240585,0.5460197561167066,0.40883854476641945,3.2349140307409634,-0.0056954176206707174,3.006853645850931,-0.2767548652673981,2.456068797189741,-0.41187607335764387,0
695c39e7ce90b13220851f84,2022,0,4.814374159173242,3.8458890659738967,3.167401908652264,3,Information Technology,Senior QA Engineer,0.9628748318346483,0.7691778131947793,0.6334803817304528,,,,,,,0
695c39e7ce90b13220851f85,2022,0,4.041339376113211,3.9237767812674784,3.501295756413381,3,Information Technology,Software Engineer,0.8082678752226421,0.7847553562534957,0.7002591512826762,,,,,,,0
695c39e7ce90b13220851f85,2023,1,2.9379994401068177,1.3774954640226225,2.269318938483062,3,Information Technology,Software Engineer,0.5875998880213635,0.2754990928045245,0.4538637876966124,4.041339376113211,-1.103339936006393,3.9237767812674784,-2.5462813172448557,3.501295756413381,-1.231976817930319,1
695c39e7ce90b13220851f85,2024,2,3.36597662534622,3.6447193377780422,2.9728158588975244,3,Information Technology,Software Engineer,0.673195325069244,0.7289438675556085,0.5945631717795049,2.9379994401068177,0.4279771852394023,1.3774954640226225,2.2672238737554196,2.269318938483062,0.7034969204144623,0
695c39e7ce90b13220851f86,2022,0,2.5860287433914944,3.529189567479157,2.5710791859157505,3,Human Resources,Associate,0.5172057486782988,0.7058379134958315,0.5142158371831501,,,,,,,1
695c39e7ce90b13220851f86,2023,1,3.197529788904961,2.725120532534084,3.4094800402571748,3,Human Resources,Associate,0.6395059577809923,0.5450241065068168,0.6818960080514349,2.5860287433914944,0.6115010455134668,3.529189567479157,-0.8040690349450732,2.5710791859157505,0.8384008543414243,0
695c39e7ce90b13220851f87,2022,0,3.495058860376855,2.5741711244466527,2.7120979774595946,3,Administration,Team Lead,0.699011772075371,0.5148342248893305,0.5424195954919189,,,,,,,0
695c39e7ce90b13220851f87,2023,1,2.6194426425649815,1.807350060856257,2.470006687338543,3,Administration,Team Lead,0.5238885285129963,0.3614700121712514,0.49400133746770863,3.495058860376855,-0.8756162178118734,2.5741711244466527,-0.7668210635903958,2.7120979774595946,-0.24209129012105146,0
695c39e7ce90b13220851f87,2024,2,2.986174772034649,2.6328314052724773,2.580435320993831,3,Administration,Team Lead,0.5972349544069299,0.5265662810544954,0.5160870641987663,2.6194426425649815,0.3667321294696677,1.807350060856257,0.8254813444162203,2.470006687338543,0.11042863365528799,0
695c39e7ce90b13220851f87,2025,3,2.4434595822751253,3.311656131892854,3.0367881925939426,3,Administration,Team Lead,0.4886919164550251,0.6623312263785708,0.6073576385187885,2.986174772034649,-0.5427151897595239,2.6328314052724773,0.6788247266203769,2.580435320993831,0.4563528716001115,0
695c39e7ce90b13220851f88,2022,0,2.716807954460031,3.575723390697899,1.545473935696819,3,Administration,Manager,0.5433615908920062,0.7151446781395798,0.3090947871393638,,,,,,,0
695c39e7ce90b13220851f89,2022,0,2.728830927109297,3.4077008940383826,2.3051427710028576,3,Human Resources,Assistant Manager,0.5457661854218594,0.6815401788076765,0.46102855420057154,,,,,,,0
695c39e7ce90b13220851f89,2023,1,3.261993397769485,3.121748281035714,2.6336004409078964,3,Human Resources,Assistant Manager,0.652398679553897,0.6243496562071428,0.5267200881815792,2.728830927109297,0.5331624706601876,3.4077008940383826,-0.2859526130026686,2.3051427710028576,0.3284576699050388,0
695c39e7ce90b13220851f89,2024,2,3.406579072838853,3.8756655100647244,3.4985295981520848,3,Human Resources,Assistant Manager,0.6813158145677706,0.7751331020129448,0.699705919630417,3.261993397769485,0.14458567506936815,3.121748281035714,0.7539172290290104,2.6336004409078964,0.8649291572441884,0
695c39e7ce90b13220851f89,2025,3,3.3283788785320914,2.3637220471389098,4.444792600609739,3,Human Resources,Assistant Manager,0.6656757757064182,0.47274440942778195,0.8889585201219479,3.406579072838853,-0.07820019430676162,3.8756655100647244,-1.5119434629258146,3.4985295981520848,0.9462630024576546,0
695c39e7ce90b13220851f8a,2022,0,1.9533241476859464,4.345556874945798,3.2545267190368667,3,Information Technology,Associate QA Engineer,0.3906648295371893,0.8691113749891596,0.6509053438073733,,,,,,,0
695c39e7ce90b13220851f8a,2023,1,1.0,2.0065572564851237,2.3798806255308067,3,Information Technology,Associate QA Engineer,0.2,0.4013114512970247,0.47597612510616133,1.9533241476859464,-0.9533241476859464,4.345556874945798,-2.338999618460674,3.2545267190368667,-0.87464609350606,0
695c39e7ce90b13220851f8a,2024,2,3.4977678840074207,2.316776719779403,1.6969773659244445,3,Information Technology,Associate QA Engineer,0.6995535768014841,0.4633553439558806,0.3393954731848889,1.0,2.4977678840074207,2.0065572564851237,0.3102194632942794,2.3798806255308067,-0.6829032596063622,0
695c39e7ce90b13220851f8a,2025,3,3.057882620917574,1.0,1.9233123896544992,3,Information Technology,Associate QA Engineer,0.6115765241835148,0.2,0.38466247793089986,3.4977678840074207,-0.43988526308984666,2.316776719779403,-1.3167767197794031,1.6969773659244445,0.22633502373005476,0
695c39e7ce90b13220851f8b,2022,0,2.602542859800397,3.49234066528639,2.3660836068338447,3,Administration,Senior Manager,0.5205085719600794,0.698468133057278,0.47321672136676896,,,,,,,0
695c39e7ce90b13220851f8b,2023,1,3.223231395951258,4.470540283123946,3.3966042536802625,3,Administration,Senior Manager,0.6446462791902516,0.8941080566247892,0.6793208507360525,2.602542859800397,0.6206885361508614,3.49234066528639,0.9781996178375563,2.3660836068338447,1.0305206468464179,0
695c39e7ce90b13220851f8b,2024,2,2.607933965392269,3.6541460104587564,2.970613131008914,3,Administration,Senior Manager,0.5215867930784538,0.7308292020917513,0.5941226262017828,3.223231395951258,-0.6152974305589893,4.470540283123946,-0.8163942726651898,3.3966042536802625,-0.4259911226713484,0
695c39e7ce90b13220851f8b,2025,3,3.477594098319389,2.5906447916383537,1.5957580620182759,3,Administration,Senior Manager,0.6955188196638777,0.5181289583276707,0.3191516124036552,2.607933965392269,0.8696601329271201,3.6541460104587564,-1.0635012188204027,2.970613131008914,-1.3748550689906383,0
695c39e7ce90b13220851f8c,2022,0,3.0796116290477302,3.1001096836846784,3.6556196881250833,3,Information Technology,Associate UI/UX Designer,0.6159223258095461,0.6200219367369357,0.7311239376250167,,,,,,,0
695c39e7ce90b13220851f8c,2023,1,2.466113624122302,1.8493674532369568,3.1850491674256984,3,Information Technology,Associate UI/UX Designer,0.4932227248244604,0.3698734906473914,0.6370098334851397,3.0796116290477302,-0.6134980049254284,3.1001096836846784,-1.2507422304477216,3.6556196881250833,-0.4705705206993849,1
695c39e7ce90b13220851f8c,2024,2,2.744704152201115,2.6050244796387596,2.783910026474336,3,Information Technology,Associate UI/UX Designer,0.548940830440223,0.5210048959277519,0.5567820052948672,2.466113624122302,0.278590528078813,1.8493674532369568,0.7556570264018028,3.1850491674256984,-0.40113914095136227,0
695c39e7ce90b13220851f8d,2022,0,2.682596271830562,3.479245873304005,2.286651085220695,3,Human Resources,Assistant Manager,0.5365192543661124,0.695849174660801,0.457330217044139,,,,,,,0
695c39e7ce90b13220851f8e,2022,0,3.386860251933471,3.5182935913481073,3.493061377692827,3,Administration,Team Lead,0.6773720503866942,0.7036587182696215,0.6986122755385654,,,,,,,0
695c39e7ce90b13220851f8e,2023,1,3.8116220151351285,4.110176099037636,3.785238004632271,3,Administration,Team Lead,0.7623244030270258,0.8220352198075271,0.7570476009264542,3.386860251933471,0.4247617632016576,3.5182935913481073,0.5918825076895287,3.493061377692827,0.2921766269394439,0
695c39e7ce90b13220851f8e,2024,2,4.320357844191692,4.324835587978434,3.068387049476949,3,Administration,Team Lead,0.8640715688383385,0.8649671175956868,0.6136774098953899,3.8116220151351285,0.5087358290565636,4.110176099037636,0.21465948894079823,3.785238004632271,-0.7168509551553219,1
695c39e7ce90b13220851f8e,2025,3,2.228175864800199,1.890046246828772,1.9602881707890871,3,Administration,Team Lead,0.44563517296003974,0.3780092493657544,0.3920576341578174,4.320357844191692,-2.0921819793914933,4.324835587978434,-2.434789341149662,3.068387049476949,-1.108098878687862,0
695c39e7ce90b13220851f8f,2022,0,2.9245518240654307,2.6863497366013336,4.14501827601381,3,Human Resources,Senior Executive,0.5849103648130861,0.5372699473202667,0.8290036552027621,,,,,,,0
695c39e7ce90b13220851f8f,2023,1,2.4723476589995625,2.7490711237038377,2.377607888797647,3,Human Resources,Senior Executive,0.4944695317999125,0.5498142247407676,0.47552157775952936,2.9245518240654307,-0.45220416506586814,2.6863497366013336,0.06272138710250408,4.14501827601381,-1.7674103872161635,1
695c39e7ce90b13220851f8f,2024,2,3.323933118493782,2.8299255574778464,3.1436321926090165,3,Human Resources,Senior Executive,0.6647866236987564,0.5659851114955693,0.6287264385218033,2.4723476589995625,0.8515854594942196,2.7490711237038377,0.0808544337740087,2.377607888797647,0.7660243038113697,0
695c39e7ce90b13220851f90,2022,0,3.3367228367686255,2.7854836098176627,3.778544671945032,3,Administration,Associate,0.667344567353725,0.5570967219635325,0.7557089343890064,,,,,,,0
695c39e7ce90b13220851f91,2022,0,2.869431440134325,2.6248463154521575,2.0263544523749495,3,Information Technology,Administrator,0.573886288026865,0.5249692630904315,0.4052708904749899,,,,,,,1
695c39e7ce90b13220851f91,2023,1,2.693367499518358,2.4945317474346007,3.3159799882104397,3,Information Technology,Administrator,0.5386734999036716,0.49890634948692014,0.6631959976420879,2.869431440134325,-0.17606394061596697,2.6248463154521575,-0.1303145680175568,2.0263544523749495,1.2896255358354902,0
695c39e7ce90b13220851f92,2022,0,3.0684785541891793,4.013009078104341,2.596272892237036,3,Information Technology,Project Manager,0.6136957108378358,0.8026018156208682,0.5192545784474072,,,,,,,0
695c39e7ce90b13220851f92,2023,1,3.1909681831513277,1.2130456646861947,2.908867206434587,3,Information Technology,Project Manager,0.6381936366302655,0.24260913293723893,0.5817734412869174,3.0684785541891793,0.12248962896214843,4.013009078104341,-2.7999634134181464,2.596272892237036,0.3125943141975509,0
695c39e7ce90b13220851f92,2024,2,1.9594756957632757,2.352374634779441,2.8960755800681524,3,Information Technology,Project Manager,0.39189513915265517,0.4704749269558882,0.5792151160136305,3.1909681831513277,-1.231492487388052,1.2130456646861947,1.1393289700932465,2.908867206434587,-0.012791626366434716,0
695c39e7ce90b13220851f92,2025,3,1.8852897083887559,3.6928071261326134,3.451572407245699,3,Information Technology,Project Manager,0.3770579416777512,0.7385614252265227,0.6903144814491398,1.9594756957632757,-0.07418598737451987,2.352374634779441,1.3404324913531722,2.8960755800681524,0.5554968271775467,0
695c39e7ce90b13220851f93,2022,0,3.5429770779827088,3.646658802217365,3.844474295656685,3,Administration,Senior Manager,0.7085954155965417,0.729331760443473,0.7688948591313369,,,,,,,0
695c39e7ce90b13220851f93,2023,1,3.359394190786105,2.9957239561130797,3.126091779260716,3,Administration,Senior Manager,0.671878838157221,0.599144791222616,0.6252183558521432,3.5429770779827088,-0.18358288719660365,3.646658802217365,-0.6509348461042852,3.844474295656685,-0.7183825163959687,0
695c39e7ce90b13220851f93,2024,2,4.377124438712544,4.693840042407242,3.7925110483746955,3,Administration,Senior Manager,0.8754248877425088,0.9387680084814484,0.7585022096749391,3.359394190786105,1.0177302479264387,2.9957239561130797,1.6981160862941622,3.126091779260716,0.6664192691139794,0
695c39e7ce90b13220851f93,2025,3,3.462890340250128,3.8580858762691865,2.6886160638695236,3,Administration,Senior Manager,0.6925780680500255,0.7716171752538373,0.5377232127739047,4.377124438712544,-0.914234098462416,4.693840042407242,-0.8357541661380554,3.7925110483746955,-1.103894984505172,0
695c39e7ce90b13220851f94,2022,0,3.116121464527784,3.8031770919378687,3.125026104213212,3,Information Technology,UI/UX Designer,0.6232242929055568,0.7606354183875738,0.6250052208426424,,,,,,,0
695c39e7ce90b13220851f94,2023,1,2.4933710885332747,1.8734328883764442,3.409573667891141,3,Information Technology,UI/UX Designer,0.49867421770665493,0.37468657767528885,0.6819147335782282,3.116121464527784,-0.6227503759945092,3.8031770919378687,-1.9297442035614245,3.125026104213212,0.2845475636779291,1
695c39e7ce90b13220851f94,2024,2,2.8505134720019685,3.34338203864652,2.355094199253328,3,Information Technology,UI/UX Designer,0.5701026944003937,0.6686764077293039,0.47101883985066556,2.4933710885332747,0.35714238346869376,1.8734328883764442,1.4699491502700757,3.409573667891141,-1.0544794686378132,0
695c39e7ce90b13220851f95,2022,0,2.6426638529308293,3.3507181464929734,2.4760881722409365,3,Administration,Executive,0.5285327705861659,0.6701436292985947,0.4952176344481873,,,,,,,0
695c39e7ce90b13220851f95,2023,1,3.422316228458074,3.3820102013791935,2.803257708770066,3,Administration,Executive,0.6844632456916149,0.6764020402758387,0.5606515417540132,2.6426638529308293,0.7796523755272449,3.3507181464929734,0.03129205488622011,2.4760881722409365,0.3271695365291296,1
695c39e7ce90b13220851f95,2024,2,2.9645211239891456,2.119409801111053,2.9783282376509104,3,Administration,Executive,0.5929042247978291,0.42388196022221064,0.595665647530182,3.422316228458074,-0.45779510446892857,3.3820102013791935,-1.2626004002681404,2.803257708770066,0.1750705288808443,0
695c39e7ce90b13220851f96,2022,0,3.0783607682681517,4.4276079830473645,1.8940943467390963,3,Information Technology,QA Lead,0.6156721536536304,0.8855215966094729,0.3788188693478193,,,,,,,0
695c39e7ce90b13220851f96,2023,1,3.1924873326423535,2.709712003564895,4.2268816773692155,3,Information Technology,QA Lead,0.6384974665284707,0.541942400712979,0.845376335473843,3.0783607682681517,0.11412656437420177,4.4276079830473645,-1.7178959794824693,1.8940943467390963,2.3327873306301194,0
695c39e7ce90b13220851f96,2024,2,3.2921873479845263,2.726290481232913,2.4366960121825736,3,Information Technology,QA Lead,0.6584374695969053,0.5452580962465826,0.48733920243651474,3.1924873326423535,0.09970001534217277,2.709712003564895,0.01657847766801801,4.2268816773692155,-1.790185665186642,1
695c39e7ce90b13220851f96,2025,3,1.6467283748516814,2.294666107404163,2.292617520264132,3,Information Technology,QA Lead,0.3293456749703363,0.45893322148083265,0.45852350405282644,3.2921873479845263,-1.6454589731328448,2.726290481232913,-0.43162437382874996,2.4366960121825736,-0.14407849191844146,0
695c39e7ce90b13220851f97,2022,0,3.6511488942221986,2.597598817681494,3.191835864608267,3,Human Resources,Assistant Manager,0.7302297788444397,0.5195197635362988,0.6383671729216533,,,,,,,0
695c39e7ce90b13220851f97,2023,1,2.5524311888229394,2.7462328972933823,2.4533265508339976,3,Human Resources,Assistant Manager,0.5104862377645879,0.5492465794586765,0.49066531016679954,3.6511488942221986,-1.0987177053992592,2.597598817681494,0.14863407961188813,3.191835864608267,-0.7385093137742693,1
695c39e7ce90b13220851f97,2024,2,3.969209423274804,5.0,4.2857705884858985,3,Human Resources,Assistant Manager,0.7938418846549607,1.0,0.8571541176971798,2.5524311888229394,1.4167782344518645,2.7462328972933823,2.2537671027066177,2.4533265508339976,1.832444037651901,0
695c39e7ce90b13220851f98,2022,0,1.7427438390100831,1.679524923840868,2.8850165721968484,3,Human Resources,Associate,0.3485487678020166,0.3359049847681736,0.5770033144393697,,,,,,,0
695c39e7ce90b13220851f98,2023,1,2.430017214016542,2.6546144335128323,3.0295963961740053,3,Human Resources,Associate,0.4860034428033084,0.5309228867025665,0.605919279234801,1.7427438390100831,0.687273375006459,1.679524923840868,0.9750895096719643,2.8850165721968484,0.14457982397715696,0
695c39e7ce90b13220851f98,2024,2,1.4513095607624376,2.757733300602983,2.498806363392228,3,Human Resources,Associate,0.29026191215248753,0.5515466601205966,0.4997612726784456,2.430017214016542,-0.9787076532541046,2.6546144335128323,0.10311886709015061,3.0295963961740053,-0.5307900327817774,1
695c39e7ce90b13220851f98,2025,3,2.946754496892854,2.3716263526908685,3.4954322578111996,3,Human Resources,Associate,0.5893508993785708,0.4743252705381737,0.6990864515622399,1.4513095607624376,1.4954449361304163,2.757733300602983,-0.3861069479121144,2.498806363392228,0.9966258944189716,0
695c39e7ce90b13220851f99,2022,0,3.1570664687197336,4.138075533153966,4.4945933261504,3,Human Resources,Manager,0.6314132937439467,0.8276151066307932,0.89891866523008,,,,,,,0
695c39e7ce90b13220851f99,2023,1,3.3738398194519386,3.0761373756779165,3.6758333817410436,3,Human Resources,Manager,0.6747679638903877,0.6152274751355833,0.7351666763482088,3.1570664687197336,0.21677335073220494,4.138075533153966,-1.0619381574760496,4.4945933261504,-0.8187599444093565,0
695c39e7ce90b13220851f99,2024,2,2.960051580020628,3.2980990911794814,2.504348880201027,3,Human Resources,Manager,0.5920103160041256,0.6596198182358963,0.5008697760402054,3.3738398194519386,-0.4137882394313106,3.0761373756779165,0.22196171550156496,3.6758333817410436,-1.1714845015400166,0
695c39e7ce90b13220851f99,2025,3,3.6570944832248515,2.9458409090369546,4.120530433364011,3,Human Resources,Manager,0.7314188966449703,0.589168181807391,0.8241060866728022,2.960051580020628,0.6970429032042236,3.2980990911794814,-0.3522581821425268,2.504348880201027,1.616181553162984,0
695c39e7ce90b13220851f9a,2022,0,2.930190069516704,2.4903267766415667,3.881022623241168,3,Human Resources,Assistant Manager,0.5860380139033408,0.4980653553283133,0.7762045246482336,,,,,,,0
695c39e7ce90b13220851f9a,2023,1,3.0707372511956557,3.1392764389475634,2.593906011038566,3,Human Resources,Assistant Manager,0.6141474502391311,0.6278552877895127,0.5187812022077132,2.930190069516704,0.14054718167895164,2.4903267766415667,0.6489496623059967,3.881022623241168,-1.287116612202602,0
695c39e7ce90b13220851f9a,2024,2,2.744341639691058,2.3917845505046347,3.0407654009484313,3,Human Resources,Assistant Manager,0.5488683279382116,0.47835691010092696,0.6081530801896863,3.0707372511956557,-0.32639561150459784,3.1392764389475634,-0.7474918884429287,2.593906011038566,0.4468593899098652,0
695c39e7ce90b13220851f9a,2025,3,3.3695792504018396,2.6408439174327354,2.938706410680064,3,Human Resources,Assistant Manager,0.6739158500803679,0.528168783486547,0.5877412821360128,2.744341639691058,0.6252376107107818,2.3917845505046347,0.2490593669281007,3.0407654009484313,-0.10205899026836729,0
695c39e7ce90b13220851f9b,2022,0,4.230915166126039,2.885895300402219,3.518787333476239,3,Human Resources,Senior Executive,0.8461830332252077,0.5771790600804438,0.7037574666952479,,,,,,,0
695c39e7ce90b13220851f9b,2023,1,2.7508872000323104,3.76078301394905,3.4292443226723894,3,Human Resources,Senior Executive,0.5501774400064621,0.75215660278981,0.6858488645344779,4.230915166126039,-1.4800279660937283,2.885895300402219,0.8748877135468307,3.518787333476239,-0.08954301080384974,0
695c39e7ce90b13220851f9b,2024,2,3.0799956578562546,2.5955247955051988,2.911834171728015,3,Human Resources,Senior Executive,0.615999131571251,0.5191049591010397,0.582366834345603,2.7508872000323104,0.32910845782394427,3.76078301394905,-1.1652582184438511,3.4292443226723894,-0.5174101509443743,0
695c39e7ce90b13220851f9b,2025,3,3.1769767243483376,4.1486390063599945,3.2605282893596916,3,Human Resources,Senior Executive,0.6353953448696675,0.8297278012719989,0.6521056578719383,3.0799956578562546,0.09698106649208293,2.5955247955051988,1.5531142108547957,2.911834171728015,0.34869411763167646,0
695c39e7ce90b13220851f9c,2022,0,3.3146770050712924,3.6557376580826726,3.0871548622632417,3,Administration,Executive,0.6629354010142585,0.7311475316165346,0.6174309724526483,,,,,,,0
695c39e7ce90b13220851f9c,2023,1,3.2400875184514346,3.2908740951244138,2.3470205601009733,3,Administration,Executive,0.6480175036902869,0.6581748190248827,0.46940411202019466,3.3146770050712924,-0.07458948661985776,3.6557376580826726,-0.36486356295825884,3.0871548622632417,-0.7401343021622684,0
695c39e7ce90b13220851f9c,2024,2,1.7802797413101623,1.0,2.0728858835853314,3,Administration,Executive,0.35605594826203246,0.2,0.4145771767170663,3.2400875184514346,-1.4598077771412723,3.2908740951244138,-2.2908740951244138,2.3470205601009733,-0.27413467651564183,1
695c39e7ce90b13220851f9c,2025,3,3.244274281499547,4.286960695913219,3.2118110440556915,3,Administration,Executive,0.6488548562999095,0.8573921391826438,0.6423622088111383,1.7802797413101623,1.4639945401893848,1.0,3.286960695913219,2.0728858835853314,1.13892516047036,0
695c39e7ce90b13220851f9d,2022,0,3.4193684172698857,2.0474640495898786,3.3922878190509422,3,Information Technology,QA Engineer,0.6838736834539771,0.4094928099179757,0.6784575638101884,,,,,,,0
695c39e7ce90b13220851f9d,2023,1,2.7048370987663217,3.025175702484826,3.6076366349233213,3,Information Technology,QA Engineer,0.5409674197532643,0.6050351404969652,0.7215273269846643,3.4193684172698857,-0.714531318503564,2.0474640495898786,0.9777116528949472,3.3922878190509422,0.21534881587237908,0
695c39e7ce90b13220851f9d,2024,2,2.476017766309776,2.795223104380565,3.4494071300362403,3,Information Technology,QA Engineer,0.49520355326195525,0.5590446208761131,0.6898814260072481,2.7048370987663217,-0.2288193324565455,3.025175702484826,-0.22995259810426072,3.6076366349233213,-0.15822950488708099,0
695c39e7ce90b13220851f9d,2025,3,3.8638354194018953,3.5929947927607184,3.5875614076093707,3,Information Technology,QA Engineer,0.7727670838803791,0.7185989585521437,0.7175122815218742,2.476017766309776,1.3878176530921191,2.795223104380565,0.7977716883801533,3.4494071300362403,0.13815427757313037,0
695c39e7ce90b13220851f9e,2022,0,3.619910113111478,4.583207789402604,2.189279725273372,3,Human Resources,Associate,0.7239820226222956,0.9166415578805209,0.4378559450546744,,,,,,,0
695c39e7ce90b13220851f9f,2022,0,2.172089932059229,2.8139994660614516,3.7853890991140826,3,Information Technology,Associate Software Engineer,0.4344179864118458,0.5627998932122903,0.7570778198228165,,,,,,,0
695c39e7ce90b13220851f9f,2023,1,2.8185675257669534,3.0576830171752607,2.923934564042428,3,Information Technology,Associate Software Engineer,0.5637135051533907,0.6115366034350521,0.5847869128084856,2.172089932059229,0.6464775937077243,2.8139994660614516,0.24368355111380913,3.7853890991140826,-0.8614545350716547,0
695c39e7ce90b13220851f9f,2024,2,3.4901015326053377,2.1591409760135187,2.3924523325476583,3,Information Technology,Associate Software Engineer,0.6980203065210675,0.43182819520270377,0.47849046650953164,2.8185675257669534,0.6715340068383844,3.0576830171752607,-0.898542041161742,2.923934564042428,-0.5314822314947696,0
695c39e7ce90b13220851f9f,2025,3,1.6703851289967735,2.616995165180631,2.1642678719041344,3,Information Technology,Associate Software Engineer,0.3340770257993547,0.5233990330361262,0.4328535743808269,3.4901015326053377,-1.8197164036085642,2.1591409760135187,0.4578541891671124,2.3924523325476583,-0.22818446064352393,0
695c39e7ce90b13220851fa0,2022,0,2.357906155882808,2.0163940305087245,3.081258358712972,3,Human Resources,Assistant Manager,0.4715812311765616,0.4032788061017449,0.6162516717425943,,,,,,,0
695c39e7ce90b13220851fa0,2023,1,3.585033489163151,4.463072489368341,2.233025478366964,3,Human Resources,Assistant Manager,0.7170066978326302,0.8926144978736682,0.4466050956733928,2.357906155882808,1.2271273332803432,2.0163940305087245,2.4466784588596164,3.081258358712972,-0.848232880346008,0
695c39e7ce90b13220851fa0,2024,2,2.9805840027193673,3.6628476422016303,3.04592353338344,3,Human Resources,Assistant Manager,0.5961168005438735,0.7325695284403261,0.609184706676688,3.585033489163151,-0.6044494864437837,4.463072489368341,-0.8002248471667106,2.233025478366964,0.8128980550164759,1
695c39e7ce90b13220851fa0,2025,3,1.6557980984906622,1.6237905860481248,1.766579666168962,3,Human Resources,Assistant Manager,0.33115961969813246,0.32475811720962494,0.3533159332337924,2.9805840027193673,-1.3247859042287051,3.6628476422016303,-2.0390570561535055,3.04592353338344,-1.279343867214478,0
695c39e7ce90b13220851fa1,2022,0,2.877787955783042,2.318917480998466,2.5074681758571575,3,Administration,Assistant General Manager,0.5755575911566084,0.46378349619969317,0.5014936351714315,,,,,,,0
695c39e7ce90b13220851fa2,2022,0,3.880457006039701,3.084908328571321,3.487383994728778,3,Administration,Manager,0.7760914012079402,0.6169816657142642,0.6974767989457555,,,,,,,0
695c39e7ce90b13220851fa2,2023,1,4.692468036507849,3.9368468015748643,2.9823693395318376,3,Administration,Manager,0.9384936073015698,0.7873693603149728,0.5964738679063675,3.880457006039701,0.812011030468148,3.084908328571321,0.8519384730035435,3.487383994728778,-0.5050146551969403,0
695c39e7ce90b13220851fa2,2024,2,2.7726028121891027,3.7372864364659177,2.146360113811224,3,Administration,Manager,0.5545205624378206,0.7474572872931835,0.4292720227622448,4.692468036507849,-1.9198652243187464,3.9368468015748643,-0.1995603651089466,2.9823693395318376,-0.8360092257206135,0
695c39e7ce90b13220851fa2,2025,3,3.371518077962166,4.048951631683404,4.183200121287891,3,Administration,Manager,0.6743036155924332,0.8097903263366808,0.8366400242575782,2.7726028121891027,0.5989152657730634,3.7372864364659177,0.31166519521748626,2.146360113811224,2.036840007476667,0
695c39e7ce90b13220851fa3,2022,0,4.424818768684492,3.760464473404448,3.687447898524771,3,Administration,Associate,0.8849637537368984,0.7520928946808896,0.7374895797049542,,,,,,,0
695c39e7ce90b13220851fa3,2023,1,2.0214445165061385,1.7751120736157409,1.6954400963411613,3,Administration,Associate,0.4042889033012277,0.35502241472314816,0.3390880192682323,4.424818768684492,-2.4033742521783537,3.760464473404448,-1.985352399788707,3.687447898524771,-1.9920078021836098,1
695c39e7ce90b13220851fa3,2024,2,3.4908229711455814,3.519763044863854,3.5855088675941387,3,Administration,Associate,0.6981645942291163,0.7039526089727708,0.7171017735188278,2.0214445165061385,1.4693784546394428,1.7751120736157409,1.7446509712481133,1.6954400963411613,1.8900687712529773,0
695c39e7ce90b13220851fa4,2022,0,4.068239717194249,3.7118645393685084,3.552263553340616,3,Human Resources,Associate,0.8136479434388498,0.7423729078737017,0.7104527106681232,,,,,,,0
695c39e7ce90b13220851fa4,2023,1,3.2920858575759087,4.512188089998039,2.686319132422772,3,Human Resources,Associate,0.6584171715151818,0.9024376179996079,0.5372638264845544,4.068239717194249,-0.7761538596183404,3.7118645393685084,0.800323550629531,3.552263553340616,-0.865944420917844,0
695c39e7ce90b13220851fa4,2024,2,3.18923105554931,3.2316989441242887,2.673709113962959,3,Human Resources,Associate,0.637846211109862,0.6463397888248578,0.5347418227925919,3.2920858575759087,-0.10285480202659869,4.512188089998039,-1.2804891458737506,2.686319132422772,-0.0126100184598128,0
695c39e7ce90b13220851fa4,2025,3,2.6581642562331558,2.850756588516031,3.895873483360207,3,Human Resources,Associate,0.5316328512466312,0.5701513177032063,0.7791746966720414,3.18923105554931,-0.5310667993161542,3.2316989441242887,-0.3809423556082576,2.673709113962959,1.2221643693972477,0
695c39e7ce90b13220851fa5,2022,0,2.4802924763404355,3.1625565750031397,3.582174980327801,3,Human Resources,Assistant Manager,0.4960584952680871,0.632511315000628,0.7164349960655602,,,,,,,0
695c39e7ce90b13220851fa5,2023,1,3.7288194273917767,3.390565687161019,1.7084335985911991,3,Human Resources,Assistant Manager,0.7457638854783554,0.6781131374322038,0.34168671971823983,2.4802924763404355,1.2485269510513413,3.1625565750031397,0.2280091121578791,3.582174980327801,-1.8737413817366018,1
695c39e7ce90b13220851fa5,2024,2,4.61584818947499,4.404489108794935,3.5519116818530034,3,Human Resources,Assistant Manager,0.9231696378949981,0.8808978217589869,0.7103823363706007,3.7288194273917767,0.8870287620832134,3.390565687161019,1.013923421633916,1.7084335985911991,1.8434780832618043,0
695c39e7ce90b13220851fa6,2022,0,2.2045749547751448,1.4828104986774298,2.6731238413135494,3,Human Resources,Executive,0.44091499095502895,0.296562099735486,0.5346247682627099,,,,,,,1
695c39e7ce90b13220851fa6,2023,1,3.673621370448026,3.2243428665304075,2.91808578904769,3,Human Resources,Executive,0.7347242740896052,0.6448685733060815,0.5836171578095379,2.2045749547751448,1.469046415672881,1.4828104986774298,1.7415323678529777,2.6731238413135494,0.24496194773414048,0
695c39e7ce90b13220851fa7,2022,0,3.1392805377050483,2.557587634374295,2.2685104201843727,3,Administration,Senior Manager,0.6278561075410096,0.5115175268748591,0.4537020840368745,,,,,,,0
695c39e7ce90b13220851fa7,2023,1,4.195987173508143,2.718268534655682,3.4649421998271386,3,Administration,Senior Manager,0.8391974347016286,0.5436537069311365,0.6929884399654277,3.1392805377050483,1.0567066358030943,2.557587634374295,0.16068090028138693,2.2685104201843727,1.196431779642766,0
695c39e7ce90b13220851fa7,2024,2,3.6426325197751837,3.253826416825228,1.9715312289827267,3,Administration,Senior Manager,0.7285265039550367,0.6507652833650457,0.39430624579654533,4.195987173508143,-0.553354653732959,2.718268534655682,0.5355578821695461,3.4649421998271386,-1.4934109708444119,0
695c39e7ce90b13220851fa7,2025,3,3.0165596061220006,4.430830201600109,3.223282354646159,3,Administration,Senior Manager,0.6033119212244001,0.8861660403200219,0.6446564709292317,3.6426325197751837,-0.6260729136531831,3.253826416825228,1.177003784774881,1.9715312289827267,1.2517511256634322,0
695c39e7ce90b13220851fa8,2022,0,2.251394195043461,1.8786057981272302,3.6704681275997744,3,Information Technology,Project Manager,0.45027883900869214,0.37572115962544606,0.7340936255199548,,,,,,,0
695c39e7ce90b13220851fa8,2023,1,2.2460199451106138,3.7237216790069403,4.193883272699848,3,Information Technology,Project Manager,0.4492039890221228,0.7447443358013881,0.8387766545399696,2.251394195043461,-0.005374249932847075,1.8786057981272302,1.8451158808797101,3.6704681275997744,0.5234151451000737,0
695c39e7ce90b13220851fa8,2024,2,3.4062838111666065,2.8320700185931686,4.257212151735439,3,Information Technology,Project Manager,0.6812567622333213,0.5664140037186337,0.8514424303470879,2.2460199451106138,1.1602638660559927,3.7237216790069403,-0.8916516604137716,4.193883272699848,0.06332887903559126,0
695c39e7ce90b13220851fa8,2025,3,3.8674473172130677,3.442078501932362,2.9373558905694663,3,Information Technology,Project Manager,0.7734894634426135,0.6884157003864724,0.5874711781138933,3.4062838111666065,0.46116350604646117,2.8320700185931686,0.6100084833391932,4.257212151735439,-1.319856261165973,0
695c39e7ce90b13220851fa9,2022,0,3.664652725734838,3.1786165780532896,3.55720540496283,3,Information Technology,Senior QA Engineer,0.7329305451469675,0.6357233156106579,0.711441080992566,,,,,,,0
695c39e7ce90b13220851fa9,2023,1,4.055766032580976,4.418436419978198,4.386462323277584,3,Information Technology,Senior QA Engineer,0.8111532065161953,0.8836872839956396,0.8772924646555168,3.664652725734838,0.39111330684613854,3.1786165780532896,1.2398198419249082,3.55720540496283,0.829256918314754,0
695c39e7ce90b13220851fa9,2024,2,3.4633723473505116,3.7236378726760844,4.3534956225838375,3,Information Technology,Senior QA Engineer,0.6926744694701024,0.7447275745352169,0.8706991245167675,4.055766032580976,-0.5923936852304648,4.418436419978198,-0.6947985473021134,4.386462323277584,-0.03296670069374663,0
695c39e7ce90b13220851fa9,2025,3,4.41738707650685,5.0,3.929014120245327,3,Information Technology,Senior QA Engineer,0.88347741530137,1.0,0.7858028240490654,3.4633723473505116,0.9540147291563388,3.7236378726760844,1.2763621273239156,4.3534956225838375,-0.42448150233851045,0
695c39e7ce90b13220851faa,2022,0,4.27775173290668,3.8537059235610522,2.543026006352531,3,Information Technology,Senior Software Engineer,0.8555503465813359,0.7707411847122104,0.5086052012705062,,,,,,,0
695c39e7ce90b13220851faa,2023,1,2.5067093870434283,2.893903965727138,2.1584517863093455,3,Information Technology,Senior Software Engineer,0.5013418774086856,0.5787807931454276,0.4316903572618691,4.27775173290668,-1.7710423458632514,3.8537059235610522,-0.9598019578339141,2.543026006352531,-0.38457422004318564,1
695c39e7ce90b13220851faa,2024,2,3.9441019851534245,2.8454629723739675,3.563850278559236,3,Information Technology,Senior Software Engineer,0.7888203970306849,0.5690925944747935,0.7127700557118473,2.5067093870434283,1.4373925981099962,2.893903965727138,-0.04844099335317065,2.1584517863093455,1.4053984922498906,0
695c39e7ce90b13220851fab,2022,0,4.007100918965321,4.531116734621259,3.916599083539147,3,Administration,Executive,0.8014201837930642,0.9062233469242518,0.7833198167078294,,,,,,,0
695c39e7ce90b13220851fab,2023,1,4.694464845380138,3.4536350970826604,4.736234293783692,3,Administration,Executive,0.9388929690760277,0.690727019416532,0.9472468587567384,4.007100918965321,0.6873639264148173,4.531116734621259,-1.0774816375385985,3.916599083539147,0.8196352102445452,0
695c39e7ce90b13220851fab,2024,2,1.4931820450496405,1.3949821537528466,1.6606814529041243,3,Administration,Executive,0.2986364090099281,0.27899643075056935,0.33213629058082483,4.694464845380138,-3.201282800330498,3.4536350970826604,-2.0586529433298137,4.736234293783692,-3.075552840879568,1
695c39e7ce90b13220851fab,2025,3,4.3719130216508475,3.5662375128171346,5.0,3,Administration,Executive,0.8743826043301695,0.713247502563427,1.0,1.4931820450496405,2.878730976601207,1.3949821537528466,2.171255359064288,1.6606814529041243,3.3393185470958757,0
695c39e7ce90b13220851fac,2022,0,2.192007725772962,2.6324486986534392,3.02402000525589,3,Administration,Senior Manager,0.4384015451545924,0.5264897397306878,0.604804001051178,,,,,,,0
695c39e7ce90b13220851fac,2023,1,2.7355530086387994,2.695724947659248,3.431343517761735,3,Administration,Senior Manager,0.5471106017277598,0.5391449895318496,0.6862687035523469,2.192007725772962,0.5435452828658374,2.6324486986534392,0.06327624900580897,3.02402000525589,0.40732351250584475,0
695c39e7ce90b13220851fac,2024,2,3.4754250775344397,2.703661719235796,3.1721458972519128,3,Administration,Senior Manager,0.695085015506888,0.5407323438471592,0.6344291794503826,2.7355530086387994,0.7398720688956404,2.695724947659248,0.00793677157654793,3.431343517761735,-0.2591976205098221,0
695c39e7ce90b13220851fac,2025,3,2.644879640071251,2.3764649591610367,2.5267435161318863,3,Administration,Senior Manager,0.5289759280142502,0.47529299183220736,0.5053487032263773,3.4754250775344397,-0.8305454374631887,2.703661719235796,-0.3271967600747594,3.1721458972519128,-0.6454023811200265,0
695c39e7ce90b13220851fad,2022,0,2.8323145544043387,3.923458943963817,2.5483212269277775,3,Information Technology,Administrator,0.5664629108808678,0.7846917887927634,0.5096642453855555,,,,,,,0
695c39e7ce90b13220851fad,2023,1,2.828567754755378,3.478944173235372,2.9563754988492823,3,Information Technology,Administrator,0.5657135509510756,0.6957888346470744,0.5912750997698565,2.8323145544043387,-0.0037467996489608524,3.923458943963817,-0.4445147707284449,2.5483212269277775,0.4080542719215048,0
695c39e7ce90b13220851fad,2024,2,2.8789619003557014,3.2216379297698756,3.5050326530681755,3,Information Technology,Administrator,0.5757923800711403,0.6443275859539751,0.701006530613635,2.828567754755378,0.050394145600323625,3.478944173235372,-0.25730624346549646,2.9563754988492823,0.5486571542188932,0
695c39e7ce90b13220851fad,2025,3,2.7531838822159873,3.8224314018742804,2.9986811271441693,3,Information Technology,Administrator,0.5506367764431974,0.7644862803748561,0.5997362254288339,2.8789619003557014,-0.12577801813971412,3.2216379297698756,0.6007934721044048,3.5050326530681755,-0.5063515259240061,0
695c39e7ce90b13220851fae,2022,0,3.963112706249138,3.864729670942192,3.726488201311109,3,Human Resources,Executive,0.7926225412498276,0.7729459341884384,0.7452976402622218,,,,,,,0
695c39e7ce90b13220851fae,2023,1,2.8007256650215795,2.939570311957551,4.36207958770728,3,Human Resources,Executive,0.5601451330043159,0.5879140623915102,0.872415917541456,3.963112706249138,-1.1623870412275585,3.864729670942192,-0.925159358984641,3.726488201311109,0.6355913863961709,0
695c39e7ce90b13220851fae,2024,2,1.5952391623414839,1.5612146115975158,2.296033442711798,3,Human Resources,Executive,0.31904783246829677,0.3122429223195032,0.4592066885423596,2.8007256650215795,-1.2054865026800956,2.939570311957551,-1.3783557003600353,4.36207958770728,-2.066046144995482,1
695c39e7ce90b13220851fae,2025,3,2.5615567677813114,2.917486022504437,3.3727707429874507,3,Human Resources,Executive,0.5123113535562622,0.5834972045008874,0.6745541485974902,1.5952391623414839,0.9663176054398275,1.5612146115975158,1.356271410906921,2.296033442711798,1.0767373002756528,0
695c39e7ce90b13220851faf,2022,0,3.3234688135670876,3.566782554846203,1.662876109506898,3,Administration,Assistant Manager,0.6646937627134175,0.7133565109692406,0.3325752219013796,,,,,,,0
695c39e7ce90b13220851faf,2023,1,1.3959744589887073,2.2328733732768136,3.062712970760848,3,Administration,Assistant Manager,0.2791948917977415,0.4465746746553627,0.6125425941521696,3.3234688135670876,-1.9274943545783803,3.566782554846203,-1.3339091815693895,1.662876109506898,1.39983686125395,0
695c39e7ce90b13220851faf,2024,2,2.5935879795755135,2.4513685121634237,1.8023337620010462,3,Administration,Assistant Manager,0.5187175959151027,0.49027370243268475,0.36046675240020926,1.3959744589887073,1.1976135205868061,2.2328733732768136,0.2184951388866101,3.062712970760848,-1.2603792087598018,0
695c39e7ce90b13220851faf,2025,3,2.4253355074140197,2.636130749736706,3.9511326248633005,3,Administration,Assistant Manager,0.48506710148280396,0.5272261499473412,0.7902265249726601,2.5935879795755135,-0.16825247216149375,2.4513685121634237,0.18476223757328247,1.8023337620010462,2.1487988628622543,0
695c39e7ce90b13220851fb0,2022,0,2.5359317050918904,1.8913499732639318,1.415268453367341,3,Human Resources,Senior Executive,0.5071863410183781,0.3782699946527864,0.2830536906734682,,,,,,,0
695c39e7ce90b13220851fb0,2023,1,1.4482113974513395,1.6530268969109772,1.5769928924980976,3,Human Resources,Senior Executive,0.2896422794902679,0.3306053793821954,0.3153985784996195,2.5359317050918904,-1.0877203076405508,1.8913499732639318,-0.2383230763529547,1.415268453367341,0.16172443913075663,1
695c39e7ce90b13220851fb0,2024,2,2.6123775189737963,2.1472673860296854,1.2812173270509992,3,Human Resources,Senior Executive,0.5224755037947593,0.4294534772059371,0.2562434654101998,1.4482113974513395,1.1641661215224568,1.6530268969109772,0.4942404891187082,1.5769928924980976,-0.2957755654470984,0
695c39e7ce90b13220851fb1,2022,0,3.8279153673638797,4.304722153424392,4.013351888187238,3,Human Resources,Team Lead,0.765583073472776,0.8609444306848785,0.8026703776374475,,,,,,,0
695c39e7ce90b13220851fb1,2023,1,3.004681184404612,2.903666877791938,3.22754515435107,3,Human Resources,Team Lead,0.6009362368809225,0.5807333755583877,0.6455090308702139,3.8279153673638797,-0.8232341829592675,4.304722153424392,-1.4010552756324541,4.013351888187238,-0.7858067338361678,0
695c39e7ce90b13220851fb1,2024,2,3.3536407236833568,4.251274476555436,3.9041211154319306,3,Human Resources,Team Lead,0.6707281447366713,0.8502548953110873,0.7808242230863861,3.004681184404612,0.34895953927874457,2.903666877791938,1.3476075987634983,3.22754515435107,0.6765759610808608,1
695c39e7ce90b13220851fb1,2025,3,2.1809429973954355,3.1467792960505254,3.2017540529577673,3,Human Resources,Team Lead,0.4361885994790871,0.6293558592101051,0.6403508105915534,3.3536407236833568,-1.1726977262879212,4.251274476555436,-1.104495180504911,3.9041211154319306,-0.7023670624741634,0
695c39e7ce90b13220851fb2,2022,0,2.1880731543137424,3.3000666189224868,2.953359357718309,3,Administration,Senior Manager,0.4376146308627485,0.6600133237844974,0.5906718715436619,,,,,,,0
695c39e7ce90b13220851fb2,2023,1,3.161328280053824,3.092038961718191,2.769006736522242,3,Administration,Senior Manager,0.6322656560107648,0.6184077923436382,0.5538013473044484,2.1880731543137424,0.9732551257400814,3.3000666189224868,-0.20802765720429583,2.953359357718309,-0.1843526211960671,0
695c39e7ce90b13220851fb2,2024,2,3.549089606235943,3.3646425666769875,3.0430791124762573,3,Administration,Senior Manager,0.7098179212471887,0.6729285133353975,0.6086158224952515,3.161328280053824,0.38776132618211934,3.092038961718191,0.27260360495879654,2.769006736522242,0.27407237595401535,1
695c39e7ce90b13220851fb2,2025,3,2.778509524645419,2.5898041993800924,2.9719461689205016,3,Administration,Senior Manager,0.5557019049290838,0.5179608398760185,0.5943892337841004,3.549089606235943,-0.7705800815905244,3.3646425666769875,-0.774838367296895,3.0430791124762573,-0.07113294355575572,0
695c39e7ce90b13220851fb3,2022,0,2.735900274174588,4.327927250514381,2.3423333258691166,3,Human Resources,Senior Manager,0.5471800548349176,0.8655854501028761,0.4684666651738233,,,,,,,0
695c39e7ce90b13220851fb3,2023,1,2.168757344270518,3.5283556960605265,3.8422204032417984,3,Human Resources,Senior Manager,0.43375146885410365,0.7056711392121053,0.7684440806483597,2.735900274174588,-0.5671429299040698,4.327927250514381,-0.7995715544538542,2.3423333258691166,1.4998870773726818,0
695c39e7ce90b13220851fb3,2024,2,1.9592182443607726,3.0342030030003357,3.158328599914646,3,Human Resources,Senior Manager,0.3918436488721545,0.6068406006000672,0.6316657199829292,2.168757344270518,-0.2095390999097455,3.5283556960605265,-0.4941526930601907,3.8422204032417984,-0.6838918033271524,0
695c39e7ce90b13220851fb3,2025,3,1.4859583859847734,2.664500704355512,3.88268348472755,3,Human Resources,Senior Manager,0.29719167719695466,0.5329001408711024,0.7765366969455101,1.9592182443607726,-0.47325985837599926,3.0342030030003357,-0.36970229864482373,3.158328599914646,0.7243548848129042,0
695c39e7ce90b13220851fb4,2022,0,5.0,5.0,4.753824994487524,3,Information Technology,Senior QA Engineer,1.0,1.0,0.9507649988975049,,,,,,,0
695c39e7ce90b13220851fb5,2022,0,3.4985949699405112,2.4414802751987907,3.803493836732595,3,Administration,Senior Manager,0.6997189939881022,0.48829605503975815,0.760698767346519,,,,,,,0
695c39e7ce90b13220851fb5,2023,1,1.9697617414652866,2.0207744721011895,2.200806452137212,3,Administration,Senior Manager,0.3939523482930573,0.4041548944202379,0.44016129042744245,3.4985949699405112,-1.5288332284752246,2.4414802751987907,-0.4207058030976012,3.803493836732595,-1.6026873845953826,0
695c39e7ce90b13220851fb5,2024,2,2.7703556469355908,2.7522814360436243,2.637965579108264,3,Administration,Senior Manager,0.5540711293871181,0.5504562872087249,0.5275931158216528,1.9697617414652866,0.8005939054703042,2.0207744721011895,0.7315069639424348,2.200806452137212,0.43715912697105175,0
695c39e7ce90b13220851fb5,2025,3,2.1544303816724817,3.367215618567364,3.451738067502297,3,Administration,Senior Manager,0.4308860763344963,0.6734431237134728,0.6903476135004594,2.7703556469355908,-0.6159252652631091,2.7522814360436243,0.6149341825237395,2.637965579108264,0.8137724883940329,0
695c39e7ce90b13220851fb6,2022,0,4.258067886998585,3.482735681660764,4.276618938795977,3,Human Resources,Senior Manager,0.8516135773997171,0.6965471363321528,0.8553237877591954,,,,,,,0
695c39e7ce90b13220851fb6,2023,1,4.053782758512272,4.82363219087876,3.554108435294823,3,Human Resources,Senior Manager,0.8107565517024543,0.964726438175752,0.7108216870589646,4.258067886998585,-0.20428512848631364,3.482735681660764,1.3408965092179956,4.276618938795977,-0.7225105035011539,0
695c39e7ce90b13220851fb6,2024,2,4.261791371498861,4.55256888088805,2.858153050768566,3,Human Resources,Senior Manager,0.8523582742997722,0.9105137761776099,0.5716306101537132,4.053782758512272,0.20800861298658901,4.82363219087876,-0.27106330999071027,3.554108435294823,-0.6959553845262572,0
695c39e7ce90b13220851fb6,2025,3,4.0640432197987275,2.561533383470472,3.9419271434575904,3,Human Resources,Senior Manager,0.8128086439597455,0.5123066766940945,0.7883854286915181,4.261791371498861,-0.19774815170013316,4.55256888088805,-1.9910354974175775,2.858153050768566,1.0837740926890245,0
695c39e7ce90b13220851fb7,2022,0,2.89768902396942,3.273263257827224,2.9301223357863004,3,Administration,Senior Executive,0.579537804793884,0.6546526515654448,0.5860244671572601,,,,,,,0
695c39e7ce90b13220851fb7,2023,1,3.855215449742114,3.0065061752164217,3.0771404961831896,3,Administration,Senior Executive,0.7710430899484229,0.6013012350432844,0.6154280992366379,2.89768902396942,0.9575264257726941,3.273263257827224,-0.26675708261080233,2.9301223357863004,0.1470181603968892,0
695c39e7ce90b13220851fb7,2024,2,1.520301409540842,2.265956391140019,1.956768422949044,3,Administration,Senior Executive,0.3040602819081684,0.4531912782280038,0.3913536845898088,3.855215449742114,-2.334914040201272,3.0065061752164217,-0.7405497840764026,3.0771404961831896,-1.1203720732341456,1
695c39e7ce90b13220851fb7,2025,3,1.8100874867345986,2.5505353659525745,2.7671732247343233,3,Administration,Senior Executive,0.36201749734691974,0.5101070731905148,0.5534346449468647,1.520301409540842,0.2897860771937566,2.265956391140019,0.28457897481255534,1.956768422949044,0.8104048017852792,0
695c39e7ce90b13220851fb8,2022,0,2.8881905869562914,4.142062889096858,4.033048691361314,3,Human Resources,Senior Executive,0.5776381173912583,0.8284125778193715,0.8066097382722628,,,,,,,0
695c39e7ce90b13220851fb8,2023,1,2.225516928641028,1.2834840034274504,2.6720391150489387,3,Human Resources,Senior Executive,0.44510338572820557,0.25669680068549006,0.5344078230097877,2.8881905869562914,-0.6626736583152635,4.142062889096858,-2.858578885669407,4.033048691361314,-1.3610095763123753,1
695c39e7ce90b13220851fb8,2024,2,3.803637744472488,4.256538706103016,2.7945881286793903,3,Human Resources,Senior Executive,0.7607275488944976,0.8513077412206032,0.5589176257358781,2.225516928641028,1.57812081583146,1.2834840034274504,2.9730547026755656,2.6720391150489387,0.12254901363045168,0
695c39e7ce90b13220851fb9,2022,0,2.093568793406111,2.6144836601322057,2.1399086817743935,3,Human Resources,Assistant Manager,0.4187137586812222,0.5228967320264412,0.4279817363548787,,,,,,,1
695c39e7ce90b13220851fb9,2023,1,1.6990052485528484,2.836233078307218,3.373907750845211,3,Human Resources,Assistant Manager,0.3398010497105697,0.5672466156614436,0.6747815501690422,2.093568793406111,-0.3945635448532625,2.6144836601322057,0.22174941817501237,2.1399086817743935,1.2339990690708174,0
695c39e7ce90b13220851fba,2022,0,3.100671960121067,3.121404882670202,3.853311851755636,3,Human Resources,Manager,0.6201343920242134,0.6242809765340404,0.7706623703511272,,,,,,,0
695c39e7ce90b13220851fba,2023,1,4.690710777519957,3.406485946987286,2.8529802744928383,3,Human Resources,Manager,0.9381421555039914,0.6812971893974572,0.5705960548985677,3.100671960121067,1.5900388173988902,3.121404882670202,0.285081064317084,3.853311851755636,-1.0003315772627976,0
695c39e7ce90b13220851fba,2024,2,3.1890238293050217,2.831956076040165,3.513686633719034,3,Human Resources,Manager,0.6378047658610043,0.566391215208033,0.7027373267438068,4.690710777519957,-1.5016869482149353,3.406485946987286,-0.5745298709471207,2.8529802744928383,0.6607063592261957,0
695c39e7ce90b13220851fba,2025,3,2.3992164685129804,3.1984268163869713,3.2880828550748396,3,Human Resources,Manager,0.4798432937025961,0.6396853632773942,0.657616571014968,3.1890238293050217,-0.7898073607920413,2.831956076040165,0.36647074034680616,3.513686633719034,-0.22560377864419445,0
695c39e7ce90b13220851fbb,2022,0,2.37130076916384,2.2304838869236785,3.5348993612744684,3,Information Technology,Tech Lead,0.474260153832768,0.4460967773847357,0.7069798722548937,,,,,,,0
695c39e7ce90b13220851fbb,2023,1,3.45321632645258,2.6814627864007745,2.6736946384270053,3,Information Technology,Tech Lead,0.690643265290516,0.5362925572801549,0.5347389276854011,2.37130076916384,1.08191555728874,2.2304838869236785,0.450978899477096,3.5348993612744684,-0.8612047228474631,0
695c39e7ce90b13220851fbb,2024,2,3.5569795437925347,3.222070128964092,2.5662374268722834,3,Information Technology,Tech Lead,0.7113959087585069,0.6444140257928184,0.5132474853744566,3.45321632645258,0.10376321733995475,2.6814627864007745,0.5406073425633173,2.6736946384270053,-0.10745721155472188,1
695c39e7ce90b13220851fbb,2025,3,1.4392868922941142,1.0689997173170613,2.498254888953955,3,Information Technology,Tech Lead,0.28785737845882287,0.21379994346341227,0.49965097779079104,3.5569795437925347,-2.1176926514984205,3.222070128964092,-2.1530704116470307,2.5662374268722834,-0.06798253791832831,0
695c39e7ce90b13220851fbc,2022,0,3.525983007824029,2.04583274654483,2.927008553557704,3,Human Resources,Manager,0.7051966015648058,0.40916654930896595,0.5854017107115408,,,,,,,0
695c39e7ce90b13220851fbc,2023,1,1.9943834329204084,1.9273008742746907,1.2345552561703135,3,Human Resources,Manager,0.3988766865840817,0.3854601748549381,0.2469110512340627,3.525983007824029,-1.5315995749036206,2.04583274654483,-0.11853187227013917,2.927008553557704,-1.6924532973873905,1
695c39e7ce90b13220851fbc,2024,2,3.4291471823086237,3.3112740808273715,2.5972225122786745,3,Human Resources,Manager,0.6858294364617248,0.6622548161654743,0.5194445024557349,1.9943834329204084,1.4347637493882153,1.9273008742746907,1.3839732065526809,1.2345552561703135,1.362667256108361,0
695c39e7ce90b13220851fbd,2022,0,3.6271605638029167,4.046305697786278,4.961824464100542,3,Administration,Assistant Manager,0.7254321127605834,0.8092611395572555,0.9923648928201084,,,,,,,0
695c39e7ce90b13220851fbe,2022,0,3.705223989406458,3.5577010399549103,4.159643774166317,3,Administration,Manager,0.7410447978812915,0.711540207990982,0.8319287548332633,,,,,,,0
695c39e7ce90b13220851fbe,2023,1,1.3706663816015499,1.400522350166353,1.131796905871684,3,Administration,Manager,0.27413327632031,0.2801044700332706,0.2263593811743368,3.705223989406458,-2.334557607804908,3.5577010399549103,-2.157178689788557,4.159643774166317,-3.027846868294633,1
695c39e7ce90b13220851fbe,2024,2,3.576594204891114,3.5722760974984853,4.131304508940155,3,Administration,Manager,0.7153188409782227,0.714455219499697,0.826260901788031,1.3706663816015499,2.205927823289564,1.400522350166353,2.171753747332132,1.131796905871684,2.999507603068471,0
695c39e7ce90b13220851fbf,2022,0,3.2280006158332126,4.41642930307592,3.3888467759258862,3,Administration,Manager,0.6456001231666425,0.883285860615184,0.6777693551851772,,,,,,,0
695c39e7ce90b13220851fbf,2023,1,3.283853741026836,4.000714670885452,2.5659918051141024,3,Administration,Manager,0.6567707482053672,0.8001429341770905,0.5131983610228205,3.2280006158332126,0.0558531251936234,4.41642930307592,-0.41571463219046745,3.3888467759258862,-0.8228549708117838,0
695c39e7ce90b13220851fbf,2024,2,4.303498270641487,2.8010275045918984,2.4120568211233473,3,Administration,Manager,0.8606996541282974,0.5602055009183797,0.48241136422466946,3.283853741026836,1.0196445296146512,4.000714670885452,-1.199687166293554,2.5659918051141024,-0.15393498399075511,1
695c39e7ce90b13220851fbf,2025,3,1.7489388531324885,1.4230896755674944,1.451801109184299,3,Administration,Manager,0.3497877706264977,0.28461793511349887,0.29036022183685983,4.303498270641487,-2.5545594175089987,2.8010275045918984,-1.377937829024404,2.4120568211233473,-0.9602557119390482,0
695c39e7ce90b13220851fc0,2022,0,3.706099305830283,4.139416466737394,3.3228531410884052,3,Human Resources,Team Lead,0.7412198611660565,0.8278832933474789,0.6645706282176811,,,,,,,0
695c39e7ce90b13220851fc0,2023,1,3.587762727477694,3.8472903077040272,4.2396032301239845,3,Human Resources,Team Lead,0.7175525454955388,0.7694580615408054,0.8479206460247969,3.706099305830283,-0.1183365783525887,4.139416466737394,-0.292126159033367,3.3228531410884052,0.9167500890355793,0
695c39e7ce90b13220851fc0,2024,2,3.9762300806827873,4.037460097384214,3.6538230690624487,3,Human Resources,Team Lead,0.7952460161365574,0.8074920194768428,0.7307646138124897,3.587762727477694,0.38846735320509307,3.8472903077040272,0.1901697896801866,4.2396032301239845,-0.5857801610615359,1
695c39e7ce90b13220851fc0,2025,3,2.891992093343952,1.5868064335616356,3.332999515038455,3,Human Resources,Team Lead,0.5783984186687904,0.3173612867123271,0.666599903007691,3.9762300806827873,-1.0842379873388355,4.037460097384214,-2.450653663822578,3.6538230690624487,-0.32082355402399365,0
695c39e7ce90b13220851fc1,2022,0,3.309996007992725,3.273582149163463,3.6266736842784852,3,Administration,General Manager,0.661999201598545,0.6547164298326926,0.725334736855697,,,,,,,0
695c39e7ce90b13220851fc1,2023,1,2.954840812820503,4.0995941039836605,3.921618580778317,3,Administration,General Manager,0.5909681625641006,0.8199188207967321,0.7843237161556634,3.309996007992725,-0.35515519517222227,3.273582149163463,0.8260119548201974,3.6266736842784852,0.2949448964998318,0
695c39e7ce90b13220851fc1,2024,2,2.359934487179876,3.996035793745241,3.5999515491897838,3,Administration,General Manager,0.4719868974359752,0.7992071587490482,0.7199903098379568,2.954840812820503,-0.5949063256406268,4.0995941039836605,-0.10355831023841944,3.921618580778317,-0.32166703158853327,1
695c39e7ce90b13220851fc1,2025,3,2.60439119457386,1.831490343767994,2.1691170159300714,3,Administration,General Manager,0.5208782389147719,0.36629806875359877,0.4338234031860143,2.359934487179876,0.24445670739398384,3.996035793745241,-2.164545449977247,3.5999515491897838,-1.4308345332597123,0
695c39e7ce90b13220851fc2,2022,0,3.744885117602065,3.801579440644516,3.396991593030875,3,Human Resources,Senior Manager,0.748977023520413,0.7603158881289032,0.679398318606175,,,,,,,0
695c39e7ce90b13220851fc2,2023,1,3.143517670458335,3.038021212509796,3.66292543439604,3,Human Resources,Senior Manager,0.628703534091667,0.6076042425019592,0.732585086879208,3.744885117602065,-0.6013674471437298,3.801579440644516,-0.7635582281347197,3.396991593030875,0.26593384136516507,0
695c39e7ce90b13220851fc2,2024,2,3.8822463988196314,3.9844472154445203,4.282661942461509,3,Human Resources,Senior Manager,0.7764492797639263,0.7968894430889041,0.8565323884923017,3.143517670458335,0.7387287283612962,3.038021212509796,0.9464260029347242,3.66292543439604,0.6197365080654689,0
695c39e7ce90b13220851fc2,2025,3,3.5178990655947655,4.616025698328747,4.061954902329593,3,Human Resources,Senior Manager,0.7035798131189531,0.9232051396657495,0.8123909804659186,3.8822463988196314,-0.3643473332248659,3.9844472154445203,0.631578482884227,4.282661942461509,-0.22070704013191556,0
695c39e7ce90b13220851fc3,2022,0,2.8893706938167476,3.452142957304249,2.7823916667071797,3,Administration,Team Lead,0.5778741387633495,0.6904285914608498,0.5564783333414359,,,,,,,0
695c39e7ce90b13220851fc3,2023,1,3.444581162014651,2.8294658273348787,3.4285091272206527,3,Administration,Team Lead,0.6889162324029302,0.5658931654669758,0.6857018254441305,2.8893706938167476,0.5552104681979033,3.452142957304249,-0.6226771299693703,2.7823916667071797,0.646117460513473,0
695c39e7ce90b13220851fc3,2024,2,3.1656681731899874,3.6809021140994362,4.7292421073600135,3,Administration,Team Lead,0.6331336346379974,0.7361804228198873,0.9458484214720027,3.444581162014651,-0.27891298882466353,2.8294658273348787,0.8514362867645575,3.4285091272206527,1.3007329801393608,0
695c39e7ce90b13220851fc3,2025,3,3.6321222471514396,4.076409639627903,3.058175436357725,3,Administration,Team Lead,0.7264244494302879,0.8152819279255805,0.611635087271545,3.1656681731899874,0.4664540739614522,3.6809021140994362,0.39550752552846635,4.7292421073600135,-1.6710666710022886,0
695c39e7ce90b13220851fc4,2022,0,2.106284571042205,2.7668684017962417,2.864800537504179,3,Information Technology,Administrator,0.421256914208441,0.5533736803592484,0.5729601075008358,,,,,,,0
695c39e7ce90b13220851fc4,2023,1,3.2654363736477547,1.5504846564946067,2.217565001313113,3,Information Technology,Administrator,0.653087274729551,0.31009693129892135,0.44351300026262264,2.106284571042205,1.1591518026055496,2.7668684017962417,-1.216383745301635,2.864800537504179,-0.647235536191066,0
695c39e7ce90b13220851fc4,2024,2,1.7341341804228119,1.4144749537351111,3.236361428296085,3,Information Technology,Administrator,0.3468268360845624,0.28289499074702223,0.647272285659217,3.2654363736477547,-1.5313021932249429,1.5504846564946067,-0.13600970275949553,2.217565001313113,1.0187964269829717,0
695c39e7ce90b13220851fc4,2025,3,3.0952939650473805,1.9509890314130724,1.7074816552411327,3,Information Technology,Administrator,0.6190587930094761,0.39019780628261447,0.3414963310482265,1.7341341804228119,1.3611597846245687,1.4144749537351111,0.5365140776779613,3.236361428296085,-1.5288797730549522,0
695c39e7ce90b13220851fc5,2022,0,3.520799954046922,2.7985850819844265,3.7843893555837878,3,Information Technology,Senior UI/UX Designer,0.7041599908093844,0.5597170163968853,0.7568778711167575,,,,,,,0
695c39e7ce90b13220851fc5,2023,1,2.8758740651679284,2.834463855224566,2.4690011343872813,3,Information Technology,Senior UI/UX Designer,0.5751748130335856,0.5668927710449132,0.4938002268774563,3.520799954046922,-0.6449258888789937,2.7985850819844265,0.03587877324013933,3.7843893555837878,-1.3153882211965064,1
695c39e7ce90b13220851fc5,2024,2,3.3621258765582724,3.15107311497556,4.400385670837024,3,Information Technology,Senior UI/UX Designer,0.6724251753116545,0.630214622995112,0.8800771341674049,2.8758740651679284,0.486251811390344,2.834463855224566,0.3166092597509942,2.4690011343872813,1.9313845364497428,0
695c39e7ce90b13220851fc6,2022,0,4.5341980126612125,4.132219238024167,4.288608107595032,3,Administration,Assistant Manager,0.9068396025322425,0.8264438476048334,0.8577216215190064,,,,,,,0
695c39e7ce90b13220851fc7,2022,0,3.2165994563526685,3.1241119906456736,2.831760095634897,3,Information Technology,Associate Software Engineer,0.6433198912705337,0.6248223981291348,0.5663520191269794,,,,,,,0
695c39e7ce90b13220851fc7,2023,1,3.192396711888609,2.4085261910245723,2.308206702221332,3,Information Technology,Associate Software Engineer,0.6384793423777217,0.48170523820491445,0.4616413404442664,3.2165994563526685,-0.024202744464059567,3.1241119906456736,-0.7155857996211012,2.831760095634897,-0.523553393413565,0
695c39e7ce90b13220851fc7,2024,2,3.094547879735902,2.923153173558841,2.3897458162739866,3,Information Technology,Associate Software Engineer,0.6189095759471803,0.5846306347117682,0.4779491632547973,3.192396711888609,-0.09784883215270712,2.4085261910245723,0.5146269825342689,2.308206702221332,0.08153911405265468,0
695c39e7ce90b13220851fc7,2025,3,3.063070566978303,3.3068730953524077,2.3763088486940322,3,Information Technology,Associate Software Engineer,0.6126141133956606,0.6613746190704816,0.47526176973880646,3.094547879735902,-0.031477312757598686,2.923153173558841,0.3837199217935665,2.3897458162739866,-0.013436967579954384,0
695c39e7ce90b13220851fc8,2022,0,3.6585308101190166,4.9437923344929215,3.647583512497001,3,Information Technology,Architect,0.7317061620238033,0.9887584668985843,0.7295167024994001,,,,,,,0
695c39e7ce90b13220851fc8,2023,1,4.06982694714309,3.5359412087156072,5.0,3,Information Technology,Architect,0.8139653894286181,0.7071882417431214,1.0,3.6585308101190166,0.4112961370240735,4.9437923344929215,-1.4078511257773143,3.647583512497001,1.3524164875029991,0
695c39e7ce90b13220851fc8,2024,2,1.9217344290772125,3.6558271220758973,1.5107442088210563,3,Information Technology,Architect,0.3843468858154425,0.7311654244151795,0.30214884176421125,4.06982694714309,-2.1480925180658774,3.5359412087156072,0.11988591336029009,5.0,-3.4892557911789437,1
695c39e7ce90b13220851fc8,2025,3,3.696972947353857,2.301855315070267,3.5817524749460055,3,Information Technology,Architect,0.7393945894707714,0.4603710630140534,0.7163504949892011,1.9217344290772125,1.7752385182766444,3.6558271220758973,-1.3539718070056304,1.5107442088210563,2.071008266124949,0
695c39e7ce90b13220851fc9,2022,0,1.8747580461729998,1.9100048023830045,2.159754432819946,3,Human Resources,Senior Executive,0.37495160923459997,0.3820009604766009,0.4319508865639892,,,,,,,1
695c39e7ce90b13220851fc9,2023,1,2.6857341324393986,3.9364878918658834,2.5988774997393205,3,Human Resources,Senior Executive,0.5371468264878797,0.7872975783731767,0.5197754999478641,1.8747580461729998,0.8109760862663988,1.9100048023830045,2.0264830894828787,2.159754432819946,0.4391230669193744,0
695c39e7ce90b13220851fca,2022,0,3.6905205118933186,3.488571016095883,2.799507304254212,3,Administration,Team Lead,0.7381041023786638,0.6977142032191767,0.5599014608508424,,,,,,,0
695c39e7ce90b13220851fca,2023,1,2.4747215391071475,2.0454505676678347,2.79667198694324,3,Administration,Team Lead,0.4949443078214295,0.40909011353356695,0.559334397388648,3.6905205118933186,-1.215798972786171,3.488571016095883,-1.4431204484280484,2.799507304254212,-0.0028353173109718632,1
695c39e7ce90b13220851fca,2024,2,2.7037668289053087,3.494402596265414,2.82554527178354,3,Administration,Team Lead,0.5407533657810617,0.6988805192530828,0.565109054356708,2.4747215391071475,0.2290452897981612,2.0454505676678347,1.4489520285975792,2.79667198694324,0.028873284840300162,0
695c39e7ce90b13220851fcb,2022,0,5.0,4.347286517402652,4.315733511643005,3,Administration,Senior Manager,1.0,0.8694573034805304,0.863146702328601,,,,,,,0
695c39e7ce90b13220851fcb,2023,1,3.066111619340354,3.5015553389548364,3.2323131412495174,3,Administration,Senior Manager,0.6132223238680707,0.7003110677909673,0.6464626282499035,5.0,-1.933888380659646,4.347286517402652,-0.8457311784478154,4.315733511643005,-1.0834203703934877,1
695c39e7ce90b13220851fcb,2024,2,3.79008862407332,3.7050642363048922,3.6191877388069225,3,Administration,Senior Manager,0.758017724814664,0.7410128472609785,0.7238375477613845,3.066111619340354,0.7239770047329661,3.5015553389548364,0.20350889735005584,3.2323131412495174,0.38687459755740505,0
695c39e7ce90b13220851fcc,2022,0,3.214666341483678,3.50878908101419,2.7892432553923774,3,Human Resources,Executive,0.6429332682967356,0.7017578162028381,0.5578486510784755,,,,,,,0
695c39e7ce90b13220851fcd,2022,0,3.810579440444337,2.788028376214344,2.7493825178992064,3,Administration,Assistant Manager,0.7621158880888674,0.5576056752428687,0.5498765035798413,,,,,,,0
695c39e7ce90b13220851fcd,2023,1,3.9597823200686975,4.132150542025171,3.997346859236297,3,Administration,Assistant Manager,0.7919564640137395,0.8264301084050342,0.7994693718472594,3.810579440444337,0.1492028796243603,2.788028376214344,1.3441221658108269,2.7493825178992064,1.2479643413370907,0
695c39e7ce90b13220851fcd,2024,2,1.5870116915158672,2.6243865262413397,3.113560315564749,3,Administration,Assistant Manager,0.31740233830317344,0.5248773052482679,0.6227120631129498,3.9597823200686975,-2.3727706285528303,4.132150542025171,-1.507764015783831,3.997346859236297,-0.883786543671548,1
695c39e7ce90b13220851fcd,2025,3,2.1722118382405564,1.876428011322926,2.486773254882881,3,Administration,Assistant Manager,0.4344423676481113,0.3752856022645852,0.49735465097657616,1.5870116915158672,0.5852001467246892,2.6243865262413397,-0.7479585149184138,3.113560315564749,-0.6267870606818682,0
695c39e7ce90b13220851fce,2022,0,3.7502963727561425,3.49525143016104,3.392701633652105,3,Administration,Team Lead,0.7500592745512284,0.699050286032208,0.6785403267304211,,,,,,,0
695c39e7ce90b13220851fcf,2022,0,3.4139943080194817,2.9460806869193603,3.5909757766149286,3,Administration,Assistant Manager,0.6827988616038964,0.589216137383872,0.7181951553229857,,,,,,,0
695c39e7ce90b13220851fcf,2023,1,2.718007120918663,2.994156309426859,2.5104544531799293,3,Administration,Assistant Manager,0.5436014241837326,0.5988312618853718,0.5020908906359859,3.4139943080194817,-0.6959871871008185,2.9460806869193603,0.04807562250749875,3.5909757766149286,-1.0805213234349993,0
695c39e7ce90b13220851fcf,2024,2,2.5469984161719474,2.1354973371604054,2.47134566018848,3,Administration,Assistant Manager,0.5093996832343894,0.42709946743208105,0.49426913203769596,2.718007120918663,-0.1710087047467157,2.994156309426859,-0.8586589722664537,2.5104544531799293,-0.03910879299144954,0
695c39e7ce90b13220851fcf,2025,3,2.968803128154623,3.4835452436370646,1.7610319366735954,3,Administration,Assistant Manager,0.5937606256309247,0.6967090487274129,0.3522063873347191,2.5469984161719474,0.4218047119826758,2.1354973371604054,1.3480479064766593,2.47134566018848,-0.7103137235148844,0
695c39e7ce90b13220851fd0,2022,0,3.6366367121515637,2.516789550252885,2.9477674606446547,3,Human Resources,Team Lead,0.7273273424303127,0.5033579100505771,0.5895534921289309,,,,,,,0
695c39e7ce90b13220851fd0,2023,1,4.497638846710858,2.9352244952320237,2.666611488631879,3,Human Resources,Team Lead,0.8995277693421716,0.5870448990464048,0.5333222977263758,3.6366367121515637,0.8610021345592944,2.516789550252885,0.41843494497913847,2.9477674606446547,-0.28115597201277565,0
695c39e7ce90b13220851fd0,2024,2,3.6029237648319117,4.471708656935683,3.4157629808834513,3,Human Resources,Team Lead,0.7205847529663824,0.8943417313871367,0.6831525961766902,4.497638846710858,-0.8947150818789464,2.9352244952320237,1.5364841617036595,2.666611488631879,0.7491514922515723,1
695c39e7ce90b13220851fd0,2025,3,1.3920195983326715,1.386328495884352,1.5535679963872817,3,Human Resources,Team Lead,0.2784039196665343,0.2772656991768704,0.31071359927745634,3.6029237648319117,-2.2109041664992404,4.471708656935683,-3.085380161051331,3.4157629808834513,-1.8621949844961696,0
695c39e7ce90b13220851fd1,2022,0,4.155893009470578,4.283021165105443,1.7632572941517441,3,Administration,Assistant Manager,0.8311786018941156,0.8566042330210886,0.3526514588303488,,,,,,,0
695c39e7ce90b13220851fd1,2023,1,4.073126163444193,3.508760378020484,2.891400270259324,3,Administration,Assistant Manager,0.8146252326888386,0.7017520756040968,0.5782800540518648,4.155893009470578,-0.08276684602638529,4.283021165105443,-0.7742607870849589,1.7632572941517441,1.1281429761075796,0
695c39e7ce90b13220851fd1,2024,2,3.5736947300807587,4.121265287901984,2.408057420547043,3,Administration,Assistant Manager,0.7147389460161517,0.8242530575803968,0.48161148410940857,4.073126163444193,-0.499431433363434,3.508760378020484,0.6125049098815003,2.891400270259324,-0.4833428497122809,0
695c39e7ce90b13220851fd1,2025,3,4.50759254099852,2.8975852897518477,2.592329526438304,3,Administration,Assistant Manager,0.9015185081997039,0.5795170579503696,0.5184659052876608,3.5736947300807587,0.9338978109177609,4.121265287901984,-1.2236799981501365,2.408057420547043,0.18427210589126108,0
695c39e7ce90b13220851fd2,2022,0,3.563052096901427,2.984912929240353,2.116060064059273,3,Administration,Associate,0.7126104193802855,0.5969825858480706,0.4232120128118546,,,,,,,0
695c39e7ce90b13220851fd2,2023,1,3.5531985377860007,3.3727220081418015,2.243421495343689,3,Administration,Associate,0.7106397075572002,0.6745444016283603,0.44868429906873775,3.563052096901427,-0.009853559115426513,2.984912929240353,0.38780907890144833,2.116060064059273,0.1273614312844158,1
695c39e7ce90b13220851fd2,2024,2,3.2052639329135633,2.9255838458381893,4.004115014785592,3,Administration,Associate,0.6410527865827127,0.5851167691676379,0.8008230029571184,3.5531985377860007,-0.34793460487243744,3.3727220081418015,-0.44713816230361214,2.243421495343689,1.760693519441903,0
695c39e7ce90b13220851fd3,2022,0,3.179440235774293,3.6426259286106557,2.524423120886526,3,Administration,Manager,0.6358880471548586,0.7285251857221311,0.5048846241773053,,,,,,,0
695c39e7ce90b13220851fd3,2023,1,2.624029693172491,1.6494318341750762,2.9069185277277825,3,Administration,Manager,0.5248059386344982,0.32988636683501527,0.5813837055455565,3.179440235774293,-0.5554105426018019,3.6426259286106557,-1.9931940944355795,2.524423120886526,0.38249540684125627,0
695c39e7ce90b13220851fd3,2024,2,3.466257012611636,2.1734999490249405,3.4928345267793626,3,Administration,Manager,0.6932514025223272,0.4346999898049881,0.6985669053558725,2.624029693172491,0.8422273194391448,1.6494318341750762,0.5240681148498643,2.9069185277277825,0.5859159990515801,0
695c39e7ce90b13220851fd3,2025,3,2.808702209949983,2.953856045362874,2.652275023673294,3,Administration,Manager,0.5617404419899966,0.5907712090725747,0.5304550047346588,3.466257012611636,-0.6575548026616529,2.1734999490249405,0.7803560963379335,3.4928345267793626,-0.8405595031060686,0
695c39e7ce90b13220851fd4,2022,0,3.30214689776832,3.656612368692806,4.078635915768001,3,Human Resources,Associate,0.660429379553664,0.7313224737385612,0.8157271831536003,,,,,,,0
695c39e7ce90b13220851fd4,2023,1,2.844021456406895,2.5936193385011475,1.6859464567805973,3,Human Resources,Associate,0.568804291281379,0.5187238677002295,0.33718929135611947,3.30214689776832,-0.4581254413614251,3.656612368692806,-1.0629930301916586,4.078635915768001,-2.392689458987404,1
695c39e7ce90b13220851fd4,2024,2,2.57052583879058,2.126712442822906,2.9859434177620394,3,Human Resources,Associate,0.514105167758116,0.4253424885645812,0.5971886835524078,2.844021456406895,-0.273495617616315,2.5936193385011475,-0.4669068956782416,1.6859464567805973,1.2999969609814421,0
695c39e7ce90b13220851fd5,2022,0,3.836521081701147,4.190260899996393,4.473692406807032,3,Information Technology,Senior QA Engineer,0.7673042163402294,0.8380521799992786,0.8947384813614064,,,,,,,0
695c39e7ce90b13220851fd5,2023,1,2.8038949156904325,2.2724599809042445,2.3469868719404676,3,Information Technology,Senior QA Engineer,0.5607789831380865,0.4544919961808489,0.46939737438809354,3.836521081701147,-1.0326261660107146,4.190260899996393,-1.9178009190921488,4.473692406807032,-2.1267055348665647,1
695c39e7ce90b13220851fd5,2024,2,3.416429517864663,4.283568886039419,4.494111247084786,3,Information Technology,Senior QA Engineer,0.6832859035729326,0.8567137772078839,0.8988222494169571,2.8038949156904325,0.6125346021742306,2.2724599809042445,2.011108905135175,2.3469868719404676,2.147124375144318,0
695c39e7ce90b13220851fd6,2022,0,3.039809739272438,1.9105954039275128,2.1756872250682835,3,Information Technology,Project Manager,0.6079619478544875,0.38211908078550255,0.4351374450136567,,,,,,,1
695c39e7ce90b13220851fd6,2023,1,3.234525327448348,3.1410285974596297,1.8163112223277387,3,Information Technology,Project Manager,0.6469050654896696,0.6282057194919259,0.3632622444655477,3.039809739272438,0.19471558817591017,1.9105954039275128,1.2304331935321169,2.1756872250682835,-0.3593760027405448,0
695c39e7ce90b13220851fd7,2022,0,2.6147691933465556,2.9710560485899498,4.394138592460049,3,Administration,Manager,0.5229538386693111,0.5942112097179899,0.8788277184920098,,,,,,,0
695c39e7ce90b13220851fd7,2023,1,3.7972252896897363,3.9718626081110537,2.564638837940297,3,Administration,Manager,0.7594450579379473,0.7943725216222107,0.5129277675880595,2.6147691933465556,1.1824560963431807,2.9710560485899498,1.000806559521104,4.394138592460049,-1.8294997545197518,0
695c39e7ce90b13220851fd7,2024,2,3.1092875792435315,1.3263759090515628,3.0595430738696394,3,Administration,Manager,0.6218575158487063,0.26527518181031257,0.6119086147739279,3.7972252896897363,-0.6879377104462048,3.9718626081110537,-2.645486699059491,2.564638837940297,0.4949042359293423,0
695c39e7ce90b13220851fd7,2025,3,3.9734976764229684,3.838386040858981,3.616668682632037,3,Administration,Manager,0.7946995352845937,0.7676772081717962,0.7233337365264074,3.1092875792435315,0.8642100971794369,1.3263759090515628,2.5120101318074184,3.0595430738696394,0.5571256087623975,0
695c39e7ce90b13220851fd8,2022,0,4.652759803166398,4.2809253175376645,3.639383886001218,3,Administration,Executive,0.9305519606332796,0.8561850635075329,0.7278767772002437,,,,,,,0
695c39e7ce90b13220851fd9,2022,0,2.663451918586078,3.2289342407827575,3.3097823804779836,3,Information Technology,Associate QA Engineer,0.5326903837172157,0.6457868481565515,0.6619564760955967,,,,,,,0
695c39e7ce90b13220851fda,2022,0,3.0988939545288003,4.014725977787245,4.180428885009954,3,Human Resources,Team Lead,0.61977879090576,0.802945195557449,0.8360857770019908,,,,,,,0
695c39e7ce90b13220851fda,2023,1,2.4133512389414253,3.2223972222948167,2.868786356157549,3,Human Resources,Team Lead,0.48267024778828505,0.6444794444589633,0.5737572712315098,3.0988939545288003,-0.685542715587375,4.014725977787245,-0.7923287554924285,4.180428885009954,-1.3116425288524054,0
695c39e7ce90b13220851fda,2024,2,3.128565589897317,2.9003637058273126,2.72212521953568,3,Human Resources,Team Lead,0.6257131179794634,0.5800727411654625,0.544425043907136,2.4133512389414253,0.7152143509558915,3.2223972222948167,-0.3220335164675041,2.868786356157549,-0.14666113662186886,0
695c39e7ce90b13220851fda,2025,3,3.0401359693595023,2.942922101112039,4.406839269493005,3,Human Resources,Team Lead,0.6080271938719004,0.5885844202224078,0.8813678538986011,3.128565589897317,-0.08842962053781456,2.9003637058273126,0.04255839528472638,2.72212521953568,1.6847140499573254,0
695c39e7ce90b13220851fdb,2022,0,3.0038895665720666,5.0,3.9566805377145062,3,Human Resources,Associate,0.6007779133144133,1.0,0.7913361075429013,,,,,,,0
695c39e7ce90b13220851fdb,2023,1,3.2038122644048292,3.0137243566950724,2.76927036396334,3,Human Resources,Associate,0.6407624528809659,0.6027448713390144,0.553854072792668,3.0038895665720666,0.19992269783276262,5.0,-1.9862756433049276,3.9566805377145062,-1.1874101737511662,0
695c39e7ce90b13220851fdb,2024,2,2.9877778523874166,2.8825744851412267,2.977247756021285,3,Human Resources,Associate,0.5975555704774833,0.5765148970282453,0.595449551204257,3.2038122644048292,-0.2160344120174127,3.0137243566950724,-0.13114987155384572,2.76927036396334,0.20797739205794485,0
695c39e7ce90b13220851fdb,2025,3,4.69847461500111,5.0,2.9892876775895134,3,Human Resources,Associate,0.939694923000222,1.0,0.5978575355179027,2.9877778523874166,1.710696762613693,2.8825744851412267,2.1174255148587733,2.977247756021285,0.012039921568228529,0
695c39e7ce90b13220851fdc,2022,0,2.4975345333475696,3.5719695171055044,3.0681755110624014,3,Human Resources,Assistant General Manager,0.4995069066695139,0.7143939034211009,0.6136351022124803,,,,,,,0
695c39e7ce90b13220851fdc,2023,1,2.8612168527433344,2.4451112682234335,2.4391494159270555,3,Human Resources,Assistant General Manager,0.5722433705486669,0.4890222536446867,0.4878298831854111,2.4975345333475696,0.3636823193957648,3.5719695171055044,-1.1268582488820709,3.0681755110624014,-0.6290260951353459,0
695c39e7ce90b13220851fdc,2024,2,3.3105598590968817,3.0450750467755685,2.1653825564374958,3,Human Resources,Assistant General Manager,0.6621119718193763,0.6090150093551137,0.43307651128749913,2.8612168527433344,0.4493430063535473,2.4451112682234335,0.599963778552135,2.4391494159270555,-0.2737668594895597,0
695c39e7ce90b13220851fdc,2025,3,2.0807148254827004,1.500947189259398,2.131551868855576,3,Human Resources,Assistant General Manager,0.4161429650965401,0.30018943785187957,0.4263103737711152,3.3105598590968817,-1.2298450336141813,3.0450750467755685,-1.5441278575161705,2.1653825564374958,-0.03383068758191987,0
695c39e7ce90b13220851fdd,2022,0,2.39755097024539,2.7958842327629734,2.894567076037622,3,Human Resources,Executive,0.479510194049078,0.5591768465525947,0.5789134152075244,,,,,,,0
695c39e7ce90b13220851fdd,2023,1,4.500294867297187,3.666286226519573,3.5642865760352764,3,Human Resources,Executive,0.9000589734594374,0.7332572453039146,0.7128573152070553,2.39755097024539,2.102743897051797,2.7958842327629734,0.8704019937565994,2.894567076037622,0.6697194999976546,0
695c39e7ce90b13220851fdd,2024,2,2.403185341335965,3.2616990346642525,3.3554136471652676,3,Human Resources,Executive,0.480637068267193,0.6523398069328505,0.6710827294330535,4.500294867297187,-2.0971095259612222,3.666286226519573,-0.4045871918553203,3.5642865760352764,-0.20887292887000886,0
695c39e7ce90b13220851fdd,2025,3,3.9855564433438344,3.410081142769058,3.2562372656840037,3,Human Resources,Executive,0.7971112886687669,0.6820162285538116,0.6512474531368008,2.403185341335965,1.5823711020078695,3.2616990346642525,0.14838210810480534,3.3554136471652676,-0.09917638148126384,0
695c39e7ce90b13220851fde,2022,0,2.45561507229691,4.640507858772956,5.0,3,Administration,Team Lead,0.491123014459382,0.9281015717545913,1.0,,,,,,,0
695c39e7ce90b13220851fde,2023,1,4.0111539411582635,2.2208784495418823,4.58590342656877,3,Administration,Team Lead,0.8022307882316527,0.44417568990837647,0.917180685313754,2.45561507229691,1.5555388688613534,4.640507858772956,-2.419629409231074,5.0,-0.4140965734312303,0
695c39e7ce90b13220851fde,2024,2,4.158095794657691,3.242719771307301,3.9297977020177606,3,Administration,Team Lead,0.8316191589315383,0.6485439542614602,0.7859595404035521,4.0111539411582635,0.14694185349942757,2.2208784495418823,1.0218413217654185,4.58590342656877,-0.6561057245510091,0
695c39e7ce90b13220851fde,2025,3,3.210645559750059,3.366006007465555,2.7578540949688914,3,Administration,Team Lead,0.6421291119500119,0.673201201493111,0.5515708189937782,4.158095794657691,-0.9474502349076319,3.242719771307301,0.12328623615825407,3.9297977020177606,-1.1719436070488691,0
695c39e7ce90b13220851fdf,2022,0,1.9074566553051002,2.1814684819112937,2.4758661968744886,3,Information Technology,UI/UX Designer,0.38149133106102007,0.43629369638225873,0.4951732393748977,,,,,,,1
695c39e7ce90b13220851fdf,2023,1,2.7583673371168866,3.4176366994358407,3.1488186294629683,3,Information Technology,UI/UX Designer,0.5516734674233773,0.6835273398871682,0.6297637258925937,1.9074566553051002,0.8509106818117864,2.1814684819112937,1.236168217524547,2.4758661968744886,0.6729524325884797,0
695c39e7ce90b13220851fe0,2022,0,2.807520345017501,3.3799053033885107,3.4237505864727895,3,Information Technology,QA Engineer,0.5615040690035003,0.6759810606777021,0.6847501172945579,,,,,,,0
695c39e7ce90b13220851fe1,2022,0,3.7411498859515886,2.723201728148313,2.3372820848260183,3,Human Resources,Senior Executive,0.7482299771903177,0.5446403456296627,0.4674564169652037,,,,,,,0
695c39e7ce90b13220851fe1,2023,1,2.728456629439668,3.1711576801704693,4.226484367308527,3,Human Resources,Senior Executive,0.5456913258879336,0.6342315360340939,0.8452968734617053,3.7411498859515886,-1.0126932565119207,2.723201728148313,0.4479559520221561,2.3372820848260183,1.8892022824825085,0
695c39e7ce90b13220851fe1,2024,2,3.3790226216820782,3.548707587630806,3.49226870860078,3,Human Resources,Senior Executive,0.6758045243364157,0.7097415175261612,0.698453741720156,2.728456629439668,0.6505659922424103,3.1711576801704693,0.3775499074603368,4.226484367308527,-0.7342156587077469,0
695c39e7ce90b13220851fe1,2025,3,4.4810111111203454,2.605108670463568,3.5503692629880685,3,Human Resources,Senior Executive,0.8962022222240691,0.5210217340927137,0.7100738525976137,3.3790226216820782,1.1019884894382672,3.548707587630806,-0.9435989171672379,3.49226870860078,0.05810055438728856,0
695c39e7ce90b13220851fe2,2022,0,3.4024556842736415,3.1369159926102554,3.255761869647178,3,Human Resources,Team Lead,0.6804911368547283,0.627383198522051,0.6511523739294356,,,,,,,0
695c39e7ce90b13220851fe2,2023,1,2.6154647495444365,1.3195301706164675,3.8977557655107793,3,Human Resources,Team Lead,0.5230929499088873,0.2639060341232935,0.7795511531021558,3.4024556842736415,-0.786990934729205,3.1369159926102554,-1.817385821993788,3.255761869647178,0.6419938958636013,0
695c39e7ce90b13220851fe2,2024,2,3.149554126298109,3.025641206071533,2.54671843211829,3,Human Resources,Team Lead,0.6299108252596218,0.6051282412143066,0.509343686423658,2.6154647495444365,0.5340893767536725,1.3195301706164675,1.7061110354550655,3.8977557655107793,-1.3510373333924894,0
695c39e7ce90b13220851fe2,2025,3,3.092891642215023,3.770287018852356,3.124114765493088,3,Human Resources,Team Lead,0.6185783284430046,0.7540574037704711,0.6248229530986176,3.149554126298109,-0.05666248408308583,3.025641206071533,0.7446458127808229,2.54671843211829,0.5773963333747982,0
695c39e7ce90b13220851fe3,2022,0,2.516507693100092,3.2182685146349854,3.249855332248076,3,Administration,Assistant Manager,0.5033015386200184,0.6436537029269971,0.6499710664496152,,,,,,,0
695c39e7ce90b13220851fe3,2023,1,2.329195984032168,3.4253411132171614,2.8515224719846137,3,Administration,Assistant Manager,0.4658391968064336,0.6850682226434323,0.5703044943969228,2.516507693100092,-0.18731170906792372,3.2182685146349854,0.20707259858217597,3.249855332248076,-0.39833286026346215,0
695c39e7ce90b13220851fe3,2024,2,3.47627755428129,2.94641081195986,2.988148035249596,3,Administration,Assistant Manager,0.6952555108562579,0.589282162391972,0.5976296070499192,2.329195984032168,1.1470815702491217,3.4253411132171614,-0.4789303012573014,2.8515224719846137,0.1366255632649822,1
695c39e7ce90b13220851fe3,2025,3,2.8942743784942904,1.9874389103846117,1.810464562093258,3,Administration,Assistant Manager,0.5788548756988581,0.39748778207692237,0.3620929124186516,3.47627755428129,-0.5820031757869994,2.94641081195986,-0.9589719015752483,2.988148035249596,-1.177683473156338,0
695c39e7ce90b13220851fe4,2022,0,1.6971598449126843,1.0046164442559142,1.2300927098714556,3,Information Technology,QA Lead,0.33943196898253686,0.20092328885118285,0.24601854197429113,,,,,,,1
695c39e7ce90b13220851fe4,2023,1,4.435283047848429,5.0,2.6227732027868003,3,Information Technology,QA Lead,0.8870566095696859,1.0,0.52455464055736,1.6971598449126843,2.738123202935745,1.0046164442559142,3.9953835557440858,1.2300927098714556,1.3926804929153447,0
695c39e7ce90b13220851fe5,2022,0,3.329367156643332,3.1219696056526454,3.1198015260768326,3,Information Technology,UI/UX Designer,0.6658734313286664,0.624393921130529,0.6239603052153665,,,,,,,0
695c39e7ce90b13220851fe5,2023,1,1.0,1.0,1.9795848283875643,3,Information Technology,UI/UX Designer,0.2,0.2,0.3959169656775129,3.329367156643332,-2.329367156643332,3.1219696056526454,-2.1219696056526454,3.1198015260768326,-1.1402166976892683,1
695c39e7ce90b13220851fe5,2024,2,3.2268785141111263,3.6530379937564716,3.131860979304565,3,Information Technology,UI/UX Designer,0.6453757028222252,0.7306075987512943,0.626372195860913,1.0,2.2268785141111263,1.0,2.6530379937564716,1.9795848283875643,1.1522761509170008,0
695c39e7ce90b13220851fe6,2022,0,2.973301287287417,3.2083359229363166,3.216326726978699,3,Human Resources,Senior Manager,0.5946602574574834,0.6416671845872634,0.6432653453957398,,,,,,,0
695c39e7ce90b13220851fe6,2023,1,3.274884707553639,3.083927142225866,3.082251524210856,3,Human Resources,Senior Manager,0.6549769415107278,0.6167854284451731,0.6164503048421712,2.973301287287417,0.30158342026622176,3.2083359229363166,-0.1244087807104508,3.216326726978699,-0.13407520276784313,0
695c39e7ce90b13220851fe6,2024,2,1.5409094525846263,1.6657919731074224,1.0,3,Human Resources,Senior Manager,0.30818189051692524,0.3331583946214845,0.2,3.274884707553639,-1.7339752549690126,3.083927142225866,-1.4181351691184434,3.082251524210856,-2.082251524210856,1
695c39e7ce90b13220851fe6,2025,3,3.4631063198713163,1.8018415457282602,2.7664548446348496,3,Human Resources,Senior Manager,0.6926212639742633,0.36036830914565204,0.5532909689269699,1.5409094525846263,1.92219686728669,1.6657919731074224,0.13604957262083772,1.0,1.7664548446348496,0
695c39e7ce90b13220851fe7,2022,0,2.9468507992261914,3.06410382689455,4.009432000199835,3,Administration,Assistant General Manager,0.5893701598452383,0.61282076537891,0.801886400039967,,,,,,,0
695c39e7ce90b13220851fe7,2023,1,3.0609008006079774,4.211586842833255,3.056101059100633,3,Administration,Assistant General Manager,0.6121801601215955,0.8423173685666511,0.6112202118201265,2.9468507992261914,0.114050001381786,3.06410382689455,1.1474830159387053,4.009432000199835,-0.9533309410992024,0
695c39e7ce90b13220851fe7,2024,2,3.236005475329317,2.803833990785942,4.238676388130585,3,Administration,Assistant General Manager,0.6472010950658633,0.5607667981571884,0.8477352776261171,3.0609008006079774,0.1751046747213394,4.211586842833255,-1.407752852047313,3.056101059100633,1.1825753290299525,0
695c39e7ce90b13220851fe7,2025,3,3.5271017231954223,1.8153448485588854,1.899829783149996,3,Administration,Assistant General Manager,0.7054203446390844,0.3630689697117771,0.3799659566299992,3.236005475329317,0.29109624786610544,2.803833990785942,-0.9884891422270567,4.238676388130585,-2.3388466049805894,0
695c39e7ce90b13220851fe8,2022,0,4.64547545979767,3.054970307076479,2.3880806197613937,3,Human Resources,Senior Manager,0.9290950919595341,0.6109940614152958,0.47761612395227876,,,,,,,0
695c39e7ce90b13220851fe8,2023,1,2.360350158520565,2.9490938748588746,3.370852604863134,3,Human Resources,Senior Manager,0.472070031704113,0.5898187749717749,0.6741705209726268,4.64547545979767,-2.2851253012771053,3.054970307076479,-0.10587643221760423,2.3880806197613937,0.9827719851017402,0
695c39e7ce90b13220851fe8,2024,2,3.379549609474599,3.4160822462277984,3.9969567519294067,3,Human Resources,Senior Manager,0.6759099218949198,0.6832164492455597,0.7993913503858814,2.360350158520565,1.019199450954034,2.9490938748588746,0.4669883713689238,3.370852604863134,0.6261041470662727,1
695c39e7ce90b13220851fe8,2025,3,2.6725966945637074,2.16234569215948,1.8651839518945343,3,Human Resources,Senior Manager,0.5345193389127415,0.43246913843189605,0.37303679037890686,3.379549609474599,-0.7069529149108917,3.4160822462277984,-1.2537365540683183,3.9969567519294067,-2.1317728000348724,0
695c39e7ce90b13220851fe9,2022,0,1.0,1.1266157165540664,1.0,3,Human Resources,Senior Manager,0.2,0.2253231433108133,0.2,,,,,,,1
695c39e7ce90b13220851fe9,2023,1,3.7037893999156584,3.6942316665710595,3.6853204766850594,3,Human Resources,Senior Manager,0.7407578799831317,0.7388463333142119,0.7370640953370119,1.0,2.7037893999156584,1.1266157165540664,2.567615950016993,1.0,2.6853204766850594,0
695c39e7ce90b13220851fea,2022,0,2.876645475426601,3.1950759890511518,2.8608576869029183,3,Information Technology,QA Lead,0.5753290950853203,0.6390151978102303,0.5721715373805837,,,,,,,1
695c39e7ce90b13220851fea,2023,1,3.8881913426878105,2.7395188876926624,2.418956806690441,3,Information Technology,QA Lead,0.7776382685375621,0.5479037775385325,0.48379136133808825,2.876645475426601,1.0115458672612094,3.1950759890511518,-0.45555710135848937,2.8608576869029183,-0.4419008802124771,0
695c39e7ce90b13220851feb,2022,0,2.535646424920069,2.7064143189340637,3.081989603228139,3,Administration,Senior Manager,0.5071292849840139,0.5412828637868128,0.6163979206456278,,,,,,,0
695c39e7ce90b13220851feb,2023,1,1.8117386128376514,1.197653017276991,1.687809937065984,3,Administration,Senior Manager,0.3623477225675303,0.2395306034553982,0.3375619874131968,2.535646424920069,-0.7239078120824178,2.7064143189340637,-1.5087613016570727,3.081989603228139,-1.394179666162155,1
695c39e7ce90b13220851feb,2024,2,3.136351551539214,3.5898159255673594,3.575997601713077,3,Administration,Senior Manager,0.6272703103078429,0.7179631851134719,0.7151995203426154,1.8117386128376514,1.3246129387015628,1.197653017276991,2.392162908290368,1.687809937065984,1.8881876646470928,0
695c39e7ce90b13220851fec,2022,0,2.6094909142430756,2.586214125430136,2.730676282595544,3,Administration,Team Lead,0.5218981828486151,0.5172428250860273,0.5461352565191089,,,,,,,0
695c39e7ce90b13220851fec,2023,1,2.486988509214652,2.0705783960627637,1.5356155877973752,3,Administration,Team Lead,0.4973977018429304,0.41411567921255277,0.307123117559475,2.6094909142430756,-0.12250240502842358,2.586214125430136,-0.5156357293673723,2.730676282595544,-1.195060694798169,1
695c39e7ce90b13220851fec,2024,2,3.041957501138831,2.6149131362426203,2.7671512771450364,3,Administration,Team Lead,0.6083915002277662,0.5229826272485241,0.5534302554290073,2.486988509214652,0.5549689919241789,2.0705783960627637,0.5443347401798566,1.5356155877973752,1.2315356893476612,0
695c39e7ce90b13220851fed,2022,0,2.369288297454026,2.555677516243143,2.9224251952960407,3,Administration,Senior Manager,0.47385765949080516,0.5111355032486287,0.5844850390592081,,,,,,,0
695c39e7ce90b13220851fed,2023,1,2.3681958380486927,2.8045901978517835,2.2209884056090656,3,Administration,Senior Manager,0.47363916760973857,0.5609180395703567,0.4441976811218131,2.369288297454026,-0.0010924594053332015,2.555677516243143,0.24891268160864044,2.9224251952960407,-0.7014367896869751,1
695c39e7ce90b13220851fed,2024,2,3.653883156473899,2.890333175349536,2.890619091376295,3,Administration,Senior Manager,0.7307766312947799,0.5780666350699072,0.578123818275259,2.3681958380486927,1.2856873184252064,2.8045901978517835,0.08574297749775228,2.2209884056090656,0.6696306857672294,0
695c39e7ce90b13220851fee,2022,0,1.6107273667930597,2.6747161147454515,2.675591106946194,3,Administration,Assistant Manager,0.32214547335861193,0.5349432229490902,0.5351182213892388,,,,,,,1
695c39e7ce90b13220851fee,2023,1,4.026310215775398,2.6686710067346344,2.810202605349574,3,Administration,Assistant Manager,0.8052620431550797,0.5337342013469268,0.5620405210699148,1.6107273667930597,2.4155828489823383,2.6747161147454515,-0.006045108010817035,2.675591106946194,0.13461149840337994,0
695c39e7ce90b13220851fef,2022,0,1.3839151022713254,1.6660425529322929,1.7484015813868048,3,Administration,Manager,0.27678302045426506,0.33320851058645856,0.34968031627736096,,,,,,,1
695c39e7ce90b13220851fef,2023,1,2.894884868169281,1.916645451001528,2.8802463429273777,3,Administration,Manager,0.5789769736338563,0.3833290902003056,0.5760492685854756,1.3839151022713254,1.5109697658979557,1.6660425529322929,0.2506028980692352,1.7484015813868048,1.131844761540573,0
695c39e7ce90b13220851ff0,2022,0,3.7393670877498164,4.302412000295444,3.6288870320789006,3,Administration,General Manager,0.7478734175499633,0.8604824000590888,0.7257774064157801,,,,,,,0
695c39e7ce90b13220851ff0,2023,1,3.9569352563382907,4.31992159919051,4.550149643979569,3,Administration,General Manager,0.7913870512676582,0.8639843198381021,0.9100299287959137,3.7393670877498164,0.21756816858847428,4.302412000295444,0.017509598895066425,3.6288870320789006,0.9212626119006679,0
695c39e7ce90b13220851ff0,2024,2,2.636197978281595,2.0634158481569904,2.7131180695662263,3,Administration,General Manager,0.527239595656319,0.41268316963139806,0.5426236139132452,3.9569352563382907,-1.3207372780566957,4.31992159919051,-2.25650575103352,4.550149643979569,-1.8370315744133423,1
695c39e7ce90b13220851ff0,2025,3,3.5276948228856333,3.7293204759840064,5.0,3,Administration,General Manager,0.7055389645771266,0.7458640951968013,1.0,2.636197978281595,0.8914968446040383,2.0634158481569904,1.665904627827016,2.7131180695662263,2.2868819304337737,0
695c39e7ce90b13220851ff1,2022,0,4.150023843705572,4.891949339769701,3.7884751648881014,3,Information Technology,QA Lead,0.8300047687411144,0.9783898679539401,0.7576950329776203,,,,,,,0
695c39e7ce90b13220851ff1,2023,1,3.042224045320469,2.010199298384661,2.9388296138771985,3,Information Technology,QA Lead,0.6084448090640938,0.40203985967693223,0.5877659227754397,4.150023843705572,-1.107799798385103,4.891949339769701,-2.8817500413850397,3.7884751648881014,-0.8496455510109029,1
695c39e7ce90b13220851ff1,2024,2,3.3360907774758144,3.781080370104304,4.369655446723057,3,Information Technology,QA Lead,0.6672181554951628,0.7562160740208608,0.8739310893446113,3.042224045320469,0.2938667321553452,2.010199298384661,1.7708810717196428,2.9388296138771985,1.430825832845858,0
695c39e7ce90b13220851ff2,2022,0,4.1358237059055325,4.3586326193023535,3.107279727901485,3,Human Resources,Team Lead,0.8271647411811065,0.8717265238604707,0.621455945580297,,,,,,,0
695c39e7ce90b13220851ff2,2023,1,1.8314602560843665,1.1354749366441617,2.2621129303437764,3,Human Resources,Team Lead,0.3662920512168733,0.22709498732883232,0.4524225860687553,4.1358237059055325,-2.304363449821166,4.3586326193023535,-3.223157682658192,3.107279727901485,-0.8451667975577086,1
695c39e7ce90b13220851ff2,2024,2,3.188131476738135,2.972199701142599,3.2424190862001545,3,Human Resources,Team Lead,0.637626295347627,0.5944399402285198,0.6484838172400309,1.8314602560843665,1.3566712206537686,1.1354749366441617,1.8367247644984372,2.2621129303437764,0.9803061558563781,0
695c39e7ce90b13220851ff3,2022,0,3.762550636515692,4.119755427285375,4.850466371760931,3,Human Resources,Senior Manager,0.7525101273031385,0.823951085457075,0.9700932743521863,,,,,,,0
695c39e7ce90b13220851ff3,2023,1,4.189522004635942,4.577195908196631,4.556995893284052,3,Human Resources,Senior Manager,0.8379044009271883,0.9154391816393262,0.9113991786568103,3.762550636515692,0.4269713681202494,4.119755427285375,0.45744048091125666,4.850466371760931,-0.29347047847687957,0
695c39e7ce90b13220851ff3,2024,2,3.7091933494791336,2.8049631506958916,3.11998142145629,3,Human Resources,Senior Manager,0.7418386698958267,0.5609926301391783,0.623996284291258,4.189522004635942,-0.480328655156808,4.577195908196631,-1.7722327575007397,4.556995893284052,-1.4370144718277618,0
695c39e7ce90b13220851ff3,2025,3,4.692610513909244,4.109151609722437,3.3121013176050895,3,Human Resources,Senior Manager,0.9385221027818489,0.8218303219444874,0.6624202635210179,3.7091933494791336,0.9834171644301106,2.8049631506958916,1.3041884590265451,3.11998142145629,0.19211989614879954,0
695c39e7ce90b13220851ff4,2022,0,3.0890668417867175,2.640051707199686,3.511679607688305,3,Human Resources,Executive,0.6178133683573435,0.5280103414399372,0.702335921537661,,,,,,,0
695c39e7ce90b13220851ff4,2023,1,3.0660296488461096,4.439139144642847,2.7996050851593,3,Human Resources,Executive,0.613205929769222,0.8878278289285694,0.55992101703186,3.0890668417867175,-0.02303719294060791,2.640051707199686,1.799087437443161,3.511679607688305,-0.7120745225290048,0
695c39e7ce90b13220851ff4,2024,2,3.6331844356774514,2.4413731181495173,2.3301213944957895,3,Human Resources,Executive,0.7266368871354902,0.4882746236299035,0.4660242788991579,3.0660296488461096,0.5671547868313418,4.439139144642847,-1.9977660264933297,2.7996050851593,-0.4694836906635107,0
695c39e7ce90b13220851ff4,2025,3,2.7239987455537147,3.1665058522776315,1.9277136775946135,3,Human Resources,Executive,0.5447997491107429,0.6333011704555263,0.3855427355189227,3.6331844356774514,-0.9091856901237367,2.4413731181495173,0.7251327341281142,2.3301213944957895,-0.40240771690117594,0
695c39e7ce90b13220851ff5,2022,0,1.3632999865468183,2.3595858761340374,1.8836764002266189,3,Administration,General Manager,0.27265999730936363,0.4719171752268075,0.37673528004532375,,,,,,,1
695c39e7ce90b13220851ff5,2023,1,3.2798761489035897,3.12763058719967,2.216760500007191,3,Administration,General Manager,0.655975229780718,0.625526117439934,0.4433521000014382,1.3632999865468183,1.9165761623567714,2.3595858761340374,0.7680447110656328,1.8836764002266189,0.3330840997805722,0
695c39e7ce90b13220851ff6,2022,0,1.231441537640864,1.807510831681947,1.8470256089327814,3,Information Technology,Software Engineer,0.24628830752817282,0.36150216633638943,0.36940512178655627,,,,,,,1
695c39e7ce90b13220851ff6,2023,1,3.240387168523166,3.375237907147189,2.654541677717698,3,Information Technology,Software Engineer,0.6480774337046332,0.6750475814294379,0.5309083355435396,1.231441537640864,2.008945630882302,1.807510831681947,1.5677270754652421,1.8470256089327814,0.8075160687849166,0
695c39e7ce90b13220851ff7,2022,0,1.5424720286039086,2.516718027641695,2.812750048430104,3,Administration,Senior Executive,0.30849440572078174,0.503343605528339,0.5625500096860208,,,,,,,0
695c39e7ce90b13220851ff7,2023,1,2.7416219778530158,2.6364649240799736,4.23154160269734,3,Administration,Senior Executive,0.5483243955706032,0.5272929848159947,0.846308320539468,1.5424720286039086,1.1991499492491071,2.516718027641695,0.1197468964382784,2.812750048430104,1.4187915542672362,0
695c39e7ce90b13220851ff7,2024,2,2.8624047915122324,1.81009871018504,3.230469811143681,3,Administration,Senior Executive,0.5724809583024465,0.36201974203700804,0.6460939622287362,2.7416219778530158,0.12078281365921661,2.6364649240799736,-0.8263662138949335,4.23154160269734,-1.001071791553659,0
695c39e7ce90b13220851ff7,2025,3,3.357173998072926,1.6691062516443624,3.1763964246247935,3,Administration,Senior Executive,0.6714347996145852,0.3338212503288725,0.6352792849249587,2.8624047915122324,0.4947692065606937,1.81009871018504,-0.14099245854067766,3.230469811143681,-0.05407338651888738,0
695c39e7ce90b13220851ff8,2023,0,4.658541964385052,4.609910142703153,3.286470705845977,3,Information Technology,QA Engineer,0.9317083928770105,0.9219820285406305,0.6572941411691954,,,,,,,0
695c39e7ce90b13220851ff8,2024,1,2.8830077657717554,3.1008683928346805,4.455463721974298,3,Information Technology,QA Engineer,0.5766015531543511,0.6201736785669361,0.8910927443948596,4.658541964385052,-1.7755341986132969,4.609910142703153,-1.509041749868472,3.286470705845977,1.1689930161283213,0
695c39e7ce90b13220851ff8,2025,2,2.9665955874619847,3.022014490877288,3.9674058912446863,3,Information Technology,QA Engineer,0.593319117492397,0.6044028981754577,0.7934811782489373,2.8830077657717554,0.08358782169022927,3.1008683928346805,-0.07885390195739239,4.455463721974298,-0.48805783072961173,0
695c39e7ce90b13220851ff9,2023,0,3.0627496491306556,3.0139419581328974,2.81949802790042,3,Information Technology,UI/UX Designer,0.6125499298261311,0.6027883916265795,0.563899605580084,,,,,,,0
695c39e7ce90b13220851ff9,2024,1,2.5281237773115715,1.9277397975080985,1.807203240447734,3,Information Technology,UI/UX Designer,0.5056247554623143,0.3855479595016197,0.3614406480895468,3.0627496491306556,-0.5346258718190842,3.0139419581328974,-1.086202160624799,2.81949802790042,-1.012294787452686,0
695c39e7ce90b13220851ff9,2025,2,3.094988326548842,3.3056711774971452,3.8961483512049564,3,Information Technology,UI/UX Designer,0.6189976653097684,0.6611342354994291,0.7792296702409913,2.5281237773115715,0.5668645492372706,1.9277397975080985,1.3779313799890467,1.807203240447734,2.0889451107572223,0
695c39e7ce90b13220851ffa,2023,0,3.6131283329751422,3.0834507457842717,2.552121006340064,3,Human Resources,Executive,0.7226256665950285,0.6166901491568544,0.5104242012680128,,,,,,,0
695c39e7ce90b13220851ffa,2024,1,3.449501963236103,3.473302431516913,2.187034260934659,3,Human Resources,Executive,0.6899003926472206,0.6946604863033826,0.43740685218693176,3.6131283329751422,-0.1636263697390392,3.0834507457842717,0.3898516857326415,2.552121006340064,-0.3650867454054052,0
695c39e7ce90b13220851ffa,2025,2,2.61394860038015,2.8675395280028346,1.646942320875157,3,Human Resources,Executive,0.5227897200760301,0.573507905600567,0.3293884641750314,3.449501963236103,-0.8355533628559528,3.473302431516913,-0.6057629035140786,2.187034260934659,-0.5400919400595019,0
695c39e7ce90b13220851ffb,2023,0,1.9138101354500705,2.404291970517991,3.4247192392820933,3,Administration,Executive,0.3827620270900141,0.4808583941035982,0.6849438478564187,,,,,,,0
695c39e7ce90b13220851ffb,2024,1,2.243674182973896,3.100109589775461,1.760776711981143,3,Administration,Executive,0.4487348365947792,0.6200219179550922,0.3521553423962286,1.9138101354500705,0.3298640475238255,2.404291970517991,0.6958176192574701,3.4247192392820933,-1.6639425273009503,0
695c39e7ce90b13220851ffb,2025,2,3.261936280802471,3.005046454182155,2.8856081997938077,3,Administration,Executive,0.6523872561604942,0.6010092908364311,0.5771216399587615,2.243674182973896,1.018262097828575,3.100109589775461,-0.09506313559330604,1.760776711981143,1.1248314878126646,0
695c39e7ce90b13220851ffc,2023,0,4.333588266212005,3.652798381842816,2.645596673032801,3,Administration,Assistant General Manager,0.866717653242401,0.7305596763685631,0.5291193346065601,,,,,,,0
695c39e7ce90b13220851ffc,2024,1,4.130422260482597,2.9633013913874695,2.064695401523778,3,Administration,Assistant General Manager,0.8260844520965194,0.5926602782774939,0.4129390803047556,4.333588266212005,-0.20316600572940846,3.652798381842816,-0.6894969904553463,2.645596673032801,-0.5809012715090227,1
695c39e7ce90b13220851ffc,2025,2,3.538052711956569,3.0104790878059067,3.1255390248510277,3,Administration,Assistant General Manager,0.7076105423913137,0.6020958175611814,0.6251078049702056,4.130422260482597,-0.5923695485260279,2.9633013913874695,0.047177696418437165,2.064695401523778,1.0608436233272496,0
695c39e7ce90b13220851ffd,2023,0,3.259723331933409,2.71019540641883,2.2105273336717612,3,Human Resources,Senior Executive,0.6519446663866818,0.542039081283766,0.44210546673435225,,,,,,,0
695c39e7ce90b13220851ffd,2024,1,1.6453894841370444,2.880822210835413,1.6069616969232308,3,Human Resources,Senior Executive,0.3290778968274089,0.5761644421670826,0.3213923393846462,3.259723331933409,-1.6143338477963645,2.71019540641883,0.17062680441658307,2.2105273336717612,-0.6035656367485305,1
695c39e7ce90b13220851ffd,2025,2,3.4936217716660627,3.074465870766461,2.716086932139997,3,Human Resources,Senior Executive,0.6987243543332126,0.6148931741532923,0.5432173864279994,1.6453894841370444,1.8482322875290182,2.880822210835413,0.19364365993104826,1.6069616969232308,1.1091252352167662,0
695c39e7ce90b13220851ffe,2023,0,3.4877964350317097,3.4156589212798525,3.9337372133029964,3,Human Resources,Assistant General Manager,0.697559287006342,0.6831317842559705,0.7867474426605993,,,,,,,0
695c39e7ce90b13220851ffe,2024,1,3.410821654140734,3.630212968289718,3.38446739123957,3,Human Resources,Assistant General Manager,0.6821643308281468,0.7260425936579435,0.676893478247914,3.4877964350317097,-0.07697478089097576,3.4156589212798525,0.21455404700986547,3.9337372133029964,-0.5492698220634264,0
695c39e7ce90b13220851ffe,2025,2,3.3155940281806955,2.527817660734369,2.6727677202889155,3,Human Resources,Assistant General Manager,0.6631188056361391,0.5055635321468739,0.5345535440577831,3.410821654140734,-0.09522762596003842,3.630212968289718,-1.1023953075553488,3.38446739123957,-0.7116996709506545,0
695c39e7ce90b13220851fff,2023,0,1.5122155449845363,1.5537449484701376,2.648047138295388,3,Administration,Intern,0.30244310899690724,0.31074898969402753,0.5296094276590776,,,,,,,1
695c39e7ce90b13220851fff,2024,1,2.778399338247603,4.381679179595731,3.3853523190162966,3,Administration,Intern,0.5556798676495206,0.8763358359191462,0.6770704638032593,1.5122155449845363,1.2661837932630668,1.5537449484701376,2.8279342311255937,2.648047138295388,0.7373051807209086,0
695c39e7ce90b13220852000,2023,0,3.274854926600975,2.93993931835001,4.477427852268591,3,Administration,Assistant General Manager,0.654970985320195,0.587987863670002,0.8954855704537182,,,,,,,0
695c39e7ce90b13220852000,2024,1,3.9321069670784916,3.0332374372627635,2.2605658170925977,3,Administration,Assistant General Manager,0.7864213934156983,0.6066474874525527,0.45211316341851954,3.274854926600975,0.6572520404775166,2.93993931835001,0.0932981189127533,4.477427852268591,-2.2168620351759936,0
695c39e7ce90b13220852000,2025,2,3.207294940495195,3.4518558566532143,3.100049216799335,3,Administration,Assistant General Manager,0.641458988099039,0.6903711713306429,0.6200098433598671,3.9321069670784916,-0.7248120265832965,3.0332374372627635,0.41861841939045075,2.2605658170925977,0.8394833997067375,0
695c39e7ce90b13220852001,2023,0,2.97735729573798,2.2392926732316596,1.649250277021096,3,Information Technology,Associate UI/UX Designer,0.595471459147596,0.4478585346463319,0.3298500554042192,,,,,,,1
695c39e7ce90b13220852001,2024,1,3.955436293856966,3.896259899243309,2.5240826892624604,3,Information Technology,Associate UI/UX Designer,0.7910872587713932,0.7792519798486618,0.504816537852492,2.97735729573798,0.9780789981189861,2.2392926732316596,1.6569672260116493,1.649250277021096,0.8748324122413644,0
695c39e7ce90b13220852002,2023,0,3.4706582579047556,2.5954774177812254,4.340494349098515,3,Information Technology,Software Engineer,0.6941316515809511,0.5190954835562451,0.868098869819703,,,,,,,0
695c39e7ce90b13220852002,2024,1,2.3965548972734063,3.128324533489823,1.7637202850872697,3,Information Technology,Software Engineer,0.47931097945468126,0.6256649066979646,0.3527440570174539,3.4706582579047556,-1.0741033606313493,2.5954774177812254,0.5328471157085977,4.340494349098515,-2.5767740640112455,1
695c39e7ce90b13220852002,2025,2,4.0996674212216755,4.036800819555914,2.7640307113250113,3,Information Technology,Software Engineer,0.8199334842443351,0.8073601639111828,0.5528061422650022,2.3965548972734063,1.7031125239482692,3.128324533489823,0.9084762860660911,1.7637202850872697,1.0003104262377416,0
695c39e7ce90b13220852003,2023,0,3.7336130793957563,4.076932081525822,4.501080456544375,3,Administration,Senior Manager,0.7467226158791512,0.8153864163051644,0.9002160913088749,,,,,,,0
695c39e7ce90b13220852003,2024,1,1.6178846236413587,1.7060211525576656,2.290139552372679,3,Administration,Senior Manager,0.3235769247282717,0.34120423051153315,0.45802791047453584,3.7336130793957563,-2.1157284557543976,4.076932081525822,-2.370910928968156,4.501080456544375,-2.2109409041716956,1
695c39e7ce90b13220852003,2025,2,2.0512799529178647,2.8635071636962555,2.7156852624244174,3,Administration,Senior Manager,0.4102559905835729,0.5727014327392511,0.5431370524848835,1.6178846236413587,0.43339532927650604,1.7060211525576656,1.1574860111385898,2.290139552372679,0.42554571005173836,0
695c39e7ce90b13220852004,2023,0,2.399475096990047,2.9438663917214445,2.6890932922491855,3,Information Technology,UI/UX Designer,0.4798950193980094,0.5887732783442889,0.5378186584498371,,,,,,,0
695c39e7ce90b13220852004,2024,1,3.054760473051071,3.6820653538015775,3.2749387339433773,3,Information Technology,UI/UX Designer,0.6109520946102143,0.7364130707603155,0.6549877467886754,2.399475096990047,0.6552853760610242,2.9438663917214445,0.738198962080133,2.6890932922491855,0.5858454416941918,1
695c39e7ce90b13220852004,2025,2,2.3822691322293434,2.2392656702341345,1.75812564264058,3,Information Technology,UI/UX Designer,0.4764538264458687,0.4478531340468269,0.351625128528116,3.054760473051071,-0.6724913408217277,3.6820653538015775,-1.442799683567443,3.2749387339433773,-1.5168130913027973,0
695c39e7ce90b13220852005,2023,0,2.5980862980910553,2.4813520825257496,2.9214436986078165,3,Human Resources,General Manager,0.519617259618211,0.4962704165051499,0.5842887397215633,,,,,,,0
695c39e7ce90b13220852005,2024,1,2.8096535816990738,3.2350967975885454,2.4344038140044555,3,Human Resources,General Manager,0.5619307163398147,0.6470193595177091,0.4868807628008911,2.5980862980910553,0.21156728360801846,2.4813520825257496,0.7537447150627958,2.9214436986078165,-0.487039884603361,0
695c39e7ce90b13220852005,2025,2,3.2904097215809864,3.253876449719179,2.8953275916519132,3,Human Resources,General Manager,0.6580819443161973,0.6507752899438358,0.5790655183303827,2.8096535816990738,0.4807561398819127,3.2350967975885454,0.018779652130633817,2.4344038140044555,0.46092377764745773,0
695c39e7ce90b13220852006,2023,0,2.128287781818299,2.9749523940528597,2.4410251949347117,3,Administration,General Manager,0.42565755636365976,0.594990478810572,0.48820503898694234,,,,,,,1
695c39e7ce90b13220852006,2024,1,3.0887849669737446,2.9915261785627587,2.7876652938234736,3,Administration,General Manager,0.6177569933947489,0.5983052357125518,0.5575330587646947,2.128287781818299,0.9604971851554458,2.9749523940528597,0.016573784509898992,2.4410251949347117,0.3466400988887619,0
695c39e7ce90b13220852007,2023,0,2.380112910308446,3.917940850250716,3.6248227816894074,3,Information Technology,Senior Software Engineer,0.4760225820616892,0.7835881700501431,0.7249645563378815,,,,,,,0
695c39e7ce90b13220852008,2023,0,3.6675341821396024,3.1436888454428047,4.58899408974885,3,Human Resources,Assistant Manager,0.7335068364279205,0.6287377690885609,0.9177988179497699,,,,,,,0
695c39e7ce90b13220852009,2023,0,3.3171461175520762,3.05552376514688,2.7504244037522207,3,Human Resources,Assistant Manager,0.6634292235104152,0.6111047530293761,0.5500848807504441,,,,,,,0
695c39e7ce90b13220852009,2024,1,2.540546889849498,3.074677038458581,2.4177981502294794,3,Human Resources,Assistant Manager,0.5081093779698996,0.6149354076917162,0.48355963004589586,3.3171461175520762,-0.7765992277025782,3.05552376514688,0.019153273311701025,2.7504244037522207,-0.33262625352274133,0
695c39e7ce90b13220852009,2025,2,3.9841458196462183,3.862562093355949,3.4281007250766597,3,Human Resources,Assistant Manager,0.7968291639292436,0.7725124186711898,0.685620145015332,2.540546889849498,1.4435989297967202,3.074677038458581,0.7878850548973677,2.4177981502294794,1.0103025748471803,0
695c39e7ce90b1322085200a,2023,0,2.664061085765232,1.7200984502736296,1.9957508289753512,3,Human Resources,Team Lead,0.5328122171530464,0.34401969005472594,0.39915016579507023,,,,,,,1
695c39e7ce90b1322085200a,2024,1,2.16817553192946,2.4566870765768747,3.691133476611462,3,Human Resources,Team Lead,0.43363510638589203,0.49133741531537495,0.7382266953222925,2.664061085765232,-0.4958855538357718,1.7200984502736296,0.7365886263032451,1.9957508289753512,1.695382647636111,0
695c39e7ce90b1322085200b,2023,0,4.169174630987191,2.7494483951230286,2.5802210708534137,3,Information Technology,Associate Project Manager,0.8338349261974383,0.5498896790246057,0.5160442141706827,,,,,,,0
695c39e7ce90b1322085200b,2024,1,2.8137387581874402,3.4312051113414737,1.9149771508497402,3,Information Technology,Associate Project Manager,0.562747751637488,0.6862410222682948,0.382995430169948,4.169174630987191,-1.355435872799751,2.7494483951230286,0.681756716218445,2.5802210708534137,-0.6652439200036735,0
695c39e7ce90b1322085200b,2025,2,2.339513622634681,3.570392787965964,3.2092367990388597,3,Information Technology,Associate Project Manager,0.46790272452693615,0.7140785575931928,0.641847359807772,2.8137387581874402,-0.47422513555275936,3.4312051113414737,0.1391876766244904,1.9149771508497402,1.2942596481891195,0
695c39e7ce90b1322085200c,2023,0,2.8290279723872755,2.7833885474703655,3.605896061170365,3,Human Resources,Associate,0.5658055944774552,0.5566777094940731,0.721179212234073,,,,,,,0
695c39e7ce90b1322085200c,2024,1,1.0254979392573236,1.6951041523650334,1.8944942463224552,3,Human Resources,Associate,0.2050995878514647,0.3390208304730067,0.378898849264491,2.8290279723872755,-1.803530033129952,2.7833885474703655,-1.088284395105332,3.605896061170365,-1.71140181484791,1
695c39e7ce90b1322085200c,2025,2,3.6606861487745452,2.90658550164136,4.019065447190776,3,Human Resources,Associate,0.732137229754909,0.581317100328272,0.8038130894381552,1.0254979392573236,2.6351882095172217,1.6951041523650334,1.2114813492763268,1.8944942463224552,2.124571200868321,0
695c39e7ce90b1322085200d,2023,0,2.30512986182868,3.319750070310055,2.786293980939467,3,Information Technology,UI/UX Designer,0.461025972365736,0.663950014062011,0.5572587961878934,,,,,,,0
695c39e7ce90b1322085200d,2024,1,3.563130630446925,2.9555939544628536,3.198494284471936,3,Information Technology,UI/UX Designer,0.712626126089385,0.5911187908925707,0.6396988568943872,2.30512986182868,1.258000768618245,3.319750070310055,-0.36415611584720153,2.786293980939467,0.41220030353246884,0
695c39e7ce90b1322085200d,2025,2,3.6707125095883444,2.5265118962973094,2.8859931381291055,3,Information Technology,UI/UX Designer,0.7341425019176688,0.5053023792594619,0.5771986276258211,3.563130630446925,0.10758187914141937,2.9555939544628536,-0.4290820581655441,3.198494284471936,-0.31250114634283044,0
695c39e7ce90b1322085200e,2023,0,3.270548473288587,3.650034960873556,1.7169922940146471,3,Administration,Team Lead,0.6541096946577174,0.7300069921747112,0.3433984588029294,,,,,,,0
695c39e7ce90b1322085200e,2024,1,1.2246162020815028,1.4445450208784696,1.878601278184924,3,Administration,Team Lead,0.24492324041630056,0.28890900417569393,0.3757202556369848,3.270548473288587,-2.0459322712070844,3.650034960873556,-2.2054899399950862,1.7169922940146471,0.1616089841702768,1
695c39e7ce90b1322085200e,2025,2,1.922720953583489,1.9390792447913745,2.1439495458884794,3,Administration,Team Lead,0.3845441907166978,0.3878158489582749,0.4287899091776959,1.2246162020815028,0.6981047515019863,1.4445450208784696,0.4945342239129049,1.878601278184924,0.26534826770355546,0
695c39e7ce90b1322085200f,2023,0,2.183551297403932,3.3335333436645187,2.253552086698296,3,Administration,Assistant General Manager,0.43671025948078646,0.6667066687329037,0.4507104173396592,,,,,,,1
695c39e7ce90b1322085200f,2024,1,2.9786888334072237,3.834964155148133,3.892471209706048,3,Administration,Assistant General Manager,0.5957377666814447,0.7669928310296266,0.7784942419412096,2.183551297403932,0.7951375360032915,3.3335333436645187,0.5014308114836141,2.253552086698296,1.638919123007752,0
695c39e7ce90b13220852010,2023,0,2.979379811492544,2.480552896748578,2.9288499873657727,3,Human Resources,Associate,0.5958759622985088,0.4961105793497156,0.5857699974731545,,,,,,,0
695c39e7ce90b13220852010,2024,1,2.617193304344146,3.132169588018997,2.155888147402544,3,Human Resources,Associate,0.5234386608688293,0.6264339176037994,0.4311776294805088,2.979379811492544,-0.36218650714839784,2.480552896748578,0.6516166912704189,2.9288499873657727,-0.7729618399632288,0
695c39e7ce90b13220852010,2025,2,2.004075675641225,3.4699150621823547,2.501664189107366,3,Human Resources,Associate,0.400815135128245,0.693983012436471,0.5003328378214732,2.617193304344146,-0.6131176287029212,3.132169588018997,0.3377454741633579,2.155888147402544,0.3457760417048221,0
695c39e7ce90b13220852011,2023,0,2.898895968256437,3.902393809051795,1.4144190441540985,3,Administration,Team Lead,0.5797791936512874,0.780478761810359,0.2828838088308197,,,,,,,0
695c39e7ce90b13220852011,2024,1,4.28947965523889,4.362060757238486,3.663585861436029,3,Administration,Team Lead,0.857895931047778,0.8724121514476971,0.7327171722872058,2.898895968256437,1.390583686982453,3.902393809051795,0.45966694818669085,1.4144190441540985,2.249166817281931,0
695c39e7ce90b13220852011,2025,2,2.26838516281195,2.3483304481687304,2.624542101015511,3,Administration,Team Lead,0.45367703256239,0.46966608963374606,0.5249084202031022,4.28947965523889,-2.02109449242694,4.362060757238486,-2.0137303090697554,3.663585861436029,-1.039043760420518,0
695c39e7ce90b13220852012,2023,0,2.472880215255668,2.6791010057984077,2.438583084500486,3,Human Resources,Associate,0.49457604305113356,0.5358202011596815,0.4877166169000972,,,,,,,0
695c39e7ce90b13220852012,2024,1,2.507486263102731,2.514469803565523,3.5280644540632284,3,Human Resources,Associate,0.5014972526205461,0.5028939607131047,0.7056128908126457,2.472880215255668,0.03460604784706289,2.6791010057984077,-0.16463120223288463,2.438583084500486,1.0894813695627423,0
695c39e7ce90b13220852012,2025,2,3.2535027317062433,3.416107674080087,2.951845571836409,3,Human Resources,Associate,0.6507005463412486,0.6832215348160174,0.5903691143672818,2.507486263102731,0.7460164686035125,2.514469803565523,0.901637870514564,3.5280644540632284,-0.5762188822268195,0
695c39e7ce90b13220852013,2023,0,4.293452732546238,3.410640556958571,4.412189406789833,3,Administration,General Manager,0.8586905465092476,0.6821281113917143,0.8824378813579665,,,,,,,0
695c39e7ce90b13220852014,2023,0,1.4393188013739615,1.0794574774799575,1.3595554857931715,3,Information Technology,QA Engineer,0.2878637602747923,0.2158914954959915,0.2719110971586343,,,,,,,1
695c39e7ce90b13220852014,2024,1,3.3725793596176312,2.0213751348478555,2.3574128439589574,3,Information Technology,QA Engineer,0.6745158719235262,0.40427502696957107,0.4714825687917915,1.4393188013739615,1.9332605582436697,1.0794574774799575,0.941917657367898,1.3595554857931715,0.9978573581657859,0
695c39e7ce90b13220852015,2023,0,3.625841761688511,3.1296871241768747,4.050745102796986,3,Administration,Executive,0.7251683523377022,0.625937424835375,0.8101490205593972,,,,,,,0
695c39e7ce90b13220852015,2024,1,2.87540307334175,3.2018128362289557,3.017326013555517,3,Administration,Executive,0.57508061466835,0.6403625672457911,0.6034652027111034,3.625841761688511,-0.7504386883467609,3.1296871241768747,0.07212571205208107,4.050745102796986,-1.0334190892414692,0
695c39e7ce90b13220852015,2025,2,3.138670605779886,3.6262210828109573,2.636533504786271,3,Administration,Executive,0.6277341211559773,0.7252442165621915,0.5273067009572542,2.87540307334175,0.26326753243813616,3.2018128362289557,0.4244082465820016,3.017326013555517,-0.38079250876924586,0
695c39e7ce90b13220852016,2023,0,1.5445446095018602,1.7767723064905425,2.3122938902338563,3,Human Resources,Senior Executive,0.30890892190037206,0.3553544612981085,0.46245877804677127,,,,,,,1
695c39e7ce90b13220852016,2024,1,4.0449595805021445,2.405221911187443,3.5565023354059417,3,Human Resources,Senior Executive,0.8089919161004289,0.4810443822374886,0.7113004670811883,1.5445446095018602,2.5004149710002843,1.7767723064905425,0.6284496046969004,2.3122938902338563,1.2442084451720854,0
695c39e7ce90b13220852017,2023,0,2.7379097457490356,1.9297869966285575,3.291145847878879,3,Information Technology,Associate Project Manager,0.5475819491498071,0.3859573993257115,0.6582291695757758,,,,,,,1
695c39e7ce90b13220852017,2024,1,3.1712096414269784,3.5701395956442146,4.074216499391464,3,Information Technology,Associate Project Manager,0.6342419282853957,0.7140279191288429,0.8148432998782928,2.7379097457490356,0.4332998956779428,1.9297869966285575,1.640352599015657,3.291145847878879,0.7830706515125851,0
695c39e7ce90b13220852018,2023,0,3.633379183638169,3.3953850062772384,3.35932710833899,3,Administration,Senior Manager,0.7266758367276338,0.6790770012554477,0.6718654216677981,,,,,,,0
695c39e7ce90b13220852018,2024,1,2.3125198339797413,2.6622283295356644,1.1981140078375474,3,Administration,Senior Manager,0.46250396679594824,0.5324456659071328,0.23962280156750948,3.633379183638169,-1.3208593496584276,3.3953850062772384,-0.733156676741574,3.35932710833899,-2.1612131005014428,1
695c39e7ce90b13220852018,2025,2,3.2302191688130524,2.1802662888098734,1.7485374104259512,3,Administration,Senior Manager,0.6460438337626104,0.4360532577619747,0.34970748208519026,2.3125198339797413,0.9176993348333111,2.6622283295356644,-0.48196204072579096,1.1981140078375474,0.5504234025884038,0
695c39e7ce90b13220852019,2023,0,4.542069785187739,2.28557253633086,5.0,3,Human Resources,Team Lead,0.9084139570375479,0.457114507266172,1.0,,,,,,,0
695c39e7ce90b13220852019,2024,1,4.589625638214964,3.71674364892847,3.202031679695818,3,Human Resources,Team Lead,0.9179251276429928,0.743348729785694,0.6404063359391636,4.542069785187739,0.04755585302722487,2.28557253633086,1.4311711125976103,5.0,-1.7979683203041819,1
695c39e7ce90b13220852019,2025,2,2.097026696159373,2.8610946155149115,1.9982209975334557,3,Human Resources,Team Lead,0.41940533923187456,0.5722189231029823,0.39964419950669117,4.589625638214964,-2.4925989420555914,3.71674364892847,-0.8556490334135587,3.202031679695818,-1.2038106821623624,0
695c39e7ce90b1322085201a,2023,0,1.7231790768379307,1.3200049130109497,1.332066084466313,3,Human Resources,Associate,0.34463581536758614,0.26400098260218996,0.2664132168932626,,,,,,,1
695c39e7ce90b1322085201a,2024,1,1.8921959661364622,2.7073353888968485,3.6644579599981952,3,Human Resources,Associate,0.37843919322729247,0.5414670777793698,0.732891591999639,1.7231790768379307,0.16901688929853154,1.3200049130109497,1.3873304758858989,1.332066084466313,2.332391875531882,0
695c39e7ce90b1322085201b,2023,0,3.05125722297011,4.532136736586556,2.9962876913175096,3,Human Resources,Associate,0.610251444594022,0.9064273473173111,0.5992575382635019,,,,,,,0
695c39e7ce90b1322085201b,2024,1,2.1289578977333603,2.8202250919255007,3.026005226161476,3,Human Resources,Associate,0.42579157954667207,0.5640450183851001,0.6052010452322951,3.05125722297011,-0.9222993252367497,4.532136736586556,-1.711911644661055,2.9962876913175096,0.02971753484396622,1
695c39e7ce90b1322085201b,2025,2,1.4925820847418974,3.3092734416478446,1.613304387350241,3,Human Resources,Associate,0.2985164169483795,0.661854688329569,0.32266087747004824,2.1289578977333603,-0.636375812991463,2.8202250919255007,0.4890483497223439,3.026005226161476,-1.4127008388112348,0
695c39e7ce90b1322085201c,2023,0,2.507823258449437,1.342920136177612,2.2569154158680576,3,Information Technology,QA Lead,0.5015646516898874,0.2685840272355224,0.45138308317361153,,,,,,,1
695c39e7ce90b1322085201c,2024,1,2.739750935699987,2.840895193377368,2.9945305586725155,3,Information Technology,QA Lead,0.5479501871399974,0.5681790386754736,0.5989061117345031,2.507823258449437,0.23192767725055008,1.342920136177612,1.497975057199756,2.2569154158680576,0.737615142804458,0
695c39e7ce90b1322085201d,2023,0,3.9045248008337547,4.894720055504281,3.3835762806560843,3,Human Resources,General Manager,0.7809049601667509,0.9789440111008562,0.6767152561312169,,,,,,,0
695c39e7ce90b1322085201e,2023,0,2.8322788016009284,3.4867423697435007,3.1864320656949054,3,Information Technology,Senior QA Engineer,0.5664557603201856,0.6973484739487001,0.637286413138981,,,,,,,0
695c39e7ce90b1322085201e,2024,1,2.983098775526946,3.174565196567084,3.730065941483483,3,Information Technology,Senior QA Engineer,0.5966197551053891,0.6349130393134168,0.7460131882966966,2.8322788016009284,0.15081997392601743,3.4867423697435007,-0.3121771731764169,3.1864320656949054,0.5436338757885775,0
695c39e7ce90b1322085201e,2025,2,2.6955927521143623,2.7978933413413047,3.086212901036809,3,Information Technology,Senior QA Engineer,0.5391185504228725,0.559578668268261,0.6172425802073618,2.983098775526946,-0.28750602341258347,3.174565196567084,-0.37667185522577906,3.730065941483483,-0.643853040446674,0
695c39e7ce90b1322085201f,2023,0,2.4878793211610555,2.977455251846359,2.8269272417288827,3,Human Resources,Senior Manager,0.4975758642322111,0.5954910503692717,0.5653854483457765,,,,,,,0
695c39e7ce90b1322085201f,2024,1,4.026106127250784,4.398189345329819,4.558496503249527,3,Human Resources,Senior Manager,0.8052212254501567,0.8796378690659639,0.9116993006499055,2.4878793211610555,1.5382268060897282,2.977455251846359,1.4207340934834605,2.8269272417288827,1.7315692615206446,0
695c39e7ce90b1322085201f,2025,2,3.667674134346167,1.9107806162750278,3.3221546378527416,3,Human Resources,Senior Manager,0.7335348268692334,0.3821561232550056,0.6644309275705483,4.026106127250784,-0.3584319929046167,4.398189345329819,-2.4874087290547915,4.558496503249527,-1.2363418653967857,0
695c39e7ce90b13220852020,2023,0,4.432254159424603,3.5459928737465836,4.377899874807885,3,Administration,Assistant General Manager,0.8864508318849206,0.7091985747493167,0.875579974961577,,,,,,,0
695c39e7ce90b13220852021,2023,0,3.430351523179894,3.2806132043409173,2.1468486538891667,3,Human Resources,Team Lead,0.6860703046359788,0.6561226408681835,0.42936973077783336,,,,,,,0
695c39e7ce90b13220852021,2024,1,2.7101596317413885,1.6711078538000639,1.9484485640881704,3,Human Resources,Team Lead,0.5420319263482777,0.3342215707600128,0.3896897128176341,3.430351523179894,-0.7201918914385055,3.2806132043409173,-1.6095053505408534,2.1468486538891667,-0.19840008980099633,1
695c39e7ce90b13220852021,2025,2,2.967690726734953,2.751391603761027,4.05438469261155,3,Human Resources,Team Lead,0.5935381453469906,0.5502783207522054,0.81087693852231,2.7101596317413885,0.2575310949935643,1.6711078538000639,1.080283749960963,1.9484485640881704,2.1059361285233797,0
695c39e7ce90b13220852022,2023,0,3.5913676600931463,2.9735104074569207,3.4025411013449767,3,Administration,Executive,0.7182735320186293,0.5947020814913841,0.6805082202689954,,,,,,,0
695c39e7ce90b13220852022,2024,1,2.736064092271467,2.5977426181696703,1.549103573701718,3,Administration,Executive,0.5472128184542935,0.5195485236339341,0.3098207147403436,3.5913676600931463,-0.8553035678216792,2.9735104074569207,-0.3757677892872504,3.4025411013449767,-1.8534375276432586,1
695c39e7ce90b13220852022,2025,2,2.203434319040617,3.318501471344267,3.920751720310696,3,Administration,Executive,0.44068686380812344,0.6637002942688535,0.7841503440621392,2.736064092271467,-0.53262977323085,2.5977426181696703,0.7207588531745968,1.549103573701718,2.371648146608978,0
695c39e7ce90b13220852023,2023,0,1.1151769355775505,1.9216672748757615,1.145590055233984,3,Information Technology,Senior Software Engineer,0.2230353871155101,0.3843334549751523,0.2291180110467968,,,,,,,1
695c39e7ce90b13220852023,2024,1,3.890424804782665,3.6360302971711205,2.7098561238002685,3,Information Technology,Senior Software Engineer,0.778084960956533,0.7272060594342241,0.5419712247600537,1.1151769355775505,2.7752478692051143,1.9216672748757615,1.714363022295359,1.145590055233984,1.5642660685662846,0
695c39e7ce90b13220852024,2023,0,2.0333344183842397,3.126287451803944,1.4165737505551774,3,Information Technology,Associate UI/UX Designer,0.40666688367684795,0.6252574903607888,0.28331475011103546,,,,,,,0
695c39e7ce90b13220852024,2024,1,1.8350150681827824,1.5793624589111266,2.0700361666189737,3,Information Technology,Associate UI/UX Designer,0.36700301363655646,0.3158724917822253,0.41400723332379474,2.0333344183842397,-0.1983193502014573,3.126287451803944,-1.5469249928928175,1.4165737505551774,0.6534624160637963,1
695c39e7ce90b13220852024,2025,2,2.820893247975949,2.269227223016999,3.2086498371451784,3,Information Technology,Associate UI/UX Designer,0.5641786495951898,0.4538454446033998,0.6417299674290357,1.8350150681827824,0.9858781797931666,1.5793624589111266,0.6898647641058724,2.0700361666189737,1.1386136705262047,0
695c39e7ce90b13220852025,2023,0,3.1528517912454745,3.6277160231827112,3.994386168141542,3,Administration,Assistant General Manager,0.6305703582490949,0.7255432046365422,0.7988772336283084,,,,,,,0
695c39e7ce90b13220852025,2024,1,3.914631764451272,4.899342397468245,4.2978225759420035,3,Administration,Assistant General Manager,0.7829263528902544,0.979868479493649,0.8595645151884007,3.1528517912454745,0.7617799732057975,3.6277160231827112,1.2716263742855336,3.994386168141542,0.30343640780046144,0
695c39e7ce90b13220852025,2025,2,2.801363839282611,4.252663820997122,4.223822783768539,3,Administration,Assistant General Manager,0.5602727678565221,0.8505327641994244,0.8447645567537079,3.914631764451272,-1.1132679251686612,4.899342397468245,-0.6466785764711229,4.2978225759420035,-0.07399979217346431,0
695c39e7ce90b13220852026,2023,0,3.743117700802723,2.2750416807967593,3.108223346516837,3,Administration,Senior Executive,0.7486235401605447,0.4550083361593519,0.6216446693033675,,,,,,,0
695c39e7ce90b13220852026,2024,1,1.3045914137730508,1.707571488294755,2.121325847599954,3,Administration,Senior Executive,0.26091828275461015,0.341514297658951,0.42426516951999077,3.743117700802723,-2.4385262870296724,2.2750416807967593,-0.5674701925020043,3.108223346516837,-0.9868974989168833,1
695c39e7ce90b13220852026,2025,2,4.613736148705156,3.2485403270401303,3.515411263045058,3,Administration,Senior Executive,0.9227472297410312,0.6497080654080261,0.7030822526090116,1.3045914137730508,3.3091447349321053,1.707571488294755,1.5409688387453753,2.121325847599954,1.3940854154451041,0
695c39e7ce90b13220852027,2023,0,3.752368668287194,3.2699685198471116,3.0250150063507113,3,Human Resources,Manager,0.7504737336574389,0.6539937039694224,0.6050030012701423,,,,,,,0
695c39e7ce90b13220852027,2024,1,1.9704843841009398,2.6976116666966203,3.0492980027045125,3,Human Resources,Manager,0.39409687682018796,0.5395223333393241,0.6098596005409025,3.752368668287194,-1.7818842841862543,3.2699685198471116,-0.5723568531504912,3.0250150063507113,0.024282996353801156,0
695c39e7ce90b13220852027,2025,2,1.5709942099951553,2.309148590525017,2.783870371572841,3,Human Resources,Manager,0.31419884199903103,0.4618297181050034,0.5567740743145682,1.9704843841009398,-0.3994901741057846,2.6976116666966203,-0.38846307617160347,3.0492980027045125,-0.26542763113167167,0
695c39e7ce90b13220852028,2023,0,2.5175048524487336,2.418757487771671,3.578264022021593,3,Information Technology,UI/UX Designer,0.5035009704897467,0.48375149755433416,0.7156528044043186,,,,,,,0
695c39e7ce90b13220852028,2024,1,3.8681601126441088,2.8717218919435683,2.824350049527383,3,Information Technology,UI/UX Designer,0.7736320225288218,0.5743443783887137,0.5648700099054766,2.5175048524487336,1.3506552601953752,2.418757487771671,0.45296440417189743,3.578264022021593,-0.7539139724942099,0
695c39e7ce90b13220852028,2025,2,3.091925848320087,2.6774344767095797,3.7513593328945674,3,Information Technology,UI/UX Designer,0.6183851696640174,0.535486895341916,0.7502718665789134,3.8681601126441088,-0.7762342643240219,2.8717218919435683,-0.19428741523398863,2.824350049527383,0.9270092833671844,0
695c39e7ce90b13220852029,2023,0,2.7332070965141435,2.703401849376986,4.487626820869009,3,Human Resources,Assistant General Manager,0.5466414193028287,0.5406803698753972,0.8975253641738018,,,,,,,0
695c39e7ce90b13220852029,2024,1,2.236267207871043,4.300834754630454,4.407585077880123,3,Human Resources,Assistant General Manager,0.44725344157420854,0.8601669509260909,0.8815170155760246,2.7332070965141435,-0.4969398886431007,2.703401849376986,1.5974329052534681,4.487626820869009,-0.080041742988886,1
695c39e7ce90b13220852029,2025,2,2.3488437197213656,2.2998864655910847,2.3539307425085796,3,Human Resources,Assistant General Manager,0.46976874394427315,0.45997729311821695,0.4707861485017159,2.236267207871043,0.1125765118503228,4.300834754630454,-2.0009482890393695,4.407585077880123,-2.0536543353715433,0
695c39e7ce90b1322085202a,2023,0,2.9331643585600764,3.1805848803599392,2.934276071752251,3,Administration,Executive,0.5866328717120153,0.6361169760719878,0.5868552143504502,,,,,,,0
695c39e7ce90b1322085202a,2024,1,2.9833299059362854,2.2157014468908165,3.5542503224270012,3,Administration,Executive,0.5966659811872571,0.4431402893781633,0.7108500644854002,2.9331643585600764,0.05016554737620904,3.1805848803599392,-0.9648834334691228,2.934276071752251,0.6199742506747503,1
695c39e7ce90b1322085202a,2025,2,2.2381196570067874,2.8024074506780137,2.5662899990254413,3,Administration,Executive,0.4476239314013575,0.5604814901356028,0.5132579998050882,2.9833299059362854,-0.745210248929498,2.2157014468908165,0.5867060037871972,3.5542503224270012,-0.9879603234015599,0
695c39e7ce90b1322085202b,2023,0,2.698411966322391,2.5255837714486393,2.578001055897791,3,Information Technology,Associate QA Engineer,0.5396823932644782,0.5051167542897279,0.5156002111795581,,,,,,,0
695c39e7ce90b1322085202b,2024,1,3.060878704506954,1.6504663960542074,2.39814977372889,3,Information Technology,Associate QA Engineer,0.6121757409013908,0.3300932792108415,0.47962995474577796,2.698411966322391,0.36246673818456276,2.5255837714486393,-0.8751173753944319,2.578001055897791,-0.1798512821689009,1
695c39e7ce90b1322085202b,2025,2,3.1668719438417,3.629747423493978,2.5746731249000243,3,Information Technology,Associate QA Engineer,0.63337438876834,0.7259494846987956,0.5149346249800049,3.060878704506954,0.10599323933474603,1.6504663960542074,1.9792810274397707,2.39814977372889,0.17652335117113438,0
695c39e7ce90b1322085202c,2023,0,3.090771429579863,2.573139683846314,2.647516661857026,3,Administration,Manager,0.6181542859159725,0.5146279367692628,0.5295033323714052,,,,,,,1
695c39e7ce90b1322085202c,2024,1,2.9066865315979866,2.640118353466434,2.899222600465485,3,Administration,Manager,0.5813373063195973,0.5280236706932868,0.579844520093097,3.090771429579863,-0.18408489798187633,2.573139683846314,0.06697866962012,2.647516661857026,0.2517059386084588,0
695c39e7ce90b1322085202d,2023,0,1.849585987577603,2.290316210792448,2.2533352385497927,3,Human Resources,Senior Executive,0.3699171975155206,0.45806324215848965,0.4506670477099585,,,,,,,1
695c39e7ce90b1322085202d,2024,1,2.0981291389060917,1.6023377606719929,1.6784132211759422,3,Human Resources,Senior Executive,0.4196258277812183,0.3204675521343986,0.33568264423518845,1.849585987577603,0.2485431513284886,2.290316210792448,-0.6879784501204553,2.2533352385497927,-0.5749220173738505,0
695c39e7ce90b1322085202e,2023,0,4.390864181628801,3.909871555713748,4.700135185995851,3,Information Technology,Senior Software Engineer,0.8781728363257603,0.7819743111427495,0.9400270371991702,,,,,,,0
695c39e7ce90b1322085202e,2024,1,4.51576736718697,4.37880020383779,4.510740130527592,3,Information Technology,Senior Software Engineer,0.903153473437394,0.8757600407675581,0.9021480261055184,4.390864181628801,0.1249031855581686,3.909871555713748,0.46892864812404245,4.700135185995851,-0.18939505546825952,0
695c39e7ce90b1322085202e,2025,2,3.3276661390890205,4.149479356905205,3.997494715171312,3,Information Technology,Senior Software Engineer,0.6655332278178041,0.829895871381041,0.7994989430342624,4.51576736718697,-1.1881012280979495,4.37880020383779,-0.22932084693258492,4.510740130527592,-0.5132454153562795,0
695c39e7ce90b1322085202f,2023,0,4.699506513604044,3.753789996396872,4.107546783949445,3,Administration,General Manager,0.9399013027208089,0.7507579992793744,0.821509356789889,,,,,,,0
695c39e7ce90b13220852030,2023,0,4.738616703950746,4.383453424433334,5.0,3,Human Resources,General Manager,0.9477233407901492,0.8766906848866668,1.0,,,,,,,0
695c39e7ce90b13220852030,2024,1,3.8389747592473378,3.610531694243298,3.921618098001569,3,Human Resources,General Manager,0.7677949518494676,0.7221063388486596,0.7843236196003138,4.738616703950746,-0.8996419447034083,4.383453424433334,-0.7729217301900362,5.0,-1.0783819019984309,1
695c39e7ce90b13220852030,2025,2,2.25584794823585,2.9070698677034446,2.788675418638244,3,Human Resources,General Manager,0.45116958964717,0.5814139735406889,0.5577350837276488,3.8389747592473378,-1.5831268110114878,3.610531694243298,-0.7034618265398533,3.921618098001569,-1.132942679363325,0
695c39e7ce90b13220852031,2023,0,2.976476708149218,3.345223007542556,2.9610098517765193,3,Human Resources,Executive,0.5952953416298435,0.6690446015085112,0.5922019703553039,,,,,,,0
695c39e7ce90b13220852032,2023,0,3.282498297995705,3.240493343218162,3.074864960733694,3,Information Technology,Associate QA Engineer,0.656499659599141,0.6480986686436324,0.6149729921467388,,,,,,,0
695c39e7ce90b13220852033,2023,0,3.1923268214821774,3.7100222220248105,2.9939827408464823,3,Human Resources,Manager,0.6384653642964355,0.742004444404962,0.5987965481692965,,,,,,,0
695c39e7ce90b13220852033,2024,1,3.2805316874131294,3.3249646578136236,3.1325198923169357,3,Human Resources,Manager,0.6561063374826259,0.6649929315627248,0.6265039784633871,3.1923268214821774,0.088204865930952,3.7100222220248105,-0.38505756421118686,2.9939827408464823,0.13853715147045342,1
695c39e7ce90b13220852033,2025,2,2.4806324302304246,1.817759799024441,3.3521638332458132,3,Human Resources,Manager,0.4961264860460849,0.3635519598048882,0.6704327666491626,3.2805316874131294,-0.7998992571827048,3.3249646578136236,-1.5072048587891826,3.1325198923169357,0.2196439409288775,0
695c39e7ce90b13220852034,2023,0,2.518474400036253,2.6176228571619298,2.96646195465072,3,Information Technology,Senior Software Engineer,0.5036948800072506,0.523524571432386,0.593292390930144,,,,,,,0
695c39e7ce90b13220852034,2024,1,2.36891212049309,1.7167992548977804,2.0137204028556823,3,Information Technology,Senior Software Engineer,0.47378242409861804,0.34335985097955607,0.4027440805711365,2.518474400036253,-0.1495622795431628,2.6176228571619298,-0.9008236022641494,2.96646195465072,-0.9527415517950377,1
695c39e7ce90b13220852034,2025,2,3.4143740285456996,3.8061049932486624,2.670326154905875,3,Information Technology,Senior Software Engineer,0.6828748057091399,0.7612209986497325,0.534065230981175,2.36891212049309,1.0454619080526095,1.7167992548977804,2.089305738350882,2.0137204028556823,0.6566057520501927,0
695c39e7ce90b13220852035,2023,0,3.5615433976224526,5.0,4.345000142530974,3,Information Technology,Software Engineer,0.7123086795244905,1.0,0.8690000285061948,,,,,,,0
695c39e7ce90b13220852035,2024,1,3.1825289318091152,2.380211843100866,2.125055187517562,3,Information Technology,Software Engineer,0.6365057863618231,0.47604236862017324,0.42501103750351243,3.5615433976224526,-0.3790144658133374,5.0,-2.619788156899134,4.345000142530974,-2.2199449550134123,1
695c39e7ce90b13220852035,2025,2,3.232416644329939,3.2648078506808758,4.211625993356694,3,Information Technology,Software Engineer,0.6464833288659878,0.6529615701361752,0.8423251986713389,3.1825289318091152,0.04988771252082369,2.380211843100866,0.8845960075800097,2.125055187517562,2.0865708058391323,0
695c39e7ce90b13220852036,2023,0,4.125143688374077,2.9784643947891514,3.702728141251224,3,Information Technology,Tech Lead,0.8250287376748154,0.5956928789578303,0.7405456282502448,,,,,,,0
695c39e7ce90b13220852036,2024,1,4.510799318557652,3.6060665907674534,3.226768297829133,3,Information Technology,Tech Lead,0.9021598637115303,0.7212133181534907,0.6453536595658267,4.125143688374077,0.3856556301835745,2.9784643947891514,0.627602195978302,3.702728141251224,-0.47595984342209086,0
695c39e7ce90b13220852036,2025,2,2.960213595441205,2.629802274730887,3.1212542487889006,3,Information Technology,Tech Lead,0.592042719088241,0.5259604549461774,0.6242508497577801,4.510799318557652,-1.5505857231164466,3.6060665907674534,-0.9762643160365663,3.226768297829133,-0.10551404904023265,0
695c39e7ce90b13220852037,2023,0,4.216207876809877,3.6622659372706914,3.075703549833362,3,Administration,Assistant Manager,0.8432415753619754,0.7324531874541382,0.6151407099666724,,,,,,,0
695c39e7ce90b13220852037,2024,1,3.32333136373893,3.4449359702955342,4.214943115293919,3,Administration,Assistant Manager,0.664666272747786,0.6889871940591068,0.8429886230587839,4.216207876809877,-0.8928765130709468,3.6622659372706914,-0.21732996697515716,3.075703549833362,1.1392395654605574,1
695c39e7ce90b13220852037,2025,2,1.7461302561768361,1.0,1.3561787964541305,3,Administration,Assistant Manager,0.3492260512353672,0.2,0.2712357592908261,3.32333136373893,-1.577201107562094,3.4449359702955342,-2.4449359702955342,4.214943115293919,-2.8587643188397887,0
695c39e7ce90b13220852038,2023,0,3.139367517300734,3.318505680611594,4.108865491856083,3,Human Resources,Executive,0.6278735034601468,0.6637011361223187,0.8217730983712166,,,,,,,0
695c39e7ce90b13220852039,2023,0,4.1849676158709865,4.304114236604942,2.9912767516302554,3,Administration,Senior Manager,0.8369935231741973,0.8608228473209885,0.598255350326051,,,,,,,0
695c39e7ce90b13220852039,2024,1,3.2285732773131954,3.0480803854666667,2.6318547773505405,3,Administration,Senior Manager,0.6457146554626391,0.6096160770933333,0.5263709554701081,4.1849676158709865,-0.9563943385577911,4.304114236604942,-1.2560338511382754,2.9912767516302554,-0.3594219742797149,1
695c39e7ce90b13220852039,2025,2,1.0,1.8503534303505862,1.9270571806595502,3,Administration,Senior Manager,0.2,0.3700706860701172,0.38541143613191003,3.2285732773131954,-2.2285732773131954,3.0480803854666667,-1.1977269551160805,2.6318547773505405,-0.7047975966909903,0
695c39e7ce90b1322085203a,2023,0,3.228675980197898,2.9579182463921505,4.632373842906737,3,Administration,Executive,0.6457351960395796,0.5915836492784301,0.9264747685813474,,,,,,,0
695c39e7ce90b1322085203a,2024,1,2.4051836505661486,2.7754440980273496,3.6672847494400904,3,Administration,Executive,0.4810367301132297,0.55508881960547,0.7334569498880181,3.228675980197898,-0.8234923296317493,2.9579182463921505,-0.18247414836480091,4.632373842906737,-0.9650890934666463,0
695c39e7ce90b1322085203a,2025,2,3.708446479873724,3.5595767863502124,3.616576023012782,3,Administration,Executive,0.7416892959747449,0.7119153572700425,0.7233152046025564,2.4051836505661486,1.3032628293075756,2.7754440980273496,0.7841326883228628,3.6672847494400904,-0.05070872642730828,0
695c39e7ce90b1322085203b,2023,0,3.175938599016021,2.7526750512138847,2.412847303337377,3,Human Resources,Team Lead,0.6351877198032042,0.550535010242777,0.4825694606674754,,,,,,,0
695c39e7ce90b1322085203b,2024,1,1.5408502045159973,1.8940761820830843,1.9909130586179127,3,Human Resources,Team Lead,0.30817004090319944,0.37881523641661685,0.39818261172358255,3.175938599016021,-1.6350883945000239,2.7526750512138847,-0.8585988691308004,2.412847303337377,-0.4219342447194645,1
695c39e7ce90b1322085203b,2025,2,1.762530337474604,2.265264563148024,1.3177003937448426,3,Human Resources,Team Lead,0.3525060674949208,0.4530529126296048,0.2635400787489685,1.5408502045159973,0.22168013295860667,1.8940761820830843,0.3711883810649397,1.9909130586179127,-0.6732126648730701,0
695c39e7ce90b1322085203c,2023,0,4.037484501806564,3.6335342633799717,3.608069080328855,3,Administration,Senior Executive,0.8074969003613128,0.7267068526759943,0.721613816065771,,,,,,,0
695c39e7ce90b1322085203c,2024,1,2.7170437182323433,1.8445352040214336,2.8037858222973773,3,Administration,Senior Executive,0.5434087436464686,0.3689070408042867,0.5607571644594754,4.037484501806564,-1.3204407835742211,3.6335342633799717,-1.788999059358538,3.608069080328855,-0.8042832580314778,0
695c39e7ce90b1322085203c,2025,2,3.6445298696560178,5.0,3.239305729837095,3,Administration,Senior Executive,0.7289059739312036,1.0,0.6478611459674191,2.7170437182323433,0.9274861514236745,1.8445352040214336,3.1554647959785664,2.8037858222973773,0.4355199075397178,0
695c39e7ce90b1322085203d,2023,0,2.633176125065818,3.754771615548479,2.748792158680245,3,Administration,Executive,0.5266352250131636,0.7509543231096958,0.549758431736049,,,,,,,0
695c39e7ce90b1322085203d,2024,1,2.2767047507101728,2.6918555949764897,2.229742683709648,3,Administration,Executive,0.4553409501420346,0.538371118995298,0.4459485367419296,2.633176125065818,-0.35647137435564513,3.754771615548479,-1.0629160205719894,2.748792158680245,-0.519049474970597,1
695c39e7ce90b1322085203d,2025,2,4.310205086312477,4.098626957413381,3.3075059642209688,3,Administration,Executive,0.8620410172624954,0.8197253914826762,0.6615011928441937,2.2767047507101728,2.0335003356023043,2.6918555949764897,1.4067713624368912,2.229742683709648,1.0777632805113209,0
695c39e7ce90b1322085203e,2023,0,3.5642040103416543,2.8346358486863803,4.036964643721756,3,Information Technology,QA Lead,0.7128408020683309,0.5669271697372761,0.8073929287443512,,,,,,,0
695c39e7ce90b1322085203e,2024,1,4.440013433311875,4.243013695186311,4.4485584863682375,3,Information Technology,QA Lead,0.8880026866623749,0.8486027390372621,0.8897116972736475,3.5642040103416543,0.8758094229702205,2.8346358486863803,1.4083778464999304,4.036964643721756,0.41159384264648136,0
695c39e7ce90b1322085203e,2025,2,3.9388115101943604,4.21462464336549,4.432930932443778,3,Information Technology,QA Lead,0.7877623020388721,0.8429249286730981,0.8865861864887556,4.440013433311875,-0.5012019231175144,4.243013695186311,-0.0283890518208203,4.4485584863682375,-0.01562755392445947,0
695c39e7ce90b1322085203f,2023,0,3.02309818726557,1.105810905813808,2.642071238653566,3,Administration,Associate,0.604619637453114,0.2211621811627616,0.5284142477307132,,,,,,,1
695c39e7ce90b1322085203f,2024,1,3.2302497809097765,3.1360914003847946,3.1029933849434745,3,Administration,Associate,0.6460499561819553,0.6272182800769589,0.6205986769886949,3.02309818726557,0.20715159364420677,1.105810905813808,2.0302804945709867,2.642071238653566,0.4609221462899087,0
695c39e7ce90b13220852040,2023,0,1.031591294417371,2.005377933162186,1.6868643087645103,3,Human Resources,Senior Executive,0.20631825888347421,0.4010755866324372,0.33737286175290204,,,,,,,1
695c39e7ce90b13220852040,2024,1,4.042793100431117,2.782150380385935,3.7229136626330783,3,Human Resources,Senior Executive,0.8085586200862235,0.556430076077187,0.7445827325266157,1.031591294417371,3.011201806013746,2.005377933162186,0.7767724472237489,1.6868643087645103,2.036049353868568,0
695c39e7ce90b13220852041,2023,0,3.3253207406128436,3.359205223577197,3.412705893533607,3,Human Resources,Manager,0.6650641481225688,0.6718410447154394,0.6825411787067214,,,,,,,0
695c39e7ce90b13220852042,2023,0,2.7660772978893333,2.7305200866381947,3.487208695545083,3,Information Technology,Architect,0.5532154595778667,0.5461040173276389,0.6974417391090166,,,,,,,0
695c39e7ce90b13220852042,2024,1,1.9881225858349643,1.515806167322566,2.683727048209423,3,Information Technology,Architect,0.3976245171669929,0.3031612334645132,0.5367454096418846,2.7660772978893333,-0.7779547120543691,2.7305200866381947,-1.2147139193156287,3.487208695545083,-0.8034816473356603,1
695c39e7ce90b13220852042,2025,2,3.564337794497808,2.5466569860264485,3.577164644946512,3,Information Technology,Architect,0.7128675588995617,0.5093313972052897,0.7154329289893024,1.9881225858349643,1.5762152086628438,1.515806167322566,1.0308508187038825,2.683727048209423,0.8934375967370891,0
695c39e7ce90b13220852043,2023,0,1.5792314820588458,2.4001112036698657,1.5622206095667939,3,Human Resources,Assistant General Manager,0.31584629641176915,0.48002224073397315,0.3124441219133588,,,,,,,1
695c39e7ce90b13220852043,2024,1,3.821376469252599,2.8055041106298173,2.5784618835435467,3,Human Resources,Assistant General Manager,0.7642752938505197,0.5611008221259635,0.5156923767087094,1.5792314820588458,2.242144987193753,2.4001112036698657,0.40539290695995156,1.5622206095667939,1.0162412739767528,0
695c39e7ce90b13220852044,2023,0,3.1301705280022007,2.7031492789094216,3.078339523014176,3,Information Technology,Senior UI/UX Designer,0.6260341056004401,0.5406298557818843,0.6156679046028353,,,,,,,0
695c39e7ce90b13220852044,2024,1,3.7761577425897306,3.04119125382305,2.6416241770637576,3,Information Technology,Senior UI/UX Designer,0.7552315485179462,0.60823825076461,0.5283248354127515,3.1301705280022007,0.6459872145875298,2.7031492789094216,0.33804197491362853,3.078339523014176,-0.4367153459504185,0
695c39e7ce90b13220852044,2025,2,4.6078508548571255,5.0,4.905767655417356,3,Information Technology,Senior UI/UX Designer,0.9215701709714251,1.0,0.9811535310834711,3.7761577425897306,0.831693112267395,3.04119125382305,1.9588087461769499,2.6416241770637576,2.2641434783535983,0
695c39e7ce90b13220852045,2023,0,3.394219504970061,4.221319641929581,2.8139900869247976,3,Human Resources,General Manager,0.6788439009940122,0.8442639283859161,0.5627980173849595,,,,,,,0
695c39e7ce90b13220852045,2024,1,2.943283812030203,2.096242573312155,2.822612547327024,3,Human Resources,General Manager,0.5886567624060406,0.41924851466243096,0.5645225094654048,3.394219504970061,-0.4509356929398578,4.221319641929581,-2.125077068617426,2.8139900869247976,0.008622460402226473,0
695c39e7ce90b13220852045,2025,2,4.13777202373494,4.971003103955436,3.6858903017159457,3,Human Resources,General Manager,0.827554404746988,0.9942006207910872,0.7371780603431891,2.943283812030203,1.194488211704737,2.096242573312155,2.874760530643281,2.822612547327024,0.8632777543889216,0
695c39e7ce90b13220852046,2023,0,3.5964240377171004,2.1761017316952884,2.9046388365767117,3,Information Technology,Architect,0.7192848075434201,0.4352203463390577,0.5809277673153423,,,,,,,0
695c39e7ce90b13220852046,2024,1,2.688013077504687,1.6987744731716812,1.9989338623617638,3,Information Technology,Architect,0.5376026155009374,0.3397548946343362,0.3997867724723528,3.5964240377171004,-0.9084109602124135,2.1761017316952884,-0.47732725852360725,2.9046388365767117,-0.9057049742149479,0
695c39e7ce90b13220852046,2025,2,2.749275459296568,3.254657723666624,2.4064675842791408,3,Information Technology,Architect,0.5498550918593136,0.6509315447333248,0.48129351685582816,2.688013077504687,0.06126238179188093,1.6987744731716812,1.5558832504949427,1.9989338623617638,0.4075337219173769,0
695c39e7ce90b13220852047,2023,0,4.123363934060181,4.421537822488631,3.882385780320466,3,Human Resources,Executive,0.8246727868120362,0.8843075644977262,0.7764771560640933,,,,,,,0
695c39e7ce90b13220852047,2024,1,2.2342827972175208,3.4922105914007813,3.7864343739206414,3,Human Resources,Executive,0.44685655944350416,0.6984421182801562,0.7572868747841283,4.123363934060181,-1.8890811368426599,4.421537822488631,-0.9293272310878495,3.882385780320466,-0.0959514063998248,0
695c39e7ce90b13220852047,2025,2,3.979539711381827,3.644799244824271,4.768536507458205,3,Human Resources,Executive,0.7959079422763654,0.7289598489648542,0.9537073014916411,2.2342827972175208,1.7452569141643064,3.4922105914007813,0.1525886534234897,3.7864343739206414,0.9821021335375639,0
695c39e7ce90b13220852048,2023,0,2.526526645392225,2.2394627613310143,2.6671110714824406,3,Information Technology,Tech Lead,0.505305329078445,0.44789255226620284,0.5334222142964882,,,,,,,0
695c39e7ce90b13220852048,2024,1,1.3040789726805668,1.2946560229655226,3.699156578773968,3,Information Technology,Tech Lead,0.26081579453611337,0.25893120459310454,0.7398313157547937,2.526526645392225,-1.2224476727116582,2.2394627613310143,-0.9448067383654917,2.6671110714824406,1.0320455072915276,0
695c39e7ce90b13220852048,2025,2,2.3114532822216702,2.968567429330382,3.4325934382307652,3,Information Technology,Tech Lead,0.46229065644433404,0.5937134858660764,0.6865186876461531,1.3040789726805668,1.0073743095411034,1.2946560229655226,1.6739114063648595,3.699156578773968,-0.26656314054320296,0
695c39e7ce90b13220852049,2023,0,5.0,1.785578271803241,2.1449901213544873,3,Information Technology,UI/UX Designer,1.0,0.3571156543606482,0.42899802427089745,,,,,,,0
695c39e7ce90b13220852049,2024,1,4.878711131467433,2.979681871077429,2.3686971147404634,3,Information Technology,UI/UX Designer,0.9757422262934867,0.5959363742154858,0.4737394229480927,5.0,-0.1212888685325666,1.785578271803241,1.1941035992741882,2.1449901213544873,0.2237069933859761,1
695c39e7ce90b13220852049,2025,2,2.7817331344464358,1.364692217037172,2.0495028220009743,3,Information Technology,UI/UX Designer,0.5563466268892872,0.2729384434074344,0.40990056440019484,4.878711131467433,-2.0969779970209976,2.979681871077429,-1.614989654040257,2.3686971147404634,-0.31919429273948907,0
695c39e7ce90b1322085204a,2023,0,1.8894284595137094,1.5101865193402428,2.0702631441279022,3,Human Resources,General Manager,0.3778856919027419,0.30203730386804856,0.41405262882558047,,,,,,,1
695c39e7ce90b1322085204a,2024,1,3.3079879635912675,3.4482622282285322,2.394733385726056,3,Human Resources,General Manager,0.6615975927182535,0.6896524456457065,0.4789466771452112,1.8894284595137094,1.418559504077558,1.5101865193402428,1.9380757088882894,2.0702631441279022,0.32447024159815374,0
695c39e7ce90b1322085204b,2023,0,3.6582157209020094,3.0380639441620536,2.985319110459069,3,Human Resources,Assistant General Manager,0.7316431441804019,0.6076127888324108,0.5970638220918139,,,,,,,0
695c39e7ce90b1322085204b,2024,1,4.689191886129085,3.2580741006265095,2.862013542792937,3,Human Resources,Assistant General Manager,0.937838377225817,0.6516148201253019,0.5724027085585874,3.6582157209020094,1.0309761652270755,3.0380639441620536,0.22001015646445587,2.985319110459069,-0.1233055676661321,0
695c39e7ce90b1322085204b,2025,2,3.2787471753293156,3.401820053860087,3.538743234663313,3,Human Resources,Assistant General Manager,0.6557494350658631,0.6803640107720174,0.7077486469326626,4.689191886129085,-1.4104447107997693,3.2580741006265095,0.14374595323357742,2.862013542792937,0.676729691870376,0
695c39e7ce90b1322085204c,2023,0,3.796818017283072,2.665300443109751,4.34233946758646,3,Information Technology,Tech Lead,0.7593636034566144,0.5330600886219502,0.868467893517292,,,,,,,0
695c39e7ce90b1322085204d,2023,0,3.008028187738291,3.9819303751537474,3.365163698006487,3,Information Technology,Senior Software Engineer,0.6016056375476582,0.7963860750307494,0.6730327396012974,,,,,,,0
695c39e7ce90b1322085204e,2023,0,2.965542387770937,1.9322543659336555,3.294251853851479,3,Administration,Assistant Manager,0.5931084775541874,0.3864508731867311,0.6588503707702957,,,,,,,0
695c39e7ce90b1322085204e,2024,1,3.316832448675572,3.5011030595501804,3.5346876126970175,3,Administration,Assistant Manager,0.6633664897351144,0.700220611910036,0.7069375225394035,2.965542387770937,0.3512900609046352,1.9322543659336555,1.568848693616525,3.294251853851479,0.24043575884553858,0
695c39e7ce90b1322085204e,2025,2,2.7985311872989502,4.094694336020121,2.585785634323805,3,Administration,Assistant Manager,0.5597062374597901,0.8189388672040241,0.517157126864761,3.316832448675572,-0.5183012613766218,3.5011030595501804,0.5935912764699403,3.5346876126970175,-0.9489019783732124,0
695c39e7ce90b1322085204f,2023,0,2.339123495331325,3.66081494973544,3.3360229436781257,3,Administration,Assistant Manager,0.467824699066265,0.732162989947088,0.6672045887356252,,,,,,,0
695c39e7ce90b1322085204f,2024,1,2.7053608431983163,1.7239938131490233,2.6635178145748304,3,Administration,Assistant Manager,0.5410721686396632,0.3447987626298047,0.5327035629149661,2.339123495331325,0.36623734786699114,3.66081494973544,-1.9368211365864165,3.3360229436781257,-0.6725051291032953,1
695c39e7ce90b1322085204f,2025,2,4.230815688156766,4.07525545936193,4.125481855987846,3,Administration,Assistant Manager,0.8461631376313532,0.815051091872386,0.8250963711975692,2.7053608431983163,1.5254548449584497,1.7239938131490233,2.351261646212907,2.6635178145748304,1.4619640414130153,0
695c39e7ce90b13220852050,2023,0,2.9883706440056503,3.729413149640397,3.6726186439768087,3,Human Resources,Assistant Manager,0.59767412880113,0.7458826299280794,0.7345237287953618,,,,,,,0
695c39e7ce90b13220852050,2024,1,2.698445985894477,1.918253375428524,2.2811555972329636,3,Human Resources,Assistant Manager,0.5396891971788954,0.38365067508570483,0.4562311194465927,2.9883706440056503,-0.2899246581111732,3.729413149640397,-1.811159774211873,3.6726186439768087,-1.3914630467438451,0
695c39e7ce90b13220852050,2025,2,3.125578878935846,3.328992412172088,3.4129211524458487,3,Human Resources,Assistant Manager,0.6251157757871691,0.6657984824344176,0.6825842304891697,2.698445985894477,0.4271328930413687,1.918253375428524,1.410739036743564,2.2811555972329636,1.1317655552128851,0
695c39e7ce90b13220852051,2023,0,3.9816349745903885,2.5118077122624696,4.474654865243031,3,Administration,General Manager,0.7963269949180777,0.5023615424524939,0.8949309730486062,,,,,,,0
695c39e7ce90b13220852051,2024,1,4.153928681486092,3.552847320729339,3.336961331423015,3,Administration,General Manager,0.8307857362972184,0.7105694641458677,0.667392266284603,3.9816349745903885,0.17229370689570356,2.5118077122624696,1.0410396084668694,4.474654865243031,-1.1376935338200163,1
695c39e7ce90b13220852051,2025,2,1.1594291580326417,1.3805170675132095,1.0,3,Administration,General Manager,0.23188583160652834,0.2761034135026419,0.2,4.153928681486092,-2.9944995234534506,3.552847320729339,-2.1723302532161295,3.336961331423015,-2.336961331423015,0
695c39e7ce90b13220852052,2023,0,2.8394576782044796,3.0067503068210994,4.170814354157248,3,Administration,Assistant General Manager,0.5678915356408959,0.6013500613642199,0.8341628708314497,,,,,,,0
695c39e7ce90b13220852052,2024,1,2.1351658126110618,3.017536203891404,2.2573190604898197,3,Administration,Assistant General Manager,0.42703316252221235,0.6035072407782808,0.45146381209796393,2.8394576782044796,-0.7042918655934178,3.0067503068210994,0.010785897070304529,4.170814354157248,-1.9134952936674288,1
695c39e7ce90b13220852052,2025,2,2.464774742897559,2.7407721773717872,4.529139834283869,3,Administration,Assistant General Manager,0.4929549485795118,0.5481544354743575,0.9058279668567739,2.1351658126110618,0.32960893028649707,3.017536203891404,-0.27676402651961673,2.2573190604898197,2.2718207737940497,0
695c39e7ce90b13220852053,2023,0,3.652436592130295,3.4979924929087343,2.995717670785969,3,Administration,Manager,0.730487318426059,0.6995984985817468,0.5991435341571938,,,,,,,0
695c39e7ce90b13220852054,2023,0,3.9232763413148937,4.326961141178584,3.8541559533509964,3,Information Technology,UI/UX Lead,0.7846552682629787,0.8653922282357168,0.7708311906701992,,,,,,,0
695c39e7ce90b13220852054,2024,1,4.262433510916475,3.304687928862337,3.2208934970589858,3,Information Technology,UI/UX Lead,0.852486702183295,0.6609375857724674,0.6441786994117972,3.9232763413148937,0.3391571696015814,4.326961141178584,-1.022273212316247,3.8541559533509964,-0.6332624562920106,0
695c39e7ce90b13220852054,2025,2,3.9915318492042937,3.320604420828448,3.694400256456021,3,Information Technology,UI/UX Lead,0.7983063698408588,0.6641208841656896,0.7388800512912043,4.262433510916475,-0.27090166171218133,3.304687928862337,0.01591649196611078,3.2208934970589858,0.47350675939703546,0
695c39e7ce90b13220852055,2023,0,3.5735326707498523,2.598938090478074,3.936997361997078,3,Human Resources,Assistant Manager,0.7147065341499704,0.5197876180956148,0.7873994723994155,,,,,,,0
695c39e7ce90b13220852055,2024,1,2.3370679913622925,1.2275590969314938,3.0195363996312254,3,Human Resources,Assistant Manager,0.4674135982724585,0.24551181938629876,0.603907279926245,3.5735326707498523,-1.2364646793875598,2.598938090478074,-1.37137899354658,3.936997361997078,-0.9174609623658525,1
695c39e7ce90b13220852055,2025,2,2.6677939397530364,1.7673329454318927,2.597612585219943,3,Human Resources,Assistant Manager,0.5335587879506073,0.3534665890863785,0.5195225170439886,2.3370679913622925,0.3307259483907439,1.2275590969314938,0.5397738485003989,3.0195363996312254,-0.42192381441128246,0
695c39e7ce90b13220852056,2023,0,1.7337068055983575,1.7687638267787325,1.411186175050113,3,Administration,Senior Executive,0.3467413611196715,0.3537527653557465,0.28223723501002257,,,,,,,1
695c39e7ce90b13220852056,2024,1,2.7610429343084277,3.8266277118672813,4.54040161050016,3,Administration,Senior Executive,0.5522085868616855,0.7653255423734563,0.908080322100032,1.7337068055983575,1.0273361287100702,1.7687638267787325,2.057863885088549,1.411186175050113,3.129215435450047,0
695c39e7ce90b13220852057,2023,0,2.9098323301123106,2.2794163856981244,3.0698051794475143,3,Human Resources,Team Lead,0.5819664660224622,0.4558832771396249,0.6139610358895029,,,,,,,0
695c39e7ce90b13220852057,2024,1,3.306883317259643,3.149095217007824,3.688218453603082,3,Human Resources,Team Lead,0.6613766634519286,0.6298190434015648,0.7376436907206164,2.9098323301123106,0.39705098714733245,2.2794163856981244,0.8696788313096997,3.0698051794475143,0.6184132741555679,0
695c39e7ce90b13220852057,2025,2,3.401387298045979,3.2123040086629504,3.2379667172793294,3,Human Resources,Team Lead,0.6802774596091958,0.6424608017325901,0.6475933434558658,3.306883317259643,0.09450398078633615,3.149095217007824,0.06320879165512627,3.688218453603082,-0.4502517363237528,0
695c39e7ce90b13220852058,2023,0,3.2999782796506483,4.254905278830311,4.221057168566039,3,Information Technology,Associate UI/UX Designer,0.6599956559301297,0.8509810557660622,0.8442114337132078,,,,,,,0
695c39e7ce90b13220852059,2023,0,2.9962857145382684,2.7116051766743228,3.9187969626710757,3,Administration,Senior Manager,0.5992571429076536,0.5423210353348645,0.7837593925342151,,,,,,,0
695c39e7ce90b13220852059,2024,1,3.263250478883501,3.5239311588194506,3.2592689549884746,3,Administration,Senior Manager,0.6526500957767002,0.7047862317638901,0.6518537909976949,2.9962857145382684,0.26696476434523264,2.7116051766743228,0.8123259821451279,3.9187969626710757,-0.6595280076826011,0
695c39e7ce90b13220852059,2025,2,3.928266344528497,2.039992145795916,3.628459101910635,3,Administration,Senior Manager,0.7856532689056994,0.4079984291591832,0.725691820382127,3.263250478883501,0.665015865644996,3.5239311588194506,-1.4839390130235346,3.2592689549884746,0.36919014692216034,0
695c39e7ce90b1322085205a,2023,0,3.4823936597891256,1.2826295440016007,2.309084147728318,3,Human Resources,Associate,0.6964787319578252,0.2565259088003201,0.4618168295456636,,,,,,,0
695c39e7ce90b1322085205a,2024,1,2.6951479437509867,3.2356744384026856,3.80686153728855,3,Human Resources,Associate,0.5390295887501974,0.6471348876805372,0.76137230745771,3.4823936597891256,-0.787245716038139,1.2826295440016007,1.953044894401085,2.309084147728318,1.4977773895602322,0
695c39e7ce90b1322085205a,2025,2,2.536083657966921,4.807262000172102,2.6563256910209354,3,Human Resources,Associate,0.5072167315933842,0.9614524000344205,0.5312651382041871,2.6951479437509867,-0.15906428578406562,3.2356744384026856,1.5715875617694164,3.80686153728855,-1.1505358462676147,0
695c39e7ce90b1322085205b,2023,0,3.457285440347576,2.8855471330058777,2.7192487082444514,3,Administration,Assistant General Manager,0.6914570880695152,0.5771094266011756,0.5438497416488903,,,,,,,0
695c39e7ce90b1322085205b,2024,1,2.1572346385567194,4.007908227974546,4.345726531834471,3,Administration,Assistant General Manager,0.43144692771134385,0.8015816455949093,0.8691453063668941,3.457285440347576,-1.3000508017908565,2.8855471330058777,1.1223610949686686,2.7192487082444514,1.6264778235900192,0
695c39e7ce90b1322085205b,2025,2,1.6262340168045952,1.8074852066425273,3.639406534379726,3,Administration,Assistant General Manager,0.32524680336091905,0.36149704132850546,0.7278813068759452,2.1572346385567194,-0.5310006217521241,4.007908227974546,-2.200423021332019,4.345726531834471,-0.7063199974547447,0
695c39e7ce90b1322085205c,2023,0,2.7926638666586205,3.5492272271844465,4.464413852106733,3,Information Technology,QA Lead,0.5585327733317241,0.7098454454368893,0.8928827704213467,,,,,,,0
695c39e7ce90b1322085205c,2024,1,3.652115739951484,3.571827532795068,3.5825836618777975,3,Information Technology,QA Lead,0.7304231479902967,0.7143655065590135,0.7165167323755595,2.7926638666586205,0.8594518732928633,3.5492272271844465,0.02260030561062143,4.464413852106733,-0.8818301902289356,0
695c39e7ce90b1322085205c,2025,2,3.770893519689986,3.798976991529826,4.09050178359414,3,Information Technology,QA Lead,0.7541787039379972,0.7597953983059652,0.8181003567188281,3.652115739951484,0.11877777973850234,3.571827532795068,0.227149458734758,3.5825836618777975,0.5079181217163429,0
695c39e7ce90b1322085205d,2023,0,3.0562708583298295,2.467564358805664,3.0672725571854595,3,Information Technology,Associate UI/UX Designer,0.6112541716659659,0.49351287176113284,0.613454511437092,,,,,,,0
695c39e7ce90b1322085205e,2023,0,3.4725433204227145,2.049495785614445,2.5611715867102762,3,Human Resources,Assistant General Manager,0.6945086640845429,0.409899157122889,0.5122343173420553,,,,,,,0
695c39e7ce90b1322085205e,2024,1,1.1179563318586117,1.7588588878891043,1.0,3,Human Resources,Assistant General Manager,0.22359126637172233,0.35177177757782085,0.2,3.4725433204227145,-2.354586988564103,2.049495785614445,-0.2906368977253406,2.5611715867102762,-1.5611715867102762,1
695c39e7ce90b1322085205e,2025,2,2.010038358017084,3.8852080860002367,3.4677702776027104,3,Human Resources,Assistant General Manager,0.4020076716034168,0.7770416172000474,0.6935540555205421,1.1179563318586117,0.8920820261584725,1.7588588878891043,2.126349198111132,1.0,2.4677702776027104,0
695c39e7ce90b1322085205f,2023,0,2.436175894420336,1.0,2.3508070629461075,3,Information Technology,Administrator,0.4872351788840672,0.2,0.4701614125892215,,,,,,,0
695c39e7ce90b13220852060,2023,0,2.8185072898864614,3.9675124257073233,4.160012287141105,3,Human Resources,Assistant General Manager,0.5637014579772923,0.7935024851414647,0.832002457428221,,,,,,,0
695c39e7ce90b13220852060,2024,1,3.0848534199537294,3.3665658210969314,3.6235866939813395,3,Human Resources,Assistant General Manager,0.6169706839907458,0.6733131642193863,0.7247173387962679,2.8185072898864614,0.26634613006726804,3.9675124257073233,-0.600946604610392,4.160012287141105,-0.5364255931597652,1
695c39e7ce90b13220852060,2025,2,1.8221726705767896,2.859295105295994,2.2306318534990797,3,Human Resources,Assistant General Manager,0.3644345341153579,0.5718590210591988,0.4461263706998159,3.0848534199537294,-1.2626807493769399,3.3665658210969314,-0.5072707158009373,3.6235866939813395,-1.3929548404822598,0
695c39e7ce90b13220852061,2023,0,3.4883771601860123,3.363387794778963,2.544771166109176,3,Administration,Team Lead,0.6976754320372025,0.6726775589557926,0.5089542332218352,,,,,,,0
695c39e7ce90b13220852061,2024,1,2.833401536688991,3.061363120040691,3.9710029782411693,3,Administration,Team Lead,0.5666803073377982,0.6122726240081382,0.7942005956482339,3.4883771601860123,-0.6549756234970214,3.363387794778963,-0.30202467473827177,2.544771166109176,1.4262318121319932,0
695c39e7ce90b13220852061,2025,2,4.121219034598883,4.442934358672777,2.9572000992558802,3,Administration,Team Lead,0.8242438069197766,0.8885868717345554,0.591440019851176,2.833401536688991,1.287817497909892,3.061363120040691,1.3815712386320858,3.9710029782411693,-1.013802878985289,0
695c39e7ce90b13220852062,2023,0,3.6817354030259417,3.4067222350236186,2.3401246119165164,3,Human Resources,Assistant Manager,0.7363470806051884,0.6813444470047237,0.4680249223833033,,,,,,,1
695c39e7ce90b13220852062,2024,1,3.6456110710533784,2.570956543607757,3.6293383370429533,3,Human Resources,Assistant Manager,0.7291222142106757,0.5141913087215514,0.7258676674085907,3.6817354030259417,-0.03612433197256326,3.4067222350236186,-0.8357656914158618,2.3401246119165164,1.2892137251264368,0
695c39e7ce90b13220852063,2023,0,2.5342561980333804,3.1736447610977017,3.5172248593682136,3,Administration,Executive,0.5068512396066761,0.6347289522195403,0.7034449718736427,,,,,,,0
695c39e7ce90b13220852063,2024,1,3.5055309169209363,1.38225096110973,2.8949888390038327,3,Administration,Executive,0.7011061833841873,0.276450192221946,0.5789977678007665,2.5342561980333804,0.9712747188875559,3.1736447610977017,-1.7913937999879717,3.5172248593682136,-0.6222360203643809,0
695c39e7ce90b13220852063,2025,2,2.6886859990680745,3.7073539039634817,4.0808772039890435,3,Administration,Executive,0.5377371998136149,0.7414707807926963,0.8161754407978087,3.5055309169209363,-0.8168449178528618,1.38225096110973,2.3251029428537517,2.8949888390038327,1.1858883649852108,0
695c39e7ce90b13220852064,2023,0,3.5357365836099373,2.5049629161393114,2.3673608773986765,3,Administration,Senior Manager,0.7071473167219875,0.5009925832278623,0.4734721754797353,,,,,,,0
695c39e7ce90b13220852064,2024,1,1.3355277556035798,1.1602083064146078,1.4291598206047884,3,Administration,Senior Manager,0.267105551120716,0.23204166128292156,0.2858319641209577,3.5357365836099373,-2.2002088280063576,2.5049629161393114,-1.3447546097247036,2.3673608773986765,-0.9382010567938881,1
695c39e7ce90b13220852064,2025,2,4.475257417300307,2.667952846829621,3.054465649143766,3,Administration,Senior Manager,0.8950514834600615,0.5335905693659242,0.6108931298287532,1.3355277556035798,3.1397296616967276,1.1602083064146078,1.5077445404150134,1.4291598206047884,1.6253058285389774,0
695c39e7ce90b13220852065,2023,0,3.900307935591114,4.76801750212812,4.405671672733207,3,Administration,Associate,0.7800615871182228,0.953603500425624,0.8811343345466414,,,,,,,0
695c39e7ce90b13220852066,2023,0,1.9323827272168548,2.3692410582468035,2.461272362607388,3,Administration,Assistant Manager,0.38647654544337096,0.4738482116493607,0.4922544725214776,,,,,,,1
695c39e7ce90b13220852066,2024,1,2.978759498127915,2.6405202306282707,2.6546114466267126,3,Administration,Assistant Manager,0.5957518996255831,0.5281040461256541,0.5309222893253425,1.9323827272168548,1.0463767709110603,2.3692410582468035,0.27127917238146715,2.461272362607388,0.19333908401932476,0
695c39e7ce90b13220852067,2023,0,1.6451974955968567,2.228678483087358,2.436080074774101,3,Human Resources,Associate,0.32903949911937136,0.4457356966174716,0.48721601495482025,,,,,,,1
695c39e7ce90b13220852067,2024,1,2.7572557550857684,3.337896395124799,2.12073310703742,3,Human Resources,Associate,0.5514511510171537,0.6675792790249597,0.42414662140748394,1.6451974955968567,1.1120582594889117,2.228678483087358,1.1092179120374408,2.436080074774101,-0.31534696773668136,0
695c39e7ce90b13220852068,2023,0,1.9021469113665515,1.5334178430285257,2.0021901202394488,3,Administration,Team Lead,0.3804293822733103,0.3066835686057051,0.40043802404788975,,,,,,,1
695c39e7ce90b13220852068,2024,1,4.855548206311379,1.5101776713310608,2.2098736167865995,3,Administration,Team Lead,0.9711096412622758,0.30203553426621216,0.4419747233573199,1.9021469113665515,2.953401294944828,1.5334178430285257,-0.02324017169746484,2.0021901202394488,0.2076834965471508,0
695c39e7ce90b13220852069,2023,0,3.59183128105564,4.497668285877856,3.252401316257665,3,Information Technology,QA Lead,0.718366256211128,0.8995336571755711,0.650480263251533,,,,,,,0
695c39e7ce90b13220852069,2024,1,2.0476458770926143,1.2074833111401904,2.4308645776089444,3,Information Technology,QA Lead,0.40952917541852285,0.24149666222803806,0.4861729155217889,3.59183128105564,-1.5441854039630258,4.497668285877856,-3.2901849747376652,3.252401316257665,-0.8215367386487205,1
695c39e7ce90b13220852069,2025,2,3.0203569378212456,3.0827839451614163,3.918613445995372,3,Information Technology,QA Lead,0.6040713875642492,0.6165567890322833,0.7837226891990744,2.0476458770926143,0.9727110607286313,1.2074833111401904,1.875300634021226,2.4308645776089444,1.4877488683864275,0
695c39e7ce90b1322085206a,2023,0,3.0368694710920763,4.06918897971649,4.078371104554178,3,Information Technology,Associate QA Engineer,0.6073738942184153,0.813837795943298,0.8156742209108356,,,,,,,0
695c39e7ce90b1322085206a,2024,1,1.7618464973158048,2.8137333942424148,2.506295489524962,3,Information Technology,Associate QA Engineer,0.352369299463161,0.562746678848483,0.5012590979049925,3.0368694710920763,-1.2750229737762715,4.06918897971649,-1.255455585474075,4.078371104554178,-1.5720756150292163,1
695c39e7ce90b1322085206a,2025,2,3.0574834497987764,4.371567292520356,3.811544360923423,3,Information Technology,Associate QA Engineer,0.6114966899597553,0.8743134585040713,0.7623088721846847,1.7618464973158048,1.2956369524829716,2.8137333942424148,1.5578338982779414,2.506295489524962,1.3052488713984611,0
695c39e7ce90b1322085206b,2023,0,2.950735293251828,2.781482995751066,2.9557814625343393,3,Administration,Executive,0.5901470586503657,0.5562965991502132,0.5911562925068679,,,,,,,0
695c39e7ce90b1322085206b,2024,1,3.32250599791438,2.570727370931836,1.5754987963595333,3,Administration,Executive,0.664501199582876,0.5141454741863672,0.31509975927190664,2.950735293251828,0.371770704662552,2.781482995751066,-0.21075562481922994,2.9557814625343393,-1.380282666174806,0
695c39e7ce90b1322085206b,2025,2,2.7043330051978436,2.9088606620389945,3.893524286512182,3,Administration,Executive,0.5408666010395687,0.5817721324077989,0.7787048573024364,3.32250599791438,-0.6181729927165365,2.570727370931836,0.3381332911071584,1.5754987963595333,2.3180254901526487,0
695c39e7ce90b1322085206c,2023,0,3.0083422984300667,3.2333304494334563,3.047502876277986,3,Human Resources,Manager,0.6016684596860133,0.6466660898866913,0.6095005752555972,,,,,,,0
695c39e7ce90b1322085206c,2024,1,3.1386646826519664,2.6198891976520815,3.124922100264671,3,Human Resources,Manager,0.6277329365303933,0.5239778395304163,0.6249844200529342,3.0083422984300667,0.13032238422189968,3.2333304494334563,-0.6134412517813748,3.047502876277986,0.0774192239866851,0
695c39e7ce90b1322085206c,2025,2,1.3056365138234038,2.3985018791609987,2.280688235497557,3,Human Resources,Manager,0.26112730276468077,0.4797003758321997,0.45613764709951143,3.1386646826519664,-1.8330281688285626,2.6198891976520815,-0.22138731849108284,3.124922100264671,-0.8442338647671139,0
695c39e7ce90b1322085206d,2023,0,3.4130727934635696,3.419857800495021,3.334351135939002,3,Administration,Senior Manager,0.6826145586927139,0.6839715600990042,0.6668702271878004,,,,,,,0
695c39e7ce90b1322085206d,2024,1,1.7471552639297379,1.5591139364300188,2.556785017040895,3,Administration,Senior Manager,0.34943105278594755,0.31182278728600377,0.511357003408179,3.4130727934635696,-1.6659175295338318,3.419857800495021,-1.860743864065002,3.334351135939002,-0.7775661188981071,0
695c39e7ce90b1322085206d,2025,2,2.8708735217243078,3.848491643285066,2.194195407999242,3,Administration,Senior Manager,0.5741747043448615,0.7696983286570133,0.4388390815998484,1.7471552639297379,1.12371825779457,1.5591139364300188,2.2893777068550474,2.556785017040895,-0.36258960904165294,0
695c39e7ce90b1322085206e,2023,0,2.7463941070765565,3.439569799671601,3.624727009267848,3,Information Technology,UI/UX Designer,0.5492788214153113,0.6879139599343203,0.7249454018535696,,,,,,,0
695c39e7ce90b1322085206e,2024,1,2.829883345570036,3.5749745963426407,2.44274435748238,3,Information Technology,UI/UX Designer,0.5659766691140071,0.7149949192685281,0.48854887149647597,2.7463941070765565,0.08348923849347933,3.439569799671601,0.13540479667103966,3.624727009267848,-1.181982651785468,0
695c39e7ce90b1322085206e,2025,2,3.050537579604914,3.2077078003959665,3.0734133467568356,3,Information Technology,UI/UX Designer,0.6101075159209828,0.6415415600791933,0.6146826693513672,2.829883345570036,0.22065423403487827,3.5749745963426407,-0.3672667959466742,2.44274435748238,0.6306689892744557,0
695c39e7ce90b1322085206f,2023,0,4.176452602258117,3.4026946922027066,3.3048899195635797,3,Administration,Associate,0.8352905204516234,0.6805389384405414,0.6609779839127159,,,,,,,0
695c39e7ce90b13220852070,2023,0,2.9129091873336526,3.235787634914037,4.356387802989951,3,Information Technology,Senior UI/UX Designer,0.5825818374667305,0.6471575269828074,0.8712775605979901,,,,,,,0
695c39e7ce90b13220852070,2024,1,3.123140115241318,4.1690520691441995,2.7923275440593454,3,Information Technology,Senior UI/UX Designer,0.6246280230482636,0.8338104138288399,0.5584655088118691,2.9129091873336526,0.2102309279076655,3.235787634914037,0.9332644342301624,4.356387802989951,-1.5640602589306054,0
695c39e7ce90b13220852070,2025,2,2.4020680249470505,2.6877716142426618,2.5161127314564906,3,Information Technology,Senior UI/UX Designer,0.4804136049894101,0.5375543228485323,0.5032225462912981,3.123140115241318,-0.7210720902942676,4.1690520691441995,-1.4812804549015377,2.7923275440593454,-0.27621481260285474,0
695c39e7ce90b13220852071,2023,0,3.973508434407997,4.376801387574477,4.508680916946038,3,Administration,Senior Manager,0.7947016868815994,0.8753602775148954,0.9017361833892077,,,,,,,0
695c39e7ce90b13220852071,2024,1,4.45759687415238,3.7496318580786068,3.171512767455412,3,Administration,Senior Manager,0.891519374830476,0.7499263716157214,0.6343025534910824,3.973508434407997,0.4840884397443834,4.376801387574477,-0.6271695294958701,4.508680916946038,-1.3371681494906262,0
695c39e7ce90b13220852071,2025,2,2.679320363275151,3.2857676068850967,4.590635619957548,3,Administration,Senior Manager,0.5358640726550302,0.6571535213770193,0.9181271239915096,4.45759687415238,-1.7782765108772294,3.7496318580786068,-0.46386425119351005,3.171512767455412,1.4191228525021362,0
695c39e7ce90b13220852072,2023,0,3.5485420068605333,3.963786285595513,3.7074290590712877,3,Administration,Associate,0.7097084013721067,0.7927572571191026,0.7414858118142575,,,,,,,0
695c39e7ce90b13220852072,2024,1,1.761275565415172,2.636829586978689,4.354500457885477,3,Administration,Associate,0.35225511308303437,0.5273659173957378,0.8709000915770954,3.5485420068605333,-1.7872664414453614,3.963786285595513,-1.326956698616824,3.7074290590712877,0.6470713988141892,0
695c39e7ce90b13220852072,2025,2,2.262182051317562,2.0846705327819595,3.006205867195204,3,Administration,Associate,0.4524364102635124,0.4169341065563919,0.6012411734390408,1.761275565415172,0.50090648590239,2.636829586978689,-0.5521590541967294,4.354500457885477,-1.3482945906902728,0
695c39e7ce90b13220852073,2023,0,3.2892221516622366,3.34804947035935,4.204367685545701,3,Administration,Assistant General Manager,0.6578444303324473,0.66960989407187,0.8408735371091401,,,,,,,0
695c39e7ce90b13220852073,2024,1,4.244200485727318,2.9147474972043232,2.4853610681306306,3,Administration,Assistant General Manager,0.8488400971454636,0.5829494994408646,0.49707221362612614,3.2892221516622366,0.9549783340650815,3.34804947035935,-0.43330197315502694,4.204367685545701,-1.71900661741507,0
695c39e7ce90b13220852073,2025,2,3.445958622550348,3.555805857075899,5.0,3,Administration,Assistant General Manager,0.6891917245100696,0.7111611714151798,1.0,4.244200485727318,-0.7982418631769703,2.9147474972043232,0.6410583598715758,2.4853610681306306,2.5146389318693694,0
695c39e7ce90b13220852074,2023,0,4.744851192515764,5.0,5.0,3,Administration,Executive,0.9489702385031528,1.0,1.0,,,,,,,0
695c39e7ce90b13220852074,2024,1,3.069793407234176,3.002398556888391,4.048063722400189,3,Administration,Executive,0.6139586814468352,0.6004797113776782,0.8096127444800378,4.744851192515764,-1.675057785281588,5.0,-1.9976014431116091,5.0,-0.9519362775998106,0
695c39e7ce90b13220852074,2025,2,4.112540613494814,5.0,3.8839771752436354,3,Administration,Executive,0.8225081226989628,1.0,0.7767954350487271,3.069793407234176,1.0427472062606382,3.002398556888391,1.9976014431116091,4.048063722400189,-0.16408654715655402,0
695c39e7ce90b13220852075,2023,0,4.002200993331853,2.760760132983775,4.111703426777564,3,Information Technology,Architect,0.8004401986663707,0.552152026596755,0.8223406853555127,,,,,,,0
695c39e7ce90b13220852076,2023,0,2.92328690445526,3.4433403489551537,2.3094722556892537,3,Administration,Manager,0.584657380891052,0.6886680697910308,0.46189445113785077,,,,,,,0
695c39e7ce90b13220852076,2024,1,1.4152363024342742,3.829897207000614,4.283984514103114,3,Administration,Manager,0.28304726048685486,0.7659794414001228,0.8567969028206228,2.92328690445526,-1.5080506020209858,3.4433403489551537,0.38655685804546014,2.3094722556892537,1.9745122584138604,0
695c39e7ce90b13220852076,2025,2,2.1254779687250696,2.1904810371738925,2.9470826740477034,3,Administration,Manager,0.42509559374501393,0.4380962074347785,0.5894165348095407,1.4152363024342742,0.7102416662907953,3.829897207000614,-1.6394161698267213,4.283984514103114,-1.3369018400554107,0
695c39e7ce90b13220852077,2023,0,2.9047980909777844,3.1111364036614324,3.859470724031367,3,Human Resources,Team Lead,0.5809596181955569,0.6222272807322865,0.7718941448062734,,,,,,,0
695c39e7ce90b13220852078,2023,0,4.109439432275472,1.9269075201255275,3.199825273419286,3,Administration,Assistant General Manager,0.8218878864550945,0.3853815040251055,0.6399650546838572,,,,,,,0
695c39e7ce90b13220852078,2024,1,4.612776286550907,4.548403684962443,2.7965601648144376,3,Administration,Assistant General Manager,0.9225552573101814,0.9096807369924885,0.5593120329628876,4.109439432275472,0.5033368542754344,1.9269075201255275,2.6214961648369153,3.199825273419286,-0.40326510860484843,0
695c39e7ce90b13220852078,2025,2,4.231080845520776,4.2339267306944475,4.466099953423952,3,Administration,Assistant General Manager,0.8462161691041551,0.8467853461388894,0.8932199906847904,4.612776286550907,-0.3816954410301312,4.548403684962443,-0.31447695426799527,2.7965601648144376,1.6695397886095145,0
695c39e7ce90b13220852079,2023,0,3.0999676355791976,3.170373851357638,3.1149321057275747,3,Information Technology,QA Engineer,0.6199935271158395,0.6340747702715276,0.622986421145515,,,,,,,1
695c39e7ce90b13220852079,2024,1,4.058742163560356,3.1713101420681364,3.3714296637256274,3,Information Technology,QA Engineer,0.8117484327120712,0.6342620284136273,0.6742859327451255,3.0999676355791976,0.9587745279811584,3.170373851357638,0.0009362907104986107,3.1149321057275747,0.2564975579980526,0
695c39e7ce90b1322085207a,2023,0,1.007018792850611,1.7160821434612172,1.859602419820451,3,Information Technology,Project Manager,0.2014037585701222,0.34321642869224345,0.3719204839640902,,,,,,,1
695c39e7ce90b1322085207a,2024,1,3.1482907690056376,2.9223660099626265,4.606592845530534,3,Information Technology,Project Manager,0.6296581538011276,0.5844732019925253,0.9213185691061068,1.007018792850611,2.1412719761550267,1.7160821434612172,1.2062838665014093,1.859602419820451,2.7469904257100826,0
695c39e7ce90b1322085207b,2023,0,2.3189524093662404,1.7314663699953434,2.7624703447137775,3,Administration,Assistant Manager,0.46379048187324806,0.3462932739990687,0.5524940689427555,,,,,,,1
695c39e7ce90b1322085207b,2024,1,1.2864885020880656,2.673703077404451,2.8354275486701086,3,Administration,Assistant Manager,0.25729770041761313,0.5347406154808902,0.5670855097340217,2.3189524093662404,-1.0324639072781747,1.7314663699953434,0.9422367074091076,2.7624703447137775,0.0729572039563311,0
695c39e7ce90b1322085207c,2023,0,3.237799576598259,2.6452196587091463,2.4158770762174684,3,Human Resources,Senior Executive,0.6475599153196517,0.5290439317418293,0.48317541524349367,,,,,,,1
695c39e7ce90b1322085207c,2024,1,1.8239372979300577,1.957995622229108,1.7245825852386016,3,Human Resources,Senior Executive,0.36478745958601155,0.39159912444582157,0.3449165170477203,3.237799576598259,-1.4138622786682011,2.6452196587091463,-0.6872240364800384,2.4158770762174684,-0.6912944909788667,0
695c39e7ce90b1322085207d,2023,0,4.1947230548496615,3.7039851922116727,4.221715859880119,3,Human Resources,Senior Executive,0.8389446109699323,0.7407970384423346,0.8443431719760237,,,,,,,0
695c39e7ce90b1322085207d,2024,1,3.845950947190677,4.0628801425265,3.484677013536157,3,Human Resources,Senior Executive,0.7691901894381354,0.8125760285053,0.6969354027072314,4.1947230548496615,-0.34877210765898425,3.7039851922116727,0.3588949503148271,4.221715859880119,-0.7370388463439617,0
695c39e7ce90b1322085207d,2025,2,2.70130979634406,4.5686993836080125,4.433840797679659,3,Human Resources,Senior Executive,0.540261959268812,0.9137398767216025,0.8867681595359318,3.845950947190677,-1.144641150846617,4.0628801425265,0.5058192410815128,3.484677013536157,0.9491637841435021,0
695c39e7ce90b1322085207e,2023,0,3.26328720866261,2.430984594499378,1.8647103498916684,3,Information Technology,UI/UX Designer,0.6526574417325219,0.48619691889987565,0.3729420699783337,,,,,,,0
695c39e7ce90b1322085207e,2024,1,2.4752676606177566,1.84719924573331,2.199489353677035,3,Information Technology,UI/UX Designer,0.4950535321235513,0.369439849146662,0.439897870735407,3.26328720866261,-0.7880195480448533,2.430984594499378,-0.5837853487660682,1.8647103498916684,0.3347790037853666,0
695c39e7ce90b1322085207e,2025,2,2.955143947121654,3.132708681718859,2.8827145463138932,3,Information Technology,UI/UX Designer,0.5910287894243308,0.6265417363437719,0.5765429092627786,2.4752676606177566,0.47987628650389746,1.84719924573331,1.2855094359855492,2.199489353677035,0.6832251926368582,0
695c39e7ce90b1322085207f,2023,0,2.6808700156305365,1.926325683746461,1.979246430561874,3,Human Resources,Assistant General Manager,0.5361740031261073,0.3852651367492922,0.3958492861123748,,,,,,,0
695c39e7ce90b13220852080,2023,0,2.976132476209183,2.8338762579699748,3.7704486972557447,3,Administration,Team Lead,0.5952264952418366,0.566775251593995,0.754089739451149,,,,,,,0
695c39e7ce90b13220852081,2023,0,3.469567087305899,1.9089271329346778,2.3468899704905395,3,Human Resources,Assistant Manager,0.6939134174611798,0.38178542658693554,0.4693779940981079,,,,,,,0
695c39e7ce90b13220852081,2024,1,3.807427337484903,2.857193287277787,2.59414572196707,3,Human Resources,Assistant Manager,0.7614854674969805,0.5714386574555574,0.518829144393414,3.469567087305899,0.3378602501790038,1.9089271329346778,0.9482661543431092,2.3468899704905395,0.24725575147653034,1
695c39e7ce90b13220852081,2025,2,2.317344677031179,3.0437685299429127,2.147770873582461,3,Human Resources,Assistant Manager,0.4634689354062358,0.6087537059885826,0.4295541747164922,3.807427337484903,-1.4900826604537238,2.857193287277787,0.1865752426651257,2.59414572196707,-0.44637484838460884,0
695c39e7ce90b13220852082,2023,0,3.7693387338531457,3.0430066799326574,2.2529541368738584,3,Administration,Senior Executive,0.7538677467706292,0.6086013359865314,0.4505908273747717,,,,,,,0
695c39e7ce90b13220852082,2024,1,3.9740235749579718,2.5745931608864305,4.368533084857057,3,Administration,Senior Executive,0.7948047149915943,0.5149186321772861,0.8737066169714114,3.7693387338531457,0.2046848411048261,3.0430066799326574,-0.46841351904622686,2.2529541368738584,2.1155789479831983,1
695c39e7ce90b13220852082,2025,2,2.0972315517370475,2.4636533184501777,2.4976239974274117,3,Administration,Senior Executive,0.4194463103474095,0.49273066369003554,0.49952479948548234,3.9740235749579718,-1.8767920232209243,2.5745931608864305,-0.11093984243625288,4.368533084857057,-1.870909087429645,0
695c39e7ce90b13220852083,2023,0,4.261480332508527,3.131144534104564,2.9077342232118673,3,Human Resources,Senior Manager,0.8522960665017054,0.6262289068209128,0.5815468446423735,,,,,,,0
695c39e7ce90b13220852083,2024,1,3.3166836967118725,4.5751130813085386,3.8151045465117153,3,Human Resources,Senior Manager,0.6633367393423745,0.9150226162617077,0.763020909302343,4.261480332508527,-0.9447966357966546,3.131144534104564,1.4439685472039745,2.9077342232118673,0.907370323299848,0
695c39e7ce90b13220852083,2025,2,4.223914708856492,3.944032751979159,3.1596052165443576,3,Human Resources,Senior Manager,0.8447829417712984,0.7888065503958318,0.6319210433088716,3.3166836967118725,0.9072310121446199,4.5751130813085386,-0.6310803293293796,3.8151045465117153,-0.6554993299673577,0
695c39e7ce90b13220852084,2023,0,4.376402289380449,4.102011851537645,4.514096438190823,3,Information Technology,QA Lead,0.8752804578760898,0.8204023703075289,0.9028192876381645,,,,,,,0
695c39e7ce90b13220852085,2023,0,2.475513253415526,3.226330632893151,2.517397415549221,3,Information Technology,QA Engineer,0.4951026506831052,0.6452661265786303,0.5034794831098443,,,,,,,0
695c39e7ce90b13220852085,2024,1,3.042254838012988,3.381988326354562,2.1892114536901772,3,Information Technology,QA Engineer,0.6084509676025976,0.6763976652709124,0.43784229073803543,2.475513253415526,0.5667415845974619,3.226330632893151,0.15565769346141067,2.517397415549221,-0.3281859618590439,0
695c39e7ce90b13220852085,2025,2,3.0360538851161727,2.774991254505365,2.8271592583051444,3,Information Technology,QA Engineer,0.6072107770232346,0.554998250901073,0.5654318516610288,3.042254838012988,-0.006200952896815437,3.381988326354562,-0.6069970718491966,2.1892114536901772,0.6379478046149671,0
695c39e7ce90b13220852086,2023,0,3.7387710393565166,3.305955570900216,3.589396990827238,3,Information Technology,Software Engineer,0.7477542078713033,0.6611911141800432,0.7178793981654475,,,,,,,0
695c39e7ce90b13220852086,2024,1,1.7411279514285036,1.8839932693675454,2.474635286350198,3,Information Technology,Software Engineer,0.3482255902857007,0.3767986538735091,0.4949270572700396,3.7387710393565166,-1.997643087928013,3.305955570900216,-1.4219623015326706,3.589396990827238,-1.11476170447704,1
695c39e7ce90b13220852086,2025,2,1.635040926897977,1.0536601522421458,1.5171647547972085,3,Information Technology,Software Engineer,0.3270081853795954,0.21073203044842917,0.30343295095944167,1.7411279514285036,-0.10608702453052654,1.8839932693675454,-0.8303331171253996,2.474635286350198,-0.9574705315529894,0
695c39e7ce90b13220852087,2023,0,2.6655054195180026,2.6092330086893862,3.1278247735995106,3,Human Resources,Executive,0.5331010839036006,0.5218466017378772,0.6255649547199021,,,,,,,0
695c39e7ce90b13220852087,2024,1,3.7254465489162314,3.857920440482821,3.420623410397393,3,Human Resources,Executive,0.7450893097832463,0.7715840880965642,0.6841246820794786,2.6655054195180026,1.0599411293982288,2.6092330086893862,1.2486874317934347,3.1278247735995106,0.2927986367978823,0
695c39e7ce90b13220852087,2025,2,4.5448046317039905,4.149750534096785,4.94373545272969,3,Human Resources,Executive,0.9089609263407981,0.8299501068193569,0.9887470905459381,3.7254465489162314,0.8193580827877591,3.857920440482821,0.2918300936139637,3.420623410397393,1.5231120423322975,0
695c39e7ce90b13220852088,2023,0,2.1942996436522013,2.2045830812563807,1.8293452943595359,3,Administration,Manager,0.4388599287304403,0.44091661625127615,0.3658690588719072,,,,,,,0
695c39e7ce90b13220852089,2023,0,4.387632326726749,3.8554181711064297,3.783207205737753,3,Administration,Manager,0.8775264653453497,0.7710836342212859,0.7566414411475506,,,,,,,0
695c39e7ce90b13220852089,2024,1,2.439756753916379,3.1013104896375046,4.247378452661642,3,Administration,Manager,0.48795135078327584,0.6202620979275009,0.8494756905323284,4.387632326726749,-1.9478755728103696,3.8554181711064297,-0.7541076814689252,3.783207205737753,0.4641712469238888,0
695c39e7ce90b13220852089,2025,2,3.4567876370080897,2.5564242955949306,3.1139259600032267,3,Administration,Manager,0.6913575274016179,0.5112848591189861,0.6227851920006453,2.439756753916379,1.0170308830917105,3.1013104896375046,-0.544886194042574,4.247378452661642,-1.133452492658415,0
695c39e7ce90b1322085208a,2023,0,3.5231565233590816,4.068742648894777,4.227969836890659,3,Human Resources,Manager,0.7046313046718163,0.8137485297789555,0.8455939673781318,,,,,,,0
695c39e7ce90b1322085208a,2024,1,2.9934557872971825,3.916926490524236,3.7493750955998917,3,Human Resources,Manager,0.5986911574594365,0.7833852981048472,0.7498750191199783,3.5231565233590816,-0.529700736061899,4.068742648894777,-0.1518161583705413,4.227969836890659,-0.4785947412907672,0
695c39e7ce90b1322085208a,2025,2,3.919916339624734,3.7344969078624217,4.049021429600497,3,Human Resources,Manager,0.7839832679249468,0.7468993815724844,0.8098042859200995,2.9934557872971825,0.9264605523275513,3.916926490524236,-0.1824295826618143,3.7493750955998917,0.2996463340006055,0
695c39e7ce90b1322085208b,2023,0,3.4707346854705077,3.388251902681711,1.9844064177776104,3,Administration,General Manager,0.6941469370941016,0.6776503805363422,0.3968812835555221,,,,,,,0
695c39e7ce90b1322085208b,2024,1,4.140959556792625,3.8296152198668723,3.139582929705286,3,Administration,General Manager,0.828191911358525,0.7659230439733744,0.6279165859410571,3.4707346854705077,0.6702248713221173,3.388251902681711,0.4413633171851612,1.9844064177776104,1.1551765119276756,0
695c39e7ce90b1322085208b,2025,2,3.968438370673746,2.058484439950634,3.021018666368124,3,Administration,General Manager,0.7936876741347492,0.4116968879901268,0.6042037332736248,4.140959556792625,-0.17252118611887912,3.8296152198668723,-1.7711307799162381,3.139582929705286,-0.11856426333716197,0
695c39e7ce90b1322085208c,2023,0,2.416650426306421,2.3118421853191675,3.192446360707608,3,Human Resources,Assistant General Manager,0.4833300852612842,0.4623684370638335,0.6384892721415216,,,,,,,0
695c39e7ce90b1322085208c,2024,1,1.365795172797445,1.4885333197765136,1.9117099360803234,3,Human Resources,Assistant General Manager,0.273159034559489,0.2977066639553027,0.38234198721606466,2.416650426306421,-1.0508552535089761,2.3118421853191675,-0.8233088655426539,3.192446360707608,-1.2807364246272848,1
695c39e7ce90b1322085208c,2025,2,2.207801481276086,2.2562741187943853,3.45388469143444,3,Human Resources,Assistant General Manager,0.4415602962552172,0.45125482375887704,0.690776938286888,1.365795172797445,0.8420063084786411,1.4885333197765136,0.7677407990178717,1.9117099360803234,1.5421747553541165,0
695c39e7ce90b1322085208d,2023,0,2.7559309635755467,3.5786818229407182,2.5880819122338616,3,Human Resources,Assistant Manager,0.5511861927151094,0.7157363645881436,0.5176163824467723,,,,,,,1
695c39e7ce90b1322085208d,2024,1,3.5539957359749197,2.7462893258033043,4.55242355640436,3,Human Resources,Assistant Manager,0.7107991471949839,0.5492578651606609,0.910484711280872,2.7559309635755467,0.798064772399373,3.5786818229407182,-0.8323924971374139,2.5880819122338616,1.9643416441704984,0
695c39e7ce90b1322085208e,2023,0,2.5482607557393613,2.534627384831395,3.755572516707752,3,Human Resources,Associate,0.5096521511478722,0.506925476966279,0.7511145033415504,,,,,,,0
695c39e7ce90b1322085208e,2024,1,3.0547057314217887,2.64317257115397,3.216015731656082,3,Human Resources,Associate,0.6109411462843577,0.528634514230794,0.6432031463312164,2.5482607557393613,0.5064449756824274,2.534627384831395,0.10854518632257504,3.755572516707752,-0.53955678505167,0
695c39e7ce90b1322085208e,2025,2,2.5259859881592948,2.608921008924866,3.357872080466161,3,Human Resources,Associate,0.505197197631859,0.5217842017849732,0.6715744160932322,3.0547057314217887,-0.5287197432624939,2.64317257115397,-0.034251562229104415,3.216015731656082,0.1418563488100788,0
695c39e7ce90b1322085208f,2023,0,2.7006488801719555,3.3998242607246745,3.4749993021257923,3,Human Resources,Manager,0.540129776034391,0.6799648521449349,0.6949998604251585,,,,,,,0
695c39e7ce90b1322085208f,2024,1,2.795966789439516,4.152649407652237,3.950621830905205,3,Human Resources,Manager,0.5591933578879031,0.8305298815304474,0.790124366181041,2.7006488801719555,0.09531790926756045,3.3998242607246745,0.7528251469275622,3.4749993021257923,0.4756225287794127,1
695c39e7ce90b1322085208f,2025,2,2.250000614893433,2.196938962661778,2.4492510368058964,3,Human Resources,Manager,0.45000012297868663,0.4393877925323556,0.4898502073611793,2.795966789439516,-0.5459661745460829,4.152649407652237,-1.9557104449904585,3.950621830905205,-1.5013707940993086,0
695c39e7ce90b13220852090,2023,0,2.8077204340162534,3.254968489386713,2.6044850786844957,3,Human Resources,Team Lead,0.5615440868032506,0.6509936978773425,0.5208970157368992,,,,,,,0
695c39e7ce90b13220852090,2024,1,1.7230827336962315,1.3734542023873872,1.6979868158285443,3,Human Resources,Team Lead,0.3446165467392463,0.27469084047747744,0.3395973631657089,2.8077204340162534,-1.0846377003200218,3.254968489386713,-1.8815142869993255,2.6044850786844957,-0.9064982628559515,1
695c39e7ce90b13220852090,2025,2,2.2984248004903693,3.258187580859719,3.0233508569150627,3,Human Resources,Team Lead,0.45968496009807386,0.6516375161719438,0.6046701713830125,1.7230827336962315,0.5753420667941378,1.3734542023873872,1.8847333784723317,1.6979868158285443,1.3253640410865184,0
695c39e7ce90b13220852091,2023,0,3.4954729078069446,2.9272344652847777,3.8426562802449507,3,Human Resources,Senior Manager,0.6990945815613889,0.5854468930569555,0.7685312560489901,,,,,,,0
695c39e7ce90b13220852091,2024,1,2.4076214355242684,3.007711597183983,1.972952142627343,3,Human Resources,Senior Manager,0.4815242871048537,0.6015423194367966,0.3945904285254686,3.4954729078069446,-1.0878514722826762,2.9272344652847777,0.08047713189920547,3.8426562802449507,-1.8697041376176076,1
695c39e7ce90b13220852091,2025,2,2.428571931300538,3.2027756088528574,3.232310058729899,3,Human Resources,Senior Manager,0.48571438626010754,0.6405551217705715,0.6464620117459798,2.4076214355242684,0.020950495776269396,3.007711597183983,0.19506401166887422,1.972952142627343,1.259357916102556,0
695c39e7ce90b13220852092,2023,0,3.6865892308757156,3.454517413069185,1.726405011320312,3,Human Resources,General Manager,0.7373178461751431,0.690903482613837,0.3452810022640624,,,,,,,0
695c39e7ce90b13220852092,2024,1,1.2291004392820546,1.1150516291804458,1.5238059641093353,3,Human Resources,General Manager,0.2458200878564109,0.22301032583608915,0.3047611928218671,3.6865892308757156,-2.457488791593661,3.454517413069185,-2.3394657838887394,1.726405011320312,-0.20259904721097666,1
695c39e7ce90b13220852092,2025,2,4.148457774780246,2.7081286222183127,2.979038108556059,3,Human Resources,General Manager,0.8296915549560492,0.5416257244436625,0.5958076217112118,1.2291004392820546,2.919357335498191,1.1150516291804458,1.593076993037867,1.5238059641093353,1.4552321444467236,0
695c39e7ce90b13220852093,2023,0,3.0424198683719905,3.1498890793578136,4.251072150074224,3,Human Resources,Associate,0.6084839736743981,0.6299778158715628,0.8502144300148448,,,,,,,0
695c39e7ce90b13220852093,2024,1,2.7202732331789017,2.613703913667799,3.4709335480187002,3,Human Resources,Associate,0.5440546466357803,0.5227407827335597,0.6941867096037401,3.0424198683719905,-0.32214663519308884,3.1498890793578136,-0.5361851656900147,4.251072150074224,-0.7801386020555237,0
695c39e7ce90b13220852093,2025,2,3.1047085338509435,2.2082654025881405,2.4527152402347645,3,Human Resources,Associate,0.6209417067701887,0.4416530805176281,0.4905430480469529,2.7202732331789017,0.3844353006720418,2.613703913667799,-0.40543851107965834,3.4709335480187002,-1.0182183077839357,0
695c39e7ce90b13220852094,2023,0,2.9154243606487333,3.2804722880018287,4.116092624866154,3,Human Resources,Assistant General Manager,0.5830848721297467,0.6560944576003658,0.8232185249732307,,,,,,,0
695c39e7ce90b13220852094,2024,1,3.7254042098028943,2.376103263112313,3.886760160527638,3,Human Resources,Assistant General Manager,0.7450808419605789,0.4752206526224626,0.7773520321055276,2.9154243606487333,0.809979849154161,3.2804722880018287,-0.9043690248895158,4.116092624866154,-0.2293324643385155,0
695c39e7ce90b13220852094,2025,2,4.54901263273974,3.947278147792742,2.520892273088714,3,Human Resources,Assistant General Manager,0.909802526547948,0.7894556295585484,0.5041784546177428,3.7254042098028943,0.8236084229368457,2.376103263112313,1.571174884680429,3.886760160527638,-1.3658678874389238,0
695c39e7ce90b13220852095,2023,0,2.4915288961922313,2.035010574978869,3.6525965126296325,3,Information Technology,Senior QA Engineer,0.49830577923844627,0.4070021149957738,0.7305193025259265,,,,,,,0
695c39e7ce90b13220852095,2024,1,3.8640838634212002,2.4931654943843835,2.094351445317762,3,Information Technology,Senior QA Engineer,0.7728167726842401,0.4986330988768767,0.4188702890635524,2.4915288961922313,1.372554967228969,2.035010574978869,0.45815491940551434,3.6525965126296325,-1.5582450673118706,0
695c39e7ce90b13220852095,2025,2,3.5472371716723243,3.292723841647045,2.0210576422813937,3,Information Technology,Senior QA Engineer,0.7094474343344649,0.658544768329409,0.4042115284562787,3.8640838634212002,-0.3168466917488759,2.4931654943843835,0.7995583472626615,2.094351445317762,-0.07329380303636812,0
695c39e7ce90b13220852096,2023,0,3.79627299639964,3.130636325072724,2.52626231666368,3,Human Resources,General Manager,0.759254599279928,0.6261272650145447,0.505252463332736,,,,,,,0
695c39e7ce90b13220852096,2024,1,2.4135551929840857,2.569458566555714,2.328836443091461,3,Human Resources,General Manager,0.48271103859681713,0.5138917133111428,0.46576728861829225,3.79627299639964,-1.3827178034155545,3.130636325072724,-0.5611777585170099,2.52626231666368,-0.19742587357221897,0
695c39e7ce90b13220852096,2025,2,2.682805438243293,2.1922987942342096,2.6979780192215523,3,Human Resources,General Manager,0.5365610876486586,0.4384597588468419,0.5395956038443105,2.4135551929840857,0.26925024525920715,2.569458566555714,-0.3771597723215043,2.328836443091461,0.36914157613009113,0
695c39e7ce90b13220852097,2023,0,2.9348648830398947,2.1606753168359054,2.890972819636847,3,Information Technology,Senior QA Engineer,0.586972976607979,0.4321350633671811,0.5781945639273693,,,,,,,1
695c39e7ce90b13220852097,2024,1,1.533785904793182,3.0822651777539027,2.3194696610265577,3,Information Technology,Senior QA Engineer,0.3067571809586364,0.6164530355507806,0.46389393220531155,2.9348648830398947,-1.4010789782467126,2.1606753168359054,0.9215898609179973,2.890972819636847,-0.5715031586102892,0
695c39e7ce90b13220852098,2023,0,3.197683083089358,4.172945523473441,5.0,3,Administration,General Manager,0.6395366166178716,0.8345891046946882,1.0,,,,,,,0
695c39e7ce90b13220852098,2024,1,2.252176009631793,2.5216975011985543,3.618970607536465,3,Administration,General Manager,0.4504352019263586,0.5043395002397109,0.723794121507293,3.197683083089358,-0.945507073457565,4.172945523473441,-1.6512480222748867,5.0,-1.3810293924635348,1
695c39e7ce90b13220852098,2025,2,2.7087142684747283,3.219639599122357,3.6831191560374625,3,Administration,General Manager,0.5417428536949457,0.6439279198244714,0.7366238312074925,2.252176009631793,0.4565382588429352,2.5216975011985543,0.6979420979238027,3.618970607536465,0.06414854850099738,0
695c39e7ce90b13220852099,2023,0,4.122994076685356,3.8043965453879705,3.7772083852635725,3,Information Technology,Senior UI/UX Designer,0.8245988153370712,0.760879309077594,0.7554416770527145,,,,,,,0
695c39e7ce90b1322085209a,2023,0,2.3233668923312862,4.543622829678264,4.346144621111306,3,Administration,Manager,0.4646733784662572,0.9087245659356528,0.8692289242222613,,,,,,,0
695c39e7ce90b1322085209a,2024,1,3.148391676384696,2.5019056248665312,3.129577397128197,3,Administration,Manager,0.6296783352769392,0.5003811249733062,0.6259154794256394,2.3233668923312862,0.8250247840534097,4.543622829678264,-2.0417172048117327,4.346144621111306,-1.2165672239831093,0
695c39e7ce90b1322085209a,2025,2,3.057848969814615,4.15818900954804,3.883081279374795,3,Administration,Manager,0.611569793962923,0.831637801909608,0.776616255874959,3.148391676384696,-0.09054270657008079,2.5019056248665312,1.6562833846815086,3.129577397128197,0.7535038822465983,0
695c39e7ce90b1322085209b,2023,0,2.887494103305702,2.7809991370578775,3.9494088882772482,3,Administration,General Manager,0.5774988206611404,0.5561998274115755,0.7898817776554496,,,,,,,0
695c39e7ce90b1322085209b,2024,1,3.1355237840503944,2.498195018748076,3.5972773232556987,3,Administration,General Manager,0.6271047568100789,0.4996390037496152,0.7194554646511397,2.887494103305702,0.24802968074469245,2.7809991370578775,-0.28280411830980157,3.9494088882772482,-0.3521315650215495,0
695c39e7ce90b1322085209b,2025,2,2.219372618327146,2.8150377989727353,2.8683837282049964,3,Administration,General Manager,0.4438745236654292,0.5630075597945471,0.5736767456409992,3.1355237840503944,-0.9161511657232486,2.498195018748076,0.3168427802246594,3.5972773232556987,-0.7288935950507023,0
695c39e7ce90b1322085209c,2023,0,2.659021977010144,4.376452600980034,4.422395237962314,3,Information Technology,Senior Software Engineer,0.5318043954020288,0.8752905201960068,0.8844790475924628,,,,,,,0
695c39e7ce90b1322085209c,2024,1,3.9217246747327095,4.34891301955232,3.5769991932264285,3,Information Technology,Senior Software Engineer,0.7843449349465419,0.869782603910464,0.7153998386452857,2.659021977010144,1.2627026977225655,4.376452600980034,-0.027539581427713955,4.422395237962314,-0.8453960447358853,0
695c39e7ce90b1322085209c,2025,2,3.8641133618304373,3.995944827810705,3.726790001917235,3,Information Technology,Senior Software Engineer,0.7728226723660875,0.799188965562141,0.745358000383447,3.9217246747327095,-0.05761131290227217,4.34891301955232,-0.3529681917416152,3.5769991932264285,0.14979080869080663,0
695c39e7ce90b1322085209d,2023,0,1.975339177031674,1.3930143490945075,1.6794122478700542,3,Administration,Senior Executive,0.3950678354063348,0.2786028698189015,0.3358824495740108,,,,,,,1
695c39e7ce90b1322085209d,2024,1,2.3570839908566223,2.905714037174304,3.7935816853650848,3,Administration,Senior Executive,0.4714167981713245,0.5811428074348608,0.758716337073017,1.975339177031674,0.3817448138249484,1.3930143490945075,1.5126996880797967,1.6794122478700542,2.114169437495031,0
695c39e7ce90b1322085209e,2023,0,4.165098572976142,3.814268916892895,4.246793417383124,3,Human Resources,General Manager,0.8330197145952283,0.762853783378579,0.8493586834766248,,,,,,,0
695c39e7ce90b1322085209e,2024,1,3.0946882617568683,2.8640678752330606,3.073950905522473,3,Human Resources,General Manager,0.6189376523513737,0.5728135750466121,0.6147901811044946,4.165098572976142,-1.0704103112192733,3.814268916892895,-0.9502010416598345,4.246793417383124,-1.172842511860651,0
695c39e7ce90b1322085209e,2025,2,3.658637062731435,3.5591294153231434,2.7158072029421545,3,Human Resources,General Manager,0.7317274125462869,0.7118258830646287,0.5431614405884309,3.0946882617568683,0.5639488009745666,2.8640678752330606,0.6950615400900828,3.073950905522473,-0.35814370258031847,0
695c39e7ce90b1322085209f,2023,0,3.0501867906400424,2.6564379255460078,2.59049586005799,3,Administration,Assistant Manager,0.6100373581280085,0.5312875851092016,0.5180991720115979,,,,,,,1
695c39e7ce90b1322085209f,2024,1,3.04008969563431,3.251837030367505,4.051381610047848,3,Administration,Assistant Manager,0.6080179391268621,0.650367406073501,0.8102763220095696,3.0501867906400424,-0.010097095005732193,2.6564379255460078,0.5953991048214973,2.59049586005799,1.460885749989858,0
695c39e7ce90b132208520a0,2023,0,4.042730282967324,4.698102799938255,5.0,3,Human Resources,Assistant General Manager,0.8085460565934648,0.9396205599876509,1.0,,,,,,,0
695c39e7ce90b132208520a0,2024,1,3.9508465331892046,4.443767497448404,4.495566829547306,3,Human Resources,Assistant General Manager,0.7901693066378409,0.8887534994896807,0.8991133659094611,4.042730282967324,-0.0918837497781193,4.698102799938255,-0.25433530248985114,5.0,-0.5044331704526943,0
695c39e7ce90b132208520a0,2025,2,3.342367762877208,3.0031070201585592,2.8993944527768005,3,Human Resources,Assistant General Manager,0.6684735525754416,0.6006214040317118,0.5798788905553601,3.9508465331892046,-0.6084787703119967,4.443767497448404,-1.4406604772898444,4.495566829547306,-1.5961723767705052,0
695c39e7ce90b132208520a1,2023,0,3.1556468286446897,2.687269697931312,3.266036812724228,3,Human Resources,Assistant Manager,0.631129365728938,0.5374539395862624,0.6532073625448456,,,,,,,0
695c39e7ce90b132208520a1,2024,1,2.4736184494302917,1.4860239019067145,2.095875529676518,3,Human Resources,Assistant Manager,0.49472368988605836,0.2972047803813429,0.4191751059353036,3.1556468286446897,-0.682028379214398,2.687269697931312,-1.2012457960245975,3.266036812724228,-1.17016128304771,1
695c39e7ce90b132208520a1,2025,2,2.0782295551769785,3.209665639940168,3.925887799729279,3,Human Resources,Assistant Manager,0.4156459110353957,0.6419331279880336,0.7851775599458558,2.4736184494302917,-0.39538889425331325,1.4860239019067145,1.7236417380334537,2.095875529676518,1.830012270052761,0
695c39e7ce90b132208520a2,2023,0,1.6910914129946728,3.892401705665164,2.6604706697192437,3,Information Technology,Senior QA Engineer,0.33821828259893455,0.7784803411330328,0.5320941339438487,,,,,,,0
695c39e7ce90b132208520a2,2024,1,3.0173458795417956,3.106043595101837,4.253189149640978,3,Information Technology,Senior QA Engineer,0.6034691759083591,0.6212087190203673,0.8506378299281956,1.6910914129946728,1.3262544665471228,3.892401705665164,-0.7863581105633273,2.6604706697192437,1.592718479921734,0
695c39e7ce90b132208520a2,2025,2,2.9361251595232796,2.7676287498429235,3.0140582742461017,3,Information Technology,Senior QA Engineer,0.5872250319046559,0.5535257499685847,0.6028116548492204,3.0173458795417956,-0.08122072001851599,3.106043595101837,-0.3384148452589133,4.253189149640978,-1.239130875394876,0
695c39e7ce90b132208520a3,2023,0,1.494764923160881,1.4918366394797384,2.076252123275679,3,Information Technology,QA Lead,0.29895298463217623,0.29836732789594766,0.41525042465513584,,,,,,,0
695c39e7ce90b132208520a3,2024,1,2.50101461953877,1.6147912958333586,1.4678127384784063,3,Information Technology,QA Lead,0.500202923907754,0.3229582591666717,0.29356254769568124,1.494764923160881,1.006249696377889,1.4918366394797384,0.12295465635362013,2.076252123275679,-0.6084393847972729,0
695c39e7ce90b132208520a3,2025,2,1.0,1.4984833830905164,2.2099163357356244,3,Information Technology,QA Lead,0.2,0.2996966766181033,0.4419832671471249,2.50101461953877,-1.5010146195387701,1.6147912958333586,-0.11630791274284213,1.4678127384784063,0.7421035972572181,0
695c39e7ce90b132208520a4,2023,0,2.550811134593282,2.9412637555156285,4.1991480517880735,3,Administration,Senior Manager,0.5101622269186563,0.5882527511031257,0.8398296103576147,,,,,,,0
695c39e7ce90b132208520a4,2024,1,4.08537877142167,4.805401358283586,4.14587389346127,3,Administration,Senior Manager,0.817075754284334,0.9610802716567172,0.8291747786922541,2.550811134593282,1.5345676368283883,2.9412637555156285,1.8641376027679573,4.1991480517880735,-0.05327415832680327,1
695c39e7ce90b132208520a4,2025,2,3.291129010362453,2.6634182730526574,2.1908258395311693,3,Administration,Senior Manager,0.6582258020724906,0.5326836546105315,0.43816516790623383,4.08537877142167,-0.7942497610592172,4.805401358283586,-2.1419830852309283,4.14587389346127,-1.955048053930101,0
695c39e7ce90b132208520a5,2023,0,3.0391246618462473,2.5603981123610735,2.453848763523495,3,Administration,Associate,0.6078249323692495,0.5120796224722147,0.49076975270469897,,,,,,,0
695c39e7ce90b132208520a5,2024,1,3.767646087904415,2.6109858679442977,3.4696021102676875,3,Administration,Associate,0.753529217580883,0.5221971735888595,0.6939204220535375,3.0391246618462473,0.7285214260581676,2.5603981123610735,0.05058775558322415,2.453848763523495,1.0157533467441926,0
695c39e7ce90b132208520a5,2025,2,3.9673985890195356,2.4663891265221336,2.5793516836418338,3,Administration,Associate,0.7934797178039071,0.4932778253044267,0.5158703367283668,3.767646087904415,0.19975250111512066,2.6109858679442977,-0.14459674142216405,3.4696021102676875,-0.8902504266258537,0
695c39e7ce90b132208520a6,2023,0,3.8073585891901107,2.5928275525821274,2.8329810417227135,3,Administration,Manager,0.7614717178380221,0.5185655105164255,0.5665962083445427,,,,,,,0
695c39e7ce90b132208520a6,2024,1,5.0,4.171310350363281,3.0356630474279243,3,Administration,Manager,1.0,0.8342620700726562,0.6071326094855849,3.8073585891901107,1.1926414108098893,2.5928275525821274,1.5784827977811533,2.8329810417227135,0.20268200570521078,0
695c39e7ce90b132208520a6,2025,2,4.175668201216504,3.179628833100046,3.239434138852357,3,Administration,Manager,0.8351336402433007,0.6359257666200092,0.6478868277704714,5.0,-0.8243317987834962,4.171310350363281,-0.9916815172632347,3.0356630474279243,0.20377109142443262,0
695c39e7ce90b132208520a7,2023,0,1.84973105325756,2.3302546300348475,2.6788857829685018,3,Human Resources,Assistant Manager,0.369946210651512,0.4660509260069695,0.5357771565937004,,,,,,,1
695c39e7ce90b132208520a7,2024,1,3.0105690391527795,3.688536475447388,3.8805494193229317,3,Human Resources,Assistant Manager,0.6021138078305559,0.7377072950894776,0.7761098838645863,1.84973105325756,1.1608379858952196,2.3302546300348475,1.3582818454125407,2.6788857829685018,1.20166363635443,0
695c39e7ce90b132208520a8,2023,0,2.4657749159151563,2.7375253128277315,3.662351509101195,3,Human Resources,Executive,0.49315498318303125,0.5475050625655463,0.732470301820239,,,,,,,0
695c39e7ce90b132208520a9,2023,0,3.823806901523157,4.424147679736537,2.3524349344635436,3,Administration,Executive,0.7647613803046314,0.8848295359473074,0.47048698689270874,,,,,,,0
695c39e7ce90b132208520a9,2024,1,2.912100342134239,2.8566026980688157,3.2473255260632463,3,Administration,Executive,0.5824200684268478,0.5713205396137632,0.6494651052126492,3.823806901523157,-0.911706559388918,4.424147679736537,-1.5675449816677212,2.3524349344635436,0.8948905915997027,1
695c39e7ce90b132208520a9,2025,2,2.42219871520997,2.2649405248510854,3.2830014399101355,3,Administration,Executive,0.48443974304199405,0.4529881049702171,0.6566002879820271,2.912100342134239,-0.48990162692426864,2.8566026980688157,-0.5916621732177303,3.2473255260632463,0.03567591384688917,0
695c39e7ce90b132208520aa,2023,0,3.6599750289618243,3.1245530196519287,3.39615507253446,3,Human Resources,Senior Manager,0.7319950057923649,0.6249106039303858,0.679231014506892,,,,,,,0
695c39e7ce90b132208520ab,2023,0,3.752039479752613,2.776063208482699,3.1624927985789775,3,Human Resources,Senior Executive,0.7504078959505226,0.5552126416965397,0.6324985597157955,,,,,,,0
695c39e7ce90b132208520ab,2024,1,4.310377039567813,4.809278301943939,2.798879174234024,3,Human Resources,Senior Executive,0.8620754079135626,0.9618556603887878,0.5597758348468048,3.752039479752613,0.5583375598151998,2.776063208482699,2.0332150934612403,3.1624927985789775,-0.3636136243449535,0
695c39e7ce90b132208520ab,2025,2,2.6049689938618674,3.268346147329872,3.0096833672694627,3,Human Resources,Senior Executive,0.5209937987723735,0.6536692294659744,0.6019366734538926,4.310377039567813,-1.7054080457059455,4.809278301943939,-1.540932154614067,2.798879174234024,0.21080419303543874,0
695c39e7ce90b132208520ac,2023,0,4.217129924970597,3.207212348529699,3.6469849579045333,3,Information Technology,Senior Software Engineer,0.8434259849941194,0.6414424697059398,0.7293969915809067,,,,,,,0
695c39e7ce90b132208520ac,2024,1,2.6271234894494144,3.37135932751508,3.0740863076068727,3,Information Technology,Senior Software Engineer,0.5254246978898829,0.674271865503016,0.6148172615213745,4.217129924970597,-1.5900064355211825,3.207212348529699,0.1641469789853809,3.6469849579045333,-0.5728986502976605,0
695c39e7ce90b132208520ac,2025,2,2.9011419218026537,2.8958350213450283,3.042864569955272,3,Information Technology,Senior Software Engineer,0.5802283843605307,0.5791670042690057,0.6085729139910544,2.6271234894494144,0.2740184323532393,3.37135932751508,-0.4755243061700516,3.0740863076068727,-0.031221737651600634,0
695c39e7ce90b132208520ad,2023,0,1.0,1.1873737096874262,2.5611253715795312,3,Human Resources,Associate,0.2,0.23747474193748525,0.5122250743159062,,,,,,,0
695c39e7ce90b132208520ae,2023,0,2.140042641075479,2.2603559710929346,2.65284243122165,3,Human Resources,Senior Executive,0.42800852821509583,0.45207119421858694,0.5305684862443301,,,,,,,0
695c39e7ce90b132208520af,2023,0,3.5037215334344802,2.6769864373358594,2.823022114039269,3,Administration,Senior Manager,0.700744306686896,0.5353972874671719,0.5646044228078538,,,,,,,0
695c39e7ce90b132208520af,2024,1,3.0912954442493055,3.051113886988848,3.9562388331382277,3,Administration,Senior Manager,0.6182590888498611,0.6102227773977696,0.7912477666276455,3.5037215334344802,-0.41242608918517476,2.6769864373358594,0.3741274496529887,2.823022114039269,1.1332167190989586,0
695c39e7ce90b132208520af,2025,2,3.5186115095331782,3.518705983099447,4.134019885917882,3,Administration,Senior Manager,0.7037223019066356,0.7037411966198894,0.8268039771835763,3.0912954442493055,0.4273160652838728,3.051113886988848,0.4675920961105988,3.9562388331382277,0.17778105277965395,0
695c39e7ce90b132208520b0,2023,0,2.3921399490684125,1.6335417256971847,3.004883513373916,3,Human Resources,Manager,0.4784279898136825,0.3267083451394369,0.6009767026747832,,,,,,,0
695c39e7ce90b132208520b0,2024,1,2.362633885862242,3.130995160655095,3.1293301277829713,3,Human Resources,Manager,0.4725267771724484,0.626199032131019,0.6258660255565942,2.3921399490684125,-0.029506063206170552,1.6335417256971847,1.4974534349579103,3.004883513373916,0.12444661440905547,0
695c39e7ce90b132208520b0,2025,2,3.2904189411064872,1.8149634590494852,2.191123346095078,3,Human Resources,Manager,0.6580837882212974,0.362992691809897,0.4382246692190156,2.362633885862242,0.9277850552442453,3.130995160655095,-1.3160317016056098,3.1293301277829713,-0.9382067816878932,0
695c39e7ce90b132208520b1,2023,0,4.248959236030948,4.333756765308503,4.543293052067426,3,Human Resources,Senior Executive,0.8497918472061896,0.8667513530617006,0.9086586104134853,,,,,,,0
695c39e7ce90b132208520b1,2024,1,3.3163210110086325,2.4680385138250798,2.3155868580856924,3,Human Resources,Senior Executive,0.6632642022017265,0.493607702765016,0.4631173716171385,4.248959236030948,-0.9326382250223153,4.333756765308503,-1.8657182514834232,4.543293052067426,-2.2277061939817338,0
695c39e7ce90b132208520b1,2025,2,4.16859573871846,3.539971057324023,2.3192542758368724,3,Human Resources,Senior Executive,0.8337191477436919,0.7079942114648046,0.46385085516737445,3.3163210110086325,0.852274727709827,2.4680385138250798,1.071932543498943,2.3155868580856924,0.0036674177511799577,0
695c39e7ce90b132208520b2,2023,0,3.5857748911639256,3.513711369678079,2.7223077391057933,3,Administration,Associate,0.7171549782327851,0.7027422739356158,0.5444615478211586,,,,,,,0
695c39e7ce90b132208520b2,2024,1,3.986087323853762,2.8048536186758883,2.8030680306452753,3,Administration,Associate,0.7972174647707524,0.5609707237351776,0.5606136061290551,3.5857748911639256,0.4003124326898364,3.513711369678079,-0.7088577510021907,2.7223077391057933,0.08076029153948205,0
695c39e7ce90b132208520b2,2025,2,4.165659117438436,4.619872464415938,4.528168682056456,3,Administration,Associate,0.8331318234876871,0.9239744928831876,0.9056337364112912,3.986087323853762,0.17957179358467368,2.8048536186758883,1.8150188457400493,2.8030680306452753,1.7251006514111804,0
695c39e7ce90b132208520b3,2023,0,2.564383534366956,2.202459857039277,1.805403042429452,3,Information Technology,Associate Project Manager,0.5128767068733912,0.4404919714078554,0.3610806084858904,,,,,,,1
695c39e7ce90b132208520b3,2024,1,3.218684241530961,1.7826198842788297,1.3526062794867006,3,Information Technology,Associate Project Manager,0.6437368483061923,0.3565239768557659,0.2705212558973401,2.564383534366956,0.6543007071640052,2.202459857039277,-0.4198399727604474,1.805403042429452,-0.4527967629427514,0
695c39e7ce90b132208520b4,2023,0,2.5035714839999024,2.620199508222533,3.280033162031138,3,Administration,General Manager,0.5007142967999805,0.5240399016445065,0.6560066324062276,,,,,,,0
695c39e7ce90b132208520b4,2024,1,3.1462257751940594,2.9595938734585716,3.2813119565499984,3,Administration,General Manager,0.6292451550388118,0.5919187746917143,0.6562623913099996,2.5035714839999024,0.6426542911941571,2.620199508222533,0.3393943652360387,3.280033162031138,0.0012787945188605931,1
695c39e7ce90b132208520b4,2025,2,2.5947727133489282,2.324612929314014,2.063056983606237,3,Administration,General Manager,0.5189545426697857,0.4649225858628028,0.41261139672124736,3.1462257751940594,-0.5514530618451312,2.9595938734585716,-0.6349809441445577,3.2813119565499984,-1.2182549729437615,0
695c39e7ce90b132208520b5,2023,0,2.8125503846421553,3.424981854778393,3.449710680483705,3,Administration,Assistant General Manager,0.562510076928431,0.6849963709556786,0.689942136096741,,,,,,,0
695c39e7ce90b132208520b5,2024,1,2.8881244882532453,1.4199381599781824,3.2286653280512696,3,Administration,Assistant General Manager,0.5776248976506491,0.2839876319956365,0.6457330656102539,2.8125503846421553,0.07557410361108996,3.424981854778393,-2.0050436948002104,3.449710680483705,-0.2210453524324354,1
695c39e7ce90b132208520b5,2025,2,3.9333944220153727,3.9086762953893106,3.1088859640967,3,Administration,Assistant General Manager,0.7866788844030745,0.7817352590778621,0.6217771928193401,2.8881244882532453,1.0452699337621274,1.4199381599781824,2.488738135411128,3.2286653280512696,-0.11977936395456945,0
695c39e7ce90b132208520b6,2023,0,2.669354081267368,2.9069875579813615,1.9061735786024254,3,Information Technology,UI/UX Designer,0.5338708162534737,0.5813975115962723,0.38123471572048506,,,,,,,1
695c39e7ce90b132208520b6,2024,1,2.998239786179382,2.5511619866534314,2.484151100047119,3,Information Technology,UI/UX Designer,0.5996479572358764,0.5102323973306863,0.4968302200094238,2.669354081267368,0.32888570491201374,2.9069875579813615,-0.35582557132793013,1.9061735786024254,0.5779775214446934,0
695c39e7ce90b132208520b7,2023,0,3.5014617385697537,4.61987072356252,2.9867580693816786,3,Administration,Assistant General Manager,0.7002923477139508,0.9239741447125039,0.5973516138763357,,,,,,,0
695c39e7ce90b132208520b7,2024,1,4.560595260095251,2.939452203732786,4.055586385962137,3,Administration,Assistant General Manager,0.9121190520190503,0.5878904407465572,0.8111172771924273,3.5014617385697537,1.0591335215254976,4.61987072356252,-1.680418519829734,2.9867580693816786,1.0688283165804582,0
695c39e7ce90b132208520b7,2025,2,2.5089051903350663,1.892242010386524,3.308351106633659,3,Administration,Assistant General Manager,0.5017810380670132,0.3784484020773048,0.6616702213267318,4.560595260095251,-2.051690069760185,2.939452203732786,-1.0472101933462619,4.055586385962137,-0.747235279328478,0
695c39e7ce90b132208520b8,2023,0,2.8137840788008126,2.6185941865452764,2.909409030437928,3,Administration,General Manager,0.5627568157601626,0.5237188373090553,0.5818818060875856,,,,,,,0
695c39e7ce90b132208520b8,2024,1,4.23863221816585,2.340545238764848,2.272185119987479,3,Administration,General Manager,0.84772644363317,0.4681090477529696,0.4544370239974958,2.8137840788008126,1.4248481393650372,2.6185941865452764,-0.27804894778042843,2.909409030437928,-0.6372239104504489,0
695c39e7ce90b132208520b8,2025,2,3.085812542186299,2.875109964647204,2.772158599017465,3,Administration,General Manager,0.6171625084372598,0.5750219929294408,0.554431719803493,4.23863221816585,-1.1528196759795506,2.340545238764848,0.534564725882356,2.272185119987479,0.4999734790299861,0
695c39e7ce90b132208520b9,2023,0,5.0,2.9681169598377766,2.785360487953386,3,Human Resources,General Manager,1.0,0.5936233919675553,0.5570720975906772,,,,,,,0
695c39e7ce90b132208520b9,2024,1,4.788433494184638,3.353022503182863,3.4943095250341765,3,Human Resources,General Manager,0.9576866988369275,0.6706045006365726,0.6988619050068353,5.0,-0.2115665058153624,2.9681169598377766,0.38490554334508653,2.785360487953386,0.7089490370807905,1
695c39e7ce90b132208520b9,2025,2,3.252638718283185,2.759588156362427,1.8305702249908364,3,Human Resources,General Manager,0.650527743656637,0.5519176312724854,0.3661140449981673,4.788433494184638,-1.5357947759014525,3.353022503182863,-0.5934343468204362,3.4943095250341765,-1.66373930004334,0
695c39e7ce90b132208520ba,2023,0,4.25240535951616,4.208284164156272,2.7718177907419914,3,Information Technology,Administrator,0.8504810719032321,0.8416568328312544,0.5543635581483983,,,,,,,0
695c39e7ce90b132208520bb,2023,0,4.582011512655044,3.3902879405202566,2.3483114563097773,3,Administration,Assistant General Manager,0.9164023025310088,0.6780575881040514,0.46966229126195547,,,,,,,0
695c39e7ce90b132208520bb,2024,1,1.568373615327126,1.2445687650356525,1.475967408554327,3,Administration,Assistant General Manager,0.3136747230654252,0.2489137530071305,0.2951934817108654,4.582011512655044,-3.0136378973279183,3.3902879405202566,-2.1457191754846043,2.3483114563097773,-0.8723440477554503,1
695c39e7ce90b132208520bb,2025,2,3.710237182829002,2.998029280965228,2.757568687850739,3,Administration,Assistant General Manager,0.7420474365658004,0.5996058561930455,0.5515137375701478,1.568373615327126,2.141863567501876,1.2445687650356525,1.7534605159295753,1.475967408554327,1.281601279296412,0
695c39e7ce90b132208520bc,2023,0,2.710755979547697,2.7989990011962482,3.405316880594344,3,Information Technology,Associate Project Manager,0.5421511959095394,0.5597998002392497,0.6810633761188688,,,,,,,1
695c39e7ce90b132208520bc,2024,1,3.740117192541638,4.596722551724548,2.314679969680128,3,Information Technology,Associate Project Manager,0.7480234385083275,0.9193445103449095,0.46293599393602564,2.710755979547697,1.029361212993941,2.7989990011962482,1.7977235505282994,3.405316880594344,-1.090636910914216,0
695c39e7ce90b132208520bd,2023,0,2.5337695771012614,3.3835862486295145,2.941491802255838,3,Information Technology,Associate QA Engineer,0.5067539154202523,0.6767172497259029,0.5882983604511676,,,,,,,0
695c39e7ce90b132208520bd,2024,1,2.5528617140698096,2.754454347129047,2.7047578647724557,3,Information Technology,Associate QA Engineer,0.5105723428139619,0.5508908694258093,0.5409515729544911,2.5337695771012614,0.019092136968548168,3.3835862486295145,-0.6291319015004677,2.941491802255838,-0.23673393748338212,0
695c39e7ce90b132208520bd,2025,2,2.9120873130906832,4.723700494498748,2.175601840001668,3,Information Technology,Associate QA Engineer,0.5824174626181366,0.9447400988997495,0.4351203680003336,2.5528617140698096,0.3592255990208737,2.754454347129047,1.969246147369701,2.7047578647724557,-0.5291560247707876,0
695c39e7ce90b132208520be,2023,0,2.555400617799857,4.186796295691807,3.253724230100596,3,Administration,Assistant Manager,0.5110801235599715,0.8373592591383614,0.6507448460201192,,,,,,,0
695c39e7ce90b132208520bf,2023,0,3.1204306500264694,2.8421888595016394,2.013534568624728,3,Human Resources,Senior Executive,0.6240861300052939,0.5684377719003278,0.4027069137249456,,,,,,,0
695c39e7ce90b132208520bf,2024,1,3.497512855184007,3.1917411321563476,2.6774691158157506,3,Human Resources,Senior Executive,0.6995025710368015,0.6383482264312695,0.5354938231631501,3.1204306500264694,0.37708220515753776,2.8421888595016394,0.34955227265470823,2.013534568624728,0.6639345471910225,1
695c39e7ce90b132208520bf,2025,2,2.6766212817531057,2.0917626986352262,1.6364210393848433,3,Human Resources,Senior Executive,0.5353242563506211,0.4183525397270452,0.32728420787696866,3.497512855184007,-0.8208915734309015,3.1917411321563476,-1.0999784335211213,2.6774691158157506,-1.0410480764309074,0
695c39e7ce90b132208520c0,2023,0,2.261754147081864,3.2807411923537173,3.12998571591484,3,Information Technology,Senior QA Engineer,0.4523508294163728,0.6561482384707434,0.625997143182968,,,,,,,0
695c39e7ce90b132208520c0,2024,1,2.166368273386323,4.692795254699951,4.006713949955391,3,Information Technology,Senior QA Engineer,0.43327365467726464,0.9385590509399903,0.8013427899910782,2.261754147081864,-0.09538587369554063,3.2807411923537173,1.4120540623462339,3.12998571591484,0.8767282340405513,0
695c39e7ce90b132208520c0,2025,2,3.189472416983668,3.389321922324334,2.2119485949347104,3,Information Technology,Senior QA Engineer,0.6378944833967336,0.6778643844648669,0.44238971898694207,2.166368273386323,1.0231041435973447,4.692795254699951,-1.3034733323756171,4.006713949955391,-1.7947653550206808,0
695c39e7ce90b132208520c1,2023,0,3.379428256991076,5.0,3.9094574682977936,3,Administration,Executive,0.6758856513982152,1.0,0.7818914936595587,,,,,,,0
695c39e7ce90b132208520c2,2023,0,3.8844914900156433,3.9664095228014022,3.845072149521303,3,Human Resources,Manager,0.7768982980031287,0.7932819045602805,0.7690144299042606,,,,,,,0
695c39e7ce90b132208520c2,2024,1,4.384758830535834,3.5818919879507276,3.5052900340498034,3,Human Resources,Manager,0.8769517661071667,0.7163783975901455,0.7010580068099607,3.8844914900156433,0.5002673405201903,3.9664095228014022,-0.38451753485067464,3.845072149521303,-0.3397821154714995,1
695c39e7ce90b132208520c2,2025,2,2.176026709161285,2.1151654205776094,2.806182080124994,3,Human Resources,Manager,0.435205341832257,0.4230330841155219,0.5612364160249987,4.384758830535834,-2.2087321213745486,3.5818919879507276,-1.4667265673731182,3.5052900340498034,-0.6991079539248095,0
695c39e7ce90b132208520c3,2023,0,3.6380416929394697,3.9709913842092264,2.4652842737713527,3,Administration,Assistant General Manager,0.727608338587894,0.7941982768418453,0.4930568547542705,,,,,,,0
695c39e7ce90b132208520c3,2024,1,3.804588005050124,3.5105748118992075,3.1135916394192082,3,Administration,Assistant General Manager,0.7609176010100248,0.7021149623798415,0.6227183278838416,3.6380416929394697,0.16654631211065452,3.9709913842092264,-0.46041657231001887,2.4652842737713527,0.6483073656478555,0
695c39e7ce90b132208520c3,2025,2,2.110717124514565,3.6851522422744525,2.9515173906155776,3,Administration,Assistant General Manager,0.422143424902913,0.7370304484548905,0.5903034781231156,3.804588005050124,-1.6938708805355591,3.5105748118992075,0.17457743037524498,3.1135916394192082,-0.16207424880363064,0
695c39e7ce90b132208520c4,2023,0,2.7797634529644286,2.9097260323357954,4.1581352891341705,3,Human Resources,Associate,0.5559526905928858,0.5819452064671591,0.8316270578268341,,,,,,,0
695c39e7ce90b132208520c4,2024,1,3.3800674972946694,3.3414720865480683,2.395561104886152,3,Human Resources,Associate,0.6760134994589339,0.6682944173096137,0.4791122209772304,2.7797634529644286,0.6003040443302408,2.9097260323357954,0.43174605421227286,4.1581352891341705,-1.7625741842480185,0
695c39e7ce90b132208520c4,2025,2,2.8956273693523142,3.223623514568768,3.4644214598342344,3,Human Resources,Associate,0.5791254738704629,0.6447247029137536,0.6928842919668469,3.3800674972946694,-0.48444012794235514,3.3414720865480683,-0.11784857197930032,2.395561104886152,1.0688603549480824,0
695c39e7ce90b132208520c5,2023,0,2.724429868240784,2.234919778381998,2.860517984284117,3,Information Technology,Senior UI/UX Designer,0.5448859736481568,0.4469839556763996,0.5721035968568234,,,,,,,0
695c39e7ce90b132208520c5,2024,1,1.7772404912329,2.4133102384925813,1.767415428249457,3,Information Technology,Senior UI/UX Designer,0.35544809824658,0.4826620476985163,0.3534830856498914,2.724429868240784,-0.9471893770078839,2.234919778381998,0.17839046011058324,2.860517984284117,-1.0931025560346601,1
695c39e7ce90b132208520c5,2025,2,1.920361372880761,1.3799837374381396,1.21964904434205,3,Information Technology,Senior UI/UX Designer,0.3840722745761522,0.2759967474876279,0.24392980886841,1.7772404912329,0.14312088164786085,2.4133102384925813,-1.0333265010544417,1.767415428249457,-0.547766383907407,0
695c39e7ce90b132208520c6,2023,0,2.9549151386104073,2.6084077145355566,2.533607532075055,3,Administration,General Manager,0.5909830277220814,0.5216815429071113,0.506721506415011,,,,,,,0
695c39e7ce90b132208520c6,2024,1,2.832587180737211,3.829695283438906,4.109341291491348,3,Administration,General Manager,0.5665174361474422,0.7659390566877813,0.8218682582982696,2.9549151386104073,-0.12232795787319617,2.6084077145355566,1.2212875689033496,2.533607532075055,1.575733759416293,0
695c39e7ce90b132208520c6,2025,2,3.26352335587484,2.6842195349343,3.5590639931625176,3,Administration,General Manager,0.652704671174968,0.53684390698686,0.7118127986325036,2.832587180737211,0.43093617513762883,3.829695283438906,-1.145475748504606,4.109341291491348,-0.5502772983288304,0
695c39e7ce90b132208520c7,2024,0,3.324750504282232,3.591509147498579,4.553828561324446,3,Human Resources,Assistant General Manager,0.6649501008564463,0.7183018294997158,0.9107657122648891,,,,,,,1
695c39e7ce90b132208520c7,2025,1,1.7817460724820235,3.0877885318290184,2.334311459451223,3,Human Resources,Assistant General Manager,0.3563492144964047,0.6175577063658036,0.4668622918902446,3.324750504282232,-1.5430044318002083,3.591509147498579,-0.5037206156695606,4.553828561324446,-2.219517101873223,0
695c39e7ce90b132208520c8,2024,0,2.030215889132548,2.866307941921796,2.54111798267555,3,Human Resources,Assistant General Manager,0.4060431778265096,0.5732615883843593,0.5082235965351101,,,,,,,1
695c39e7ce90b132208520c8,2025,1,3.656214512558218,2.6837652837417045,3.570980345918312,3,Human Resources,Assistant General Manager,0.7312429025116436,0.536753056748341,0.7141960691836624,2.030215889132548,1.6259986234256698,2.866307941921796,-0.18254265818009152,2.54111798267555,1.0298623632427617,0
695c39e7ce90b132208520c9,2024,0,2.437571608718224,1.7105186347671737,1.9770685576860498,3,Information Technology,QA Lead,0.4875143217436448,0.3421037269534347,0.39541371153720994,,,,,,,1
695c39e7ce90b132208520c9,2025,1,3.8108463508098254,2.2707412831225757,4.156863091543566,3,Information Technology,QA Lead,0.7621692701619651,0.45414825662451513,0.8313726183087132,2.437571608718224,1.3732747420916014,1.7105186347671737,0.560222648355402,1.9770685576860498,2.179794533857516,0
695c39e7ce90b132208520ca,2024,0,2.3357708753378215,3.413186379501492,2.776082211804881,3,Information Technology,Architect,0.4671541750675643,0.6826372759002984,0.5552164423609762,,,,,,,0
695c39e7ce90b132208520ca,2025,1,2.733340768235933,3.760870314283366,2.9143247179439187,3,Information Technology,Architect,0.5466681536471867,0.7521740628566732,0.5828649435887837,2.3357708753378215,0.39756989289811173,3.413186379501492,0.3476839347818741,2.776082211804881,0.13824250613903777,0
695c39e7ce90b132208520cb,2024,0,2.929983300083981,3.502677920454241,3.1355567383623373,3,Information Technology,QA Lead,0.5859966600167962,0.7005355840908483,0.6271113476724675,,,,,,,0
695c39e7ce90b132208520cb,2025,1,3.2335408975692412,3.6342635882596808,3.3687972020103416,3,Information Technology,QA Lead,0.6467081795138483,0.7268527176519362,0.6737594404020684,2.929983300083981,0.30355759748526046,3.502677920454241,0.13158566780543968,3.1355567383623373,0.23324046364800433,0
695c39e7ce90b132208520cc,2024,0,2.1047345741762715,3.0975793949071853,2.4305276918420082,3,Human Resources,Assistant General Manager,0.4209469148352543,0.619515878981437,0.48610553836840165,,,,,,,1
695c39e7ce90b132208520cc,2025,1,3.807387140419524,3.437807974653098,3.7345470924730937,3,Human Resources,Assistant General Manager,0.7614774280839047,0.6875615949306196,0.7469094184946188,2.1047345741762715,1.7026525662432523,3.0975793949071853,0.3402285797459128,2.4305276918420082,1.3040194006310855,0
695c39e7ce90b132208520cd,2024,0,2.5361229751829892,2.4099859031911945,2.6580179950197067,3,Information Technology,Associate Project Manager,0.5072245950365979,0.48199718063823893,0.5316035990039414,,,,,,,1
695c39e7ce90b132208520cd,2025,1,2.8430500830411782,3.6386283142990976,4.368313161005627,3,Information Technology,Associate Project Manager,0.5686100166082356,0.7277256628598195,0.8736626322011254,2.5361229751829892,0.306927107858189,2.4099859031911945,1.228642411107903,2.6580179950197067,1.7102951659859205,0
695c39e7ce90b132208520ce,2024,0,1.0310905974721545,1.9991561634426769,3.6239180558661976,3,Information Technology,Administrator,0.2062181194944309,0.3998312326885354,0.7247836111732395,,,,,,,0
695c39e7ce90b132208520cf,2024,0,3.929351810363764,4.1734668483734065,3.6131124903070324,3,Administration,Senior Executive,0.7858703620727528,0.8346933696746813,0.7226224980614064,,,,,,,1
695c39e7ce90b132208520cf,2025,1,3.501164713995246,2.879680315944688,2.6771207649393283,3,Administration,Senior Executive,0.7002329427990492,0.5759360631889376,0.5354241529878656,3.929351810363764,-0.4281870963685179,4.1734668483734065,-1.2937865324287183,3.6131124903070324,-0.9359917253677041,0
695c39e7ce90b132208520d0,2024,0,1.983024881133952,3.0773517266438373,3.5088546339283893,3,Information Technology,Associate UI/UX Designer,0.39660497622679036,0.6154703453287674,0.7017709267856779,,,,,,,0
695c39e7ce90b132208520d0,2025,1,3.279609915020746,1.8159496796158878,2.802061757196291,3,Information Technology,Associate UI/UX Designer,0.6559219830041492,0.36318993592317755,0.5604123514392583,1.983024881133952,1.2965850338867941,3.0773517266438373,-1.2614020470279494,3.5088546339283893,-0.7067928767320981,0
695c39e7ce90b132208520d1,2024,0,3.2242230900910687,5.0,3.821689846963439,3,Information Technology,Associate UI/UX Designer,0.6448446180182137,1.0,0.7643379693926878,,,,,,,0
695c39e7ce90b132208520d2,2024,0,2.749808482015069,2.581235078691594,1.8674278373430464,3,Administration,General Manager,0.5499616964030138,0.5162470157383188,0.3734855674686093,,,,,,,0
695c39e7ce90b132208520d3,2024,0,3.1030871737269052,3.0273796657507477,2.9955362133184513,3,Administration,Assistant Manager,0.620617434745381,0.6054759331501496,0.5991072426636903,,,,,,,0
695c39e7ce90b132208520d3,2025,1,4.037889133207643,3.298160399349055,3.736063319541541,3,Administration,Assistant Manager,0.8075778266415286,0.659632079869811,0.7472126639083082,3.1030871737269052,0.9348019594807377,3.0273796657507477,0.27078073359830723,2.9955362133184513,0.7405271062230896,0
695c39e7ce90b132208520d4,2024,0,4.3518696455566115,3.737515098534324,3.9937248238964225,3,Human Resources,General Manager,0.8703739291113223,0.7475030197068648,0.7987449647792845,,,,,,,1
695c39e7ce90b132208520d4,2025,1,3.432384503563328,3.6115761103212902,2.8485425800823374,3,Human Resources,General Manager,0.6864769007126655,0.722315222064258,0.5697085160164674,4.3518696455566115,-0.9194851419932837,3.737515098534324,-0.12593898821303373,3.9937248238964225,-1.145182243814085,0
695c39e7ce90b132208520d5,2024,0,3.7487939061038342,1.9468617948157547,2.605980381183741,3,Administration,Manager,0.7497587812207669,0.3893723589631509,0.5211960762367482,,,,,,,1
695c39e7ce90b132208520d5,2025,1,2.400731570482801,1.5341562779519062,2.059084134335111,3,Administration,Manager,0.48014631409656017,0.30683125559038127,0.4118168268670222,3.7487939061038342,-1.3480623356210333,1.9468617948157547,-0.4127055168638485,2.605980381183741,-0.5468962468486303,0
695c39e7ce90b132208520d6,2024,0,2.541427128593116,2.925126973257866,4.05548414885351,3,Information Technology,Senior UI/UX Designer,0.5082854257186231,0.5850253946515732,0.811096829770702,,,,,,,0
695c39e7ce90b132208520d6,2025,1,2.5544886138105474,3.5223070928992,3.230253379879038,3,Information Technology,Senior UI/UX Designer,0.5108977227621094,0.70446141857984,0.6460506759758076,2.541427128593116,0.013061485217431557,2.925126973257866,0.597180119641334,4.05548414885351,-0.825230768974472,0
695c39e7ce90b132208520d7,2024,0,2.3377883567453237,1.4920151973532447,1.7926832812475857,3,Administration,General Manager,0.46755767134906473,0.29840303947064895,0.35853665624951714,,,,,,,1
695c39e7ce90b132208520d7,2025,1,2.665654099515936,4.106210251012105,2.9379221554142947,3,Administration,General Manager,0.5331308199031872,0.821242050202421,0.587584431082859,2.3377883567453237,0.3278657427706122,1.4920151973532447,2.6141950536588605,1.7926832812475857,1.145238874166709,0
695c39e7ce90b132208520d8,2024,0,4.198842425415557,3.3327865057327566,4.2530841887324575,3,Information Technology,QA Lead,0.8397684850831114,0.6665573011465513,0.8506168377464915,,,,,,,0
695c39e7ce90b132208520d9,2024,0,2.592346541091522,1.5622989068020026,1.4992991289755933,3,Administration,Assistant Manager,0.5184693082183044,0.31245978136040053,0.29985982579511866,,,,,,,1
695c39e7ce90b132208520d9,2025,1,2.9131259508994924,2.6797625601492543,2.328296584235953,3,Administration,Assistant Manager,0.5826251901798984,0.5359525120298508,0.4656593168471906,2.592346541091522,0.3207794098079706,1.5622989068020026,1.1174636533472517,1.4992991289755933,0.8289974552603596,0
695c39e7ce90b132208520da,2024,0,1.1816953793658462,1.8214878959808987,1.688588590626134,3,Human Resources,Assistant General Manager,0.23633907587316924,0.3642975791961797,0.3377177181252268,,,,,,,1
695c39e7ce90b132208520da,2025,1,3.11875128466196,3.217538959596786,2.5765223028416044,3,Human Resources,Assistant General Manager,0.6237502569323919,0.6435077919193571,0.5153044605683209,1.1816953793658462,1.9370559052961136,1.8214878959808987,1.3960510636158872,1.688588590626134,0.8879337122154705,0
695c39e7ce90b132208520db,2024,0,1.4861928148763603,2.2986732745419625,1.8200451601765342,3,Information Technology,Associate UI/UX Designer,0.29723856297527207,0.4597346549083925,0.3640090320353068,,,,,,,0
695c39e7ce90b132208520dc,2024,0,2.995438627988735,3.299540919672146,3.8469622418015694,3,Human Resources,Assistant Manager,0.5990877255977469,0.6599081839344292,0.7693924483603138,,,,,,,0
695c39e7ce90b132208520dc,2025,1,3.975454024965363,3.0178840566092866,3.6255924473323766,3,Human Resources,Assistant Manager,0.7950908049930726,0.6035768113218574,0.7251184894664753,2.995438627988735,0.9800153969766283,3.299540919672146,-0.2816568630628593,3.8469622418015694,-0.2213697944691928,0
695c39e7ce90b132208520dd,2024,0,4.0615491564996296,4.438731991181432,2.608846114147389,3,Information Technology,Associate QA Engineer,0.812309831299926,0.8877463982362863,0.5217692228294778,,,,,,,0
695c39e7ce90b132208520dd,2025,1,4.601711529243747,4.314693760469058,3.732062071898781,3,Information Technology,Associate QA Engineer,0.9203423058487494,0.8629387520938115,0.7464124143797563,4.0615491564996296,0.5401623727441178,4.438731991181432,-0.12403823071237419,2.608846114147389,1.123215957751392,0
695c39e7ce90b132208520de,2024,0,1.8641407388417406,2.328535835566721,2.2327695976569553,3,Information Technology,UI/UX Designer,0.3728281477683481,0.46570716711334426,0.44655391953139106,,,,,,,1
695c39e7ce90b132208520de,2025,1,1.4248393225046967,1.9870012350687873,2.9554736211935198,3,Information Technology,UI/UX Designer,0.28496786450093936,0.3974002470137575,0.5910947242387039,1.8641407388417406,-0.4393014163370439,2.328535835566721,-0.3415346004979338,2.2327695976569553,0.7227040235365645,0
695c39e7ce90b132208520df,2024,0,4.298499417615025,4.277077644725003,2.987790826869824,3,Information Technology,Senior UI/UX Designer,0.859699883523005,0.8554155289450007,0.5975581653739648,,,,,,,0
695c39e7ce90b132208520e0,2024,0,3.80845764812878,3.3966282551847518,2.6303683379815457,3,Information Technology,Project Manager,0.761691529625756,0.6793256510369503,0.5260736675963091,,,,,,,0
695c39e7ce90b132208520e1,2024,0,4.752801001116361,3.3123503204455793,4.695403494115827,3,Information Technology,Administrator,0.9505602002232723,0.6624700640891159,0.9390806988231655,,,,,,,0
695c39e7ce90b132208520e1,2025,1,4.282433266274363,5.0,3.7348699853423497,3,Information Technology,Administrator,0.8564866532548725,1.0,0.7469739970684699,4.752801001116361,-0.47036773484199834,3.3123503204455793,1.6876496795544207,4.695403494115827,-0.9605335087734774,0
695c39e7ce90b132208520e2,2024,0,3.061974192692988,2.1082066696132697,3.0364201258575028,3,Administration,Manager,0.6123948385385976,0.42164133392265396,0.6072840251715006,,,,,,,1
695c39e7ce90b132208520e2,2025,1,2.7566035305544037,2.776534582165776,2.423396212903634,3,Administration,Manager,0.5513207061108807,0.5553069164331552,0.4846792425807268,3.061974192692988,-0.3053706621385843,2.1082066696132697,0.6683279125525061,3.0364201258575028,-0.6130239129538686,0
695c39e7ce90b132208520e3,2024,0,3.291664451782244,3.4066853580017145,4.4568986619325415,3,Information Technology,Associate UI/UX Designer,0.6583328903564488,0.6813370716003428,0.8913797323865083,,,,,,,0
695c39e7ce90b132208520e4,2024,0,3.1381947207799543,3.000205604704803,2.837027155082157,3,Human Resources,Assistant Manager,0.6276389441559909,0.6000411209409606,0.5674054310164314,,,,,,,0
695c39e7ce90b132208520e4,2025,1,2.308343241853525,2.8394867072404164,2.1645278915276416,3,Human Resources,Assistant Manager,0.461668648370705,0.5678973414480832,0.43290557830552834,3.1381947207799543,-0.8298514789264293,3.000205604704803,-0.1607188974643865,2.837027155082157,-0.6724992635545153,0
695c39e7ce90b132208520e5,2024,0,2.827944530318345,3.62735438236771,3.222010668079264,3,Human Resources,Manager,0.565588906063669,0.725470876473542,0.6444021336158527,,,,,,,0
695c39e7ce90b132208520e5,2025,1,2.9595330551482304,2.9187132890484455,2.9425204876514037,3,Human Resources,Manager,0.591906611029646,0.5837426578096891,0.5885040975302808,2.827944530318345,0.1315885248298856,3.62735438236771,-0.7086410933192644,3.222010668079264,-0.2794901804278602,0
695c39e7ce90b132208520e6,2024,0,2.7303681221716802,2.0442674988763514,2.526789504536965,3,Administration,Executive,0.546073624434336,0.4088534997752703,0.505357900907393,,,,,,,1
695c39e7ce90b132208520e6,2025,1,3.121695083064607,2.7752059575921595,3.0910365298301743,3,Administration,Executive,0.6243390166129215,0.5550411915184319,0.6182073059660349,2.7303681221716802,0.39132696089292685,2.0442674988763514,0.7309384587158081,2.526789504536965,0.5642470252932092,0
695c39e7ce90b132208520e7,2024,0,3.6021446944641884,3.2648016187884985,3.813035914969654,3,Administration,Executive,0.7204289388928377,0.6529603237576997,0.7626071829939308,,,,,,,0
695c39e7ce90b132208520e7,2025,1,1.3942529790574336,2.6879476954436727,3.053116697832929,3,Administration,Executive,0.27885059581148675,0.5375895390887345,0.6106233395665858,3.6021446944641884,-2.2078917154067548,3.2648016187884985,-0.5768539233448258,3.813035914969654,-0.7599192171367251,0
695c39e7ce90b132208520e8,2024,0,3.9825262133663317,2.7401395258784396,2.839260974723106,3,Administration,General Manager,0.7965052426732664,0.5480279051756879,0.5678521949446212,,,,,,,0
695c39e7ce90b132208520e8,2025,1,3.2268996183183885,2.0782076915251735,2.838806363611898,3,Administration,General Manager,0.6453799236636777,0.4156415383050347,0.5677612727223795,3.9825262133663317,-0.7556265950479433,2.7401395258784396,-0.6619318343532661,2.839260974723106,-0.0004546111112082585,0
695c39e7ce90b132208520e9,2024,0,3.19554060957453,3.471821580755482,3.2032433328045746,3,Human Resources,Manager,0.639108121914906,0.6943643161510964,0.6406486665609149,,,,,,,0
695c39e7ce90b132208520ea,2024,0,1.988025501018611,2.095378166017059,1.9213892018036751,3,Administration,Senior Executive,0.3976051002037222,0.4190756332034118,0.38427784036073503,,,,,,,1
695c39e7ce90b132208520ea,2025,1,4.201983835094444,3.554866106668519,3.0838488257592855,3,Administration,Senior Executive,0.8403967670188888,0.7109732213337038,0.6167697651518571,1.988025501018611,2.2139583340758326,2.095378166017059,1.45948794065146,1.9213892018036751,1.1624596239556104,0
695c39e7ce90b132208520eb,2024,0,4.529156604409816,4.694244420351376,3.3280171676587873,3,Information Technology,Architect,0.9058313208819632,0.9388488840702752,0.6656034335317574,,,,,,,0
695c39e7ce90b132208520ec,2024,0,2.565491560077283,3.2628407516715883,2.5289604383570845,3,Information Technology,UI/UX Designer,0.5130983120154566,0.6525681503343177,0.5057920876714169,,,,,,,0
695c39e7ce90b132208520ed,2024,0,1.7887218778590683,1.0,2.1308278156937575,3,Information Technology,Architect,0.35774437557181366,0.2,0.4261655631387515,,,,,,,0
695c39e7ce90b132208520ee,2024,0,3.344091632022047,4.297197928260953,2.463411419093515,3,Human Resources,Manager,0.6688183264044094,0.8594395856521906,0.49268228381870294,,,,,,,0
695c39e7ce90b132208520ee,2025,1,3.969681160123221,4.557350433399024,3.7195339330573005,3,Human Resources,Manager,0.7939362320246441,0.9114700866798048,0.7439067866114601,3.344091632022047,0.6255895281011741,4.297197928260953,0.26015250513807064,2.463411419093515,1.2561225139637857,0
695c39e7ce90b132208520ef,2024,0,2.491635263758962,2.9978238015889964,2.5511132121281124,3,Human Resources,Senior Manager,0.49832705275179234,0.5995647603177993,0.5102226424256224,,,,,,,0
695c39e7ce90b132208520ef,2025,1,2.835567404761855,3.56430877484497,2.5872829193202573,3,Human Resources,Senior Manager,0.567113480952371,0.712861754968994,0.5174565838640515,2.491635263758962,0.34393214100289304,2.9978238015889964,0.5664849732559736,2.5511132121281124,0.03616970719214496,0
695c39e7ce90b132208520f0,2024,0,4.344613563268809,3.953407623130598,3.1387750204601064,3,Information Technology,UI/UX Lead,0.8689227126537619,0.7906815246261196,0.6277550040920212,,,,,,,1
695c39e7ce90b132208520f0,2025,1,2.7749313043942374,4.080490950900221,3.2138488691602016,3,Information Technology,UI/UX Lead,0.5549862608788475,0.8160981901800441,0.6427697738320404,4.344613563268809,-1.5696822588745718,3.953407623130598,0.12708332776962283,3.1387750204601064,0.07507384870009526,0
695c39e7ce90b132208520f1,2024,0,3.051663471711661,2.724339579633621,3.416934929548246,3,Human Resources,General Manager,0.6103326943423322,0.5448679159267242,0.6833869859096492,,,,,,,0
695c39e7ce90b132208520f1,2025,1,3.7259413643066814,4.380849943102766,3.9279595845103352,3,Human Resources,General Manager,0.7451882728613363,0.8761699886205532,0.7855919169020671,3.051663471711661,0.6742778925950206,2.724339579633621,1.656510363469145,3.416934929548246,0.5110246549620894,0
695c39e7ce90b132208520f2,2024,0,3.192465359216003,3.265508789156888,2.9340061785193137,3,Information Technology,Software Engineer,0.6384930718432006,0.6531017578313776,0.5868012357038628,,,,,,,0
695c39e7ce90b132208520f3,2024,0,3.3720902239223807,2.8703279223751426,2.047764955209159,3,Human Resources,Assistant Manager,0.6744180447844761,0.5740655844750285,0.40955299104183174,,,,,,,0
695c39e7ce90b132208520f4,2024,0,2.7580596011134606,4.2334492494486256,3.70500152273559,3,Information Technology,QA Engineer,0.5516119202226921,0.8466898498897251,0.7410003045471181,,,,,,,0
695c39e7ce90b132208520f5,2024,0,1.5068407029925206,2.084169704816755,1.5011418116907653,3,Information Technology,QA Lead,0.30136814059850414,0.41683394096335097,0.3002283623381531,,,,,,,1
695c39e7ce90b132208520f5,2025,1,1.811076001956456,2.6223880554250476,2.8811430014005595,3,Information Technology,QA Lead,0.3622152003912912,0.5244776110850096,0.5762286002801119,1.5068407029925206,0.3042352989639354,2.084169704816755,0.5382183506082927,1.5011418116907653,1.3800011897097941,0
695c39e7ce90b132208520f6,2024,0,3.4892825124159184,3.8193239238540997,2.871651110796543,3,Human Resources,Senior Manager,0.6978565024831836,0.76386478477082,0.5743302221593086,,,,,,,1
695c39e7ce90b132208520f6,2025,1,3.1946321684844254,1.944852899053087,2.1971524768631574,3,Human Resources,Senior Manager,0.6389264336968851,0.3889705798106174,0.43943049537263146,3.4892825124159184,-0.2946503439314929,3.8193239238540997,-1.8744710248010128,2.871651110796543,-0.6744986339333856,0
695c39e7ce90b132208520f7,2024,0,2.8272722574620825,2.338980329099684,1.9006605787938442,3,Administration,Assistant General Manager,0.5654544514924165,0.46779606581993677,0.3801321157587688,,,,,,,1
695c39e7ce90b132208520f7,2025,1,1.952096635892191,1.1132995657405185,1.7198507531537048,3,Administration,Assistant General Manager,0.3904193271784382,0.22265991314810368,0.343970150630741,2.8272722574620825,-0.8751756215698916,2.338980329099684,-1.2256807633591653,1.9006605787938442,-0.18080982564013937,0
695c39e7ce90b132208520f8,2024,0,3.461394485648913,3.6263306265858954,4.056646443798539,3,Human Resources,Assistant Manager,0.6922788971297826,0.725266125317179,0.8113292887597078,,,,,,,0
695c39e7ce90b132208520f8,2025,1,5.0,3.8258243668687,4.904118402195046,3,Human Resources,Assistant Manager,1.0,0.7651648733737401,0.9808236804390091,3.461394485648913,1.538605514351087,3.6263306265858954,0.19949374028280475,4.056646443798539,0.8474719583965067,0
695c39e7ce90b132208520f9,2024,0,2.762177473557521,2.9455497668649624,3.192372146822182,3,Information Technology,Senior QA Engineer,0.5524354947115042,0.5891099533729924,0.6384744293644364,,,,,,,0
695c39e7ce90b132208520f9,2025,1,4.614209330358536,4.043463816581007,2.2215860509226424,3,Information Technology,Senior QA Engineer,0.9228418660717072,0.8086927633162014,0.44431721018452847,2.762177473557521,1.8520318568010148,2.9455497668649624,1.097914049716045,3.192372146822182,-0.9707860958995398,0
695c39e7ce90b132208520fa,2024,0,4.292230248200168,3.7505709664036275,4.407530365469342,3,Administration,Assistant Manager,0.8584460496400336,0.7501141932807255,0.8815060730938684,,,,,,,0
695c39e7ce90b132208520fa,2025,1,3.6407622668516444,3.6720359297561145,2.9783824068858116,3,Administration,Assistant Manager,0.7281524533703289,0.7344071859512229,0.5956764813771623,4.292230248200168,-0.6514679813485236,3.7505709664036275,-0.07853503664751305,4.407530365469342,-1.4291479585835307,0
695c39e7ce90b132208520fb,2024,0,2.333561157111146,1.4760429882773456,2.338501504851795,3,Information Technology,Associate Project Manager,0.4667122314222292,0.29520859765546914,0.467700300970359,,,,,,,0
695c39e7ce90b132208520fc,2024,0,2.7777438138971693,2.962294182206587,3.594805041546263,3,Human Resources,Assistant Manager,0.5555487627794339,0.5924588364413175,0.7189610083092526,,,,,,,0
695c39e7ce90b132208520fc,2025,1,2.9321985515715423,3.0142788978292065,4.016352586119628,3,Human Resources,Assistant Manager,0.5864397103143084,0.6028557795658414,0.8032705172239256,2.7777438138971693,0.154454737674373,2.962294182206587,0.051984715622619415,3.594805041546263,0.42154754457336496,0
695c39e7ce90b132208520fd,2024,0,3.217344008780736,2.8211771623060193,2.8009585008538567,3,Human Resources,Executive,0.6434688017561472,0.5642354324612039,0.5601917001707714,,,,,,,0
695c39e7ce90b132208520fd,2025,1,2.8896176323875378,4.231764851856197,3.838501055399403,3,Human Resources,Executive,0.5779235264775076,0.8463529703712395,0.7677002110798805,3.217344008780736,-0.3277263763931981,2.8211771623060193,1.4105876895501779,2.8009585008538567,1.0375425545455461,0
695c39e7ce90b132208520fe,2024,0,2.5311855697331396,2.0356028790550993,3.5790014046226126,3,Administration,Senior Executive,0.506237113946628,0.40712057581101985,0.7158002809245225,,,,,,,0
695c39e7ce90b132208520fe,2025,1,1.7422332850378581,1.4007831227710679,1.7009046489634132,3,Administration,Senior Executive,0.3484466570075716,0.2801566245542136,0.34018092979268266,2.5311855697331396,-0.7889522846952814,2.0356028790550993,-0.6348197562840314,3.5790014046226126,-1.8780967556591994,0
695c39e7ce90b132208520ff,2024,0,2.743151711509627,1.1757312893162428,1.750862059411595,3,Administration,Senior Manager,0.5486303423019254,0.23514625786324855,0.35017241188231896,,,,,,,1
695c39e7ce90b132208520ff,2025,1,2.662657893038325,2.3011745848284715,3.702320013777575,3,Administration,Senior Manager,0.532531578607665,0.4602349169656943,0.7404640027555149,2.743151711509627,-0.08049381847130199,1.1757312893162428,1.1254432955122287,1.750862059411595,1.95145795436598,0
695c39e7ce90b13220852100,2024,0,1.6800969330215816,3.1949269221109,1.7485875444155112,3,Administration,Executive,0.3360193866043163,0.63898538442218,0.34971750888310227,,,,,,,0
695c39e7ce90b13220852100,2025,1,3.14838981260228,4.013396911587485,2.9489857052470176,3,Administration,Executive,0.629677962520456,0.8026793823174969,0.5897971410494035,1.6800969330215816,1.4682928795806984,3.1949269221109,0.818469989476585,1.7485875444155112,1.2003981608315064,0
695c39e7ce90b13220852101,2024,0,3.250217799337492,2.3073312678332307,3.276411815357591,3,Administration,Assistant General Manager,0.6500435598674984,0.46146625356664617,0.6552823630715182,,,,,,,0
695c39e7ce90b13220852102,2024,0,4.0806043940160155,4.638493107615059,2.9999928757920107,3,Human Resources,Senior Manager,0.816120878803203,0.9276986215230117,0.5999985751584022,,,,,,,1
695c39e7ce90b13220852102,2025,1,2.0788767994017006,2.2684261863644,2.7455289897222888,3,Human Resources,Senior Manager,0.4157753598803401,0.45368523727288,0.5491057979444578,4.0806043940160155,-2.001727594614315,4.638493107615059,-2.3700669212506584,2.9999928757920107,-0.2544638860697219,0
695c39e7ce90b13220852103,2024,0,2.673076590786254,2.320702032085154,3.1040188556088735,3,Administration,General Manager,0.5346153181572508,0.4641404064170308,0.6208037711217747,,,,,,,1
695c39e7ce90b13220852103,2025,1,3.0966480592530945,4.9683319635986445,4.484049780524619,3,Administration,General Manager,0.6193296118506189,0.9936663927197289,0.8968099561049238,2.673076590786254,0.42357146846684035,2.320702032085154,2.6476299315134906,3.1040188556088735,1.3800309249157454,0
695c39e7ce90b13220852104,2024,0,2.3460419979381504,2.3605691711974974,3.2522269540493727,3,Information Technology,Associate QA Engineer,0.46920839958763005,0.4721138342394995,0.6504453908098745,,,,,,,0
695c39e7ce90b13220852104,2025,1,2.765085406023912,2.395889007991027,2.994754091648888,3,Information Technology,Associate QA Engineer,0.5530170812047823,0.4791778015982054,0.5989508183297776,2.3460419979381504,0.41904340808576146,2.3605691711974974,0.03531983679352946,3.2522269540493727,-0.2574728624004847,0
695c39e7ce90b13220852105,2024,0,2.7870487918303493,1.563378078440801,1.166373997116642,3,Human Resources,Associate,0.5574097583660699,0.31267561568816016,0.2332747994233284,,,,,,,1
695c39e7ce90b13220852105,2025,1,3.862522540346719,2.7768824331342206,4.220130931723904,3,Human Resources,Associate,0.7725045080693438,0.5553764866268441,0.8440261863447809,2.7870487918303493,1.07547374851637,1.563378078440801,1.2135043546934197,1.166373997116642,3.0537569346072626,0
695c39e7ce90b13220852106,2024,0,4.074878257223809,3.64796159978608,3.7276464206317095,3,Human Resources,Assistant Manager,0.8149756514447619,0.729592319957216,0.7455292841263419,,,,,,,1
695c39e7ce90b13220852106,2025,1,2.86126185554059,2.6334136796976804,2.7985363876894245,3,Human Resources,Assistant Manager,0.572252371108118,0.5266827359395361,0.5597072775378849,4.074878257223809,-1.2136164016832192,3.64796159978608,-1.0145479200883996,3.7276464206317095,-0.929110032942285,0
695c39e7ce90b13220852107,2024,0,2.0679147943584666,3.1820615141593143,2.971633221814623,3,Human Resources,Senior Manager,0.41358295887169333,0.6364123028318629,0.5943266443629246,,,,,,,0
695c39e7ce90b13220852108,2024,0,2.030477419563207,1.9109326932891455,2.1231915303003066,3,Information Technology,Associate QA Engineer,0.40609548391264144,0.3821865386578291,0.4246383060600613,,,,,,,1
695c39e7ce90b13220852108,2025,1,3.0500407875340008,1.1178447543783492,1.4332317237797974,3,Information Technology,Associate QA Engineer,0.6100081575068002,0.22356895087566983,0.28664634475595946,2.030477419563207,1.0195633679707936,1.9109326932891455,-0.7930879389107963,2.1231915303003066,-0.6899598065205093,0
695c39e7ce90b13220852109,2024,0,3.388259661697119,2.649687872249745,3.090535246749753,3,Administration,Manager,0.6776519323394238,0.529937574449949,0.6181070493499506,,,,,,,1
695c39e7ce90b13220852109,2025,1,2.047318908054051,2.6799430733115654,2.604859185722394,3,Administration,Manager,0.40946378161081015,0.5359886146623131,0.5209718371444788,3.388259661697119,-1.3409407536430682,2.649687872249745,0.030255201061820447,3.090535246749753,-0.48567606102735894,0
695c39e7ce90b1322085210a,2024,0,3.427831316909925,2.661885421285566,2.794671052517959,3,Administration,Assistant Manager,0.685566263381985,0.5323770842571132,0.5589342105035918,,,,,,,1
695c39e7ce90b1322085210a,2025,1,4.04281442835295,4.101056440988962,4.277164816871604,3,Administration,Assistant Manager,0.8085628856705901,0.8202112881977923,0.8554329633743208,3.427831316909925,0.6149831114430255,2.661885421285566,1.4391710197033958,2.794671052517959,1.482493764353645,0
695c39e7ce90b1322085210b,2024,0,3.2056715495504085,2.6182528799270948,3.8108622201402533,3,Human Resources,Executive,0.6411343099100817,0.523650575985419,0.7621724440280506,,,,,,,0
695c39e7ce90b1322085210b,2025,1,3.9103049870106945,4.030599663552479,2.4781685003567113,3,Human Resources,Executive,0.7820609974021389,0.8061199327104959,0.4956337000713423,3.2056715495504085,0.7046334374602861,2.6182528799270948,1.4123467836253845,3.8108622201402533,-1.332693719783542,0
695c39e7ce90b1322085210c,2024,0,1.7234195607400389,2.075319428135071,1.754139344584473,3,Administration,Team Lead,0.34468391214800775,0.4150638856270142,0.3508278689168946,,,,,,,1
695c39e7ce90b1322085210c,2025,1,3.186013612020597,3.9481576237314715,2.736236360008994,3,Administration,Team Lead,0.6372027224041193,0.7896315247462943,0.5472472720017988,1.7234195607400389,1.462594051280558,2.075319428135071,1.8728381955964006,1.754139344584473,0.982097015424521,0
695c39e7ce90b1322085210d,2024,0,2.6500577778260346,3.283346596714719,3.7436811537133696,3,Information Technology,Associate UI/UX Designer,0.530011555565207,0.6566693193429438,0.7487362307426739,,,,,,,0
695c39e7ce90b1322085210d,2025,1,3.3704004771149934,2.1651693821928015,4.36727247551735,3,Information Technology,Associate UI/UX Designer,0.6740800954229986,0.4330338764385603,0.87345449510347,2.6500577778260346,0.7203426992889588,3.283346596714719,-1.1181772145219173,3.7436811537133696,0.6235913218039801,0
695c39e7ce90b1322085210e,2024,0,2.9394651238239633,2.7591898591518573,3.1413269032998765,3,Human Resources,Manager,0.5878930247647927,0.5518379718303714,0.6282653806599753,,,,,,,0
695c39e7ce90b1322085210e,2025,1,3.394720407139624,2.890195199811958,3.2280441885851903,3,Human Resources,Manager,0.6789440814279248,0.5780390399623916,0.645608837717038,2.9394651238239633,0.4552552833156609,2.7591898591518573,0.1310053406601006,3.1413269032998765,0.08671728528531375,0
695c39e7ce90b1322085210f,2024,0,3.6076340708238632,4.8471976337612555,4.10917878375386,3,Human Resources,Assistant General Manager,0.7215268141647726,0.9694395267522511,0.821835756750772,,,,,,,0
695c39e7ce90b13220852110,2024,0,4.222535620700033,2.9901763496123683,2.9606159969230994,3,Information Technology,Associate UI/UX Designer,0.8445071241400066,0.5980352699224737,0.5921231993846199,,,,,,,0
695c39e7ce90b13220852110,2025,1,2.7050635927324294,3.3545133130549476,2.9994935560981326,3,Information Technology,Associate UI/UX Designer,0.5410127185464859,0.6709026626109895,0.5998987112196266,4.222535620700033,-1.517472027967604,2.9901763496123683,0.36433696344257926,2.9606159969230994,0.038877559175033216,0
695c39e7ce90b13220852111,2024,0,3.3771006180982877,3.190197092729839,2.556900968123773,3,Information Technology,Senior Software Engineer,0.6754201236196575,0.6380394185459678,0.5113801936247546,,,,,,,0
695c39e7ce90b13220852112,2024,0,4.098509850517095,3.8259350401930794,4.3275935699505315,3,Administration,Senior Executive,0.8197019701034189,0.7651870080386158,0.8655187139901063,,,,,,,0
695c39e7ce90b13220852113,2024,0,3.6681891405390723,4.2315089163883375,3.4364876207296033,3,Administration,Senior Executive,0.7336378281078144,0.8463017832776675,0.6872975241459207,,,,,,,1
695c39e7ce90b13220852113,2025,1,1.6717346059486,1.0091963582392234,1.2875767409538244,3,Administration,Senior Executive,0.33434692118972,0.20183927164784468,0.2575153481907649,3.6681891405390723,-1.9964545345904723,4.2315089163883375,-3.222312558149114,3.4364876207296033,-2.148910879775779,0
695c39e7ce90b13220852114,2024,0,3.0217951933125384,4.33515571987006,3.0963151810184177,3,Human Resources,Senior Manager,0.6043590386625077,0.8670311439740119,0.6192630362036835,,,,,,,1
695c39e7ce90b13220852114,2025,1,2.0716507951866516,2.446050988399203,1.8075352692023245,3,Human Resources,Senior Manager,0.41433015903733034,0.4892101976798406,0.3615070538404649,3.0217951933125384,-0.9501443981258868,4.33515571987006,-1.889104731470857,3.0963151810184177,-1.2887799118160932,0
695c39e7ce90b13220852115,2024,0,3.383895219942259,1.0,2.274589570504082,3,Information Technology,Senior UI/UX Designer,0.6767790439884518,0.2,0.4549179141008164,,,,,,,1
695c39e7ce90b13220852115,2025,1,2.4291127117455407,3.039565324904737,1.584801624021933,3,Information Technology,Senior UI/UX Designer,0.48582254234910816,0.6079130649809474,0.3169603248043866,3.383895219942259,-0.9547825081967183,1.0,2.039565324904737,2.274589570504082,-0.689787946482149,0
695c39e7ce90b13220852116,2024,0,4.169339080430409,3.6841197943168873,3.5285172219767964,3,Human Resources,Executive,0.8338678160860817,0.7368239588633775,0.7057034443953593,,,,,,,1
695c39e7ce90b13220852116,2025,1,2.5554537257850174,3.1920001743216595,2.743499058554962,3,Human Resources,Executive,0.5110907451570035,0.6384000348643319,0.5486998117109925,4.169339080430409,-1.6138853546453915,3.6841197943168873,-0.4921196199952278,3.5285172219767964,-0.7850181634218343,0
695c39e7ce90b13220852117,2024,0,3.4505195375503828,2.7072392138506927,3.054074869369194,3,Information Technology,Associate Project Manager,0.6901039075100766,0.5414478427701386,0.6108149738738388,,,,,,,1
695c39e7ce90b13220852117,2025,1,1.0,2.2169923700898346,2.1880462151906683,3,Information Technology,Associate Project Manager,0.2,0.44339847401796695,0.43760924303813364,3.4505195375503828,-2.4505195375503828,2.7072392138506927,-0.49024684376085803,3.054074869369194,-0.8660286541785256,0
695c39e7ce90b13220852118,2024,0,2.8364911354368996,2.5528904429027284,3.5349712844585106,3,Administration,General Manager,0.5672982270873799,0.5105780885805457,0.7069942568917021,,,,,,,0
695c39e7ce90b13220852118,2025,1,1.3974909286613433,2.2245814062341527,2.340989009129446,3,Administration,General Manager,0.27949818573226864,0.4449162812468305,0.4681978018258892,2.8364911354368996,-1.4390002067755563,2.5528904429027284,-0.3283090366685757,3.5349712844585106,-1.1939822753290645,0
695c39e7ce90b13220852119,2024,0,2.086326497959192,2.575541821325484,3.3480304379228807,3,Administration,Assistant General Manager,0.41726529959183833,0.5151083642650968,0.6696060875845762,,,,,,,0
695c39e7ce90b13220852119,2025,1,2.8872602183507325,3.023136196511408,3.2930298756631466,3,Administration,Assistant General Manager,0.5774520436701465,0.6046272393022816,0.6586059751326293,2.086326497959192,0.8009337203915408,2.575541821325484,0.44759437518592415,3.3480304379228807,-0.05500056225973404,0
695c39e7ce90b1322085211a,2024,0,1.271270378988703,1.334686504603312,1.3214756466071724,3,Information Technology,Associate Project Manager,0.2542540757977406,0.2669373009206624,0.2642951293214345,,,,,,,1
695c39e7ce90b1322085211a,2025,1,2.688670180580572,3.132074018544554,3.1550967991192556,3,Information Technology,Associate Project Manager,0.5377340361161144,0.6264148037089108,0.6310193598238512,1.271270378988703,1.417399801591869,1.334686504603312,1.797387513941242,1.3214756466071724,1.8336211525120831,0
695c39e7ce90b1322085211b,2024,0,1.7126716307539556,2.702756402068717,2.6866766697449913,3,Administration,Team Lead,0.3425343261507911,0.5405512804137433,0.5373353339489982,,,,,,,1
695c39e7ce90b1322085211b,2025,1,4.208784733161751,3.4336943045835944,2.5140492224166278,3,Administration,Team Lead,0.8417569466323502,0.6867388609167189,0.5028098444833256,1.7126716307539556,2.496113102407796,2.702756402068717,0.7309379025148774,2.6866766697449913,-0.17262744732836355,0
695c39e7ce90b1322085211c,2024,0,4.09000973880328,3.6331291600253532,3.2067493561237064,3,Administration,Assistant General Manager,0.818001947760656,0.7266258320050707,0.6413498712247413,,,,,,,1
695c39e7ce90b1322085211c,2025,1,2.3324445992150338,1.563298471035333,1.3302541455227699,3,Administration,Assistant General Manager,0.4664889198430068,0.31265969420706663,0.26605082910455397,4.09000973880328,-1.7575651395882463,3.6331291600253532,-2.06983068899002,3.2067493561237064,-1.8764952106009365,0
695c39e7ce90b1322085211d,2024,0,4.141426756371012,2.678454047281515,4.572768805812424,3,Administration,Team Lead,0.8282853512742024,0.535690809456303,0.9145537611624848,,,,,,,0
695c39e7ce90b1322085211e,2024,0,3.6448399047820192,4.630794141930175,4.30181041059798,3,Human Resources,Team Lead,0.7289679809564038,0.926158828386035,0.8603620821195961,,,,,,,0
695c39e7ce90b1322085211e,2025,1,2.682402064502338,3.675922265080823,3.4100711933913175,3,Human Resources,Team Lead,0.5364804129004676,0.7351844530161646,0.6820142386782635,3.6448399047820192,-0.9624378402796814,4.630794141930175,-0.954871876849352,4.30181041059798,-0.8917392172066627,0
695c39e7ce90b1322085211f,2024,0,3.5082850293684644,4.902769569559403,3.217097318777587,3,Information Technology,Associate Project Manager,0.7016570058736928,0.9805539139118806,0.6434194637555174,,,,,,,0
695c39e7ce90b1322085211f,2025,1,2.626608815377165,3.003464227848168,2.839050416610978,3,Information Technology,Associate Project Manager,0.525321763075433,0.6006928455696336,0.5678100833221956,3.5082850293684644,-0.8816762139912995,4.902769569559403,-1.8993053417112353,3.217097318777587,-0.37804690216660886,0
695c39e7ce90b13220852120,2024,0,3.5568897571976237,4.376380246784578,4.14320343307093,3,Information Technology,Project Manager,0.7113779514395248,0.8752760493569156,0.828640686614186,,,,,,,0
695c39e7ce90b13220852120,2025,1,4.594750306925807,2.5714426743990355,3.698807663212155,3,Information Technology,Project Manager,0.9189500613851613,0.5142885348798071,0.7397615326424309,3.5568897571976237,1.0378605497281832,4.376380246784578,-1.8049375723855423,4.14320343307093,-0.44439576985877505,0
695c39e7ce90b13220852121,2024,0,2.755004349875639,3.5124481868730606,3.2409654998178805,3,Information Technology,Associate UI/UX Designer,0.5510008699751279,0.7024896373746121,0.6481930999635761,,,,,,,0
695c39e7ce90b13220852121,2025,1,4.196818069871409,3.8222013103295898,4.392130661246944,3,Information Technology,Associate UI/UX Designer,0.8393636139742817,0.764440262065918,0.8784261322493888,2.755004349875639,1.4418137199957695,3.5124481868730606,0.30975312345652917,3.2409654998178805,1.1511651614290637,0
695c39e7ce90b13220852122,2024,0,4.047863195585113,3.5154403602372515,3.6632723737877915,3,Human Resources,Associate,0.8095726391170226,0.7030880720474503,0.7326544747575583,,,,,,,0
695c39e7ce90b13220852122,2025,1,3.989971580018381,3.6378578159856936,4.2852585815107975,3,Human Resources,Associate,0.7979943160036762,0.7275715631971387,0.8570517163021595,4.047863195585113,-0.057891615566731947,3.5154403602372515,0.1224174557484421,3.6632723737877915,0.6219862077230061,0
695c39e7ce90b13220852123,2024,0,2.4216887244016676,1.3977968699352137,2.7197217534441642,3,Administration,Senior Manager,0.48433774488033354,0.2795593739870427,0.5439443506888328,,,,,,,0
695c39e7ce90b13220852123,2025,1,3.5874317327024596,2.225169414677497,1.7166762455409512,3,Administration,Senior Manager,0.7174863465404919,0.4450338829354994,0.34333524910819024,2.4216887244016676,1.165743008300792,1.3977968699352137,0.8273725447422833,2.7197217534441642,-1.003045507903213,0
695c39e7ce90b13220852124,2024,0,3.338160306212135,1.7692434995107593,3.2033261058099707,3,Human Resources,Senior Manager,0.667632061242427,0.35384869990215184,0.6406652211619941,,,,,,,0
695c39e7ce90b13220852124,2025,1,3.6255932244971265,4.4884222140693115,4.416378038541017,3,Human Resources,Senior Manager,0.7251186448994253,0.8976844428138623,0.8832756077082035,3.338160306212135,0.2874329182849915,1.7692434995107593,2.719178714558552,3.2033261058099707,1.2130519327310467,0
695c39e7ce90b13220852125,2024,0,2.835969814718328,2.9546834861908375,2.9730559934422773,3,Information Technology,Tech Lead,0.5671939629436655,0.5909366972381676,0.5946111986884555,,,,,,,0
695c39e7ce90b13220852125,2025,1,3.057907189327706,4.479514831667628,1.6669591706992821,3,Information Technology,Tech Lead,0.6115814378655412,0.8959029663335256,0.3333918341398564,2.835969814718328,0.22193737460937824,2.9546834861908375,1.5248313454767906,2.9730559934422773,-1.3060968227429952,0
695c39e7ce90b13220852126,2024,0,2.968708922149676,3.3724700889193238,4.412604463587984,3,Administration,General Manager,0.5937417844299352,0.6744940177838648,0.8825208927175968,,,,,,,1
695c39e7ce90b13220852126,2025,1,1.3306375221407478,1.672259304380569,2.104456786201312,3,Administration,General Manager,0.2661275044281496,0.3344518608761138,0.4208913572402624,2.968708922149676,-1.6380714000089283,3.3724700889193238,-1.7002107845387548,4.412604463587984,-2.308147677386672,0
695c39e7ce90b13220852127,2024,0,3.779728355308319,2.472235183953424,2.693377490188018,3,Information Technology,Administrator,0.7559456710616639,0.4944470367906848,0.5386754980376036,,,,,,,1
695c39e7ce90b13220852127,2025,1,3.6848688245550454,3.3362199594448025,3.374310731588466,3,Information Technology,Administrator,0.7369737649110091,0.6672439918889606,0.6748621463176933,3.779728355308319,-0.0948595307532738,2.472235183953424,0.8639847754913785,2.693377490188018,0.6809332414004481,0
695c39e7ce90b13220852128,2024,0,2.812824940037121,2.6513703733531946,3.4759241459592056,3,Administration,Assistant Manager,0.5625649880074242,0.5302740746706389,0.6951848291918411,,,,,,,0
695c39e7ce90b13220852128,2025,1,2.5912273847079454,2.2224374736827475,2.886305650921721,3,Administration,Assistant Manager,0.5182454769415891,0.44448749473654947,0.5772611301843442,2.812824940037121,-0.22159755532917558,2.6513703733531946,-0.4289328996704471,3.4759241459592056,-0.5896184950374845,0
695c39e7ce90b13220852129,2024,0,2.1225919406446447,1.8679379479041303,1.0,3,Human Resources,Assistant Manager,0.42451838812892895,0.37358758958082605,0.2,,,,,,,1
695c39e7ce90b13220852129,2025,1,2.613936464490093,3.0844646714200863,3.5277037262899675,3,Human Resources,Assistant Manager,0.5227872928980186,0.6168929342840173,0.7055407452579935,2.1225919406446447,0.49134452384544813,1.8679379479041303,1.216526723515956,1.0,2.5277037262899675,0
695c39e7ce90b1322085212a,2024,0,4.146688943902316,2.368572913335836,3.9021134098804864,3,Administration,Assistant General Manager,0.8293377887804632,0.47371458266716726,0.7804226819760973,,,,,,,0
695c39e7ce90b1322085212a,2025,1,4.111506949346122,3.9308677665618523,3.836440853771329,3,Administration,Assistant General Manager,0.8223013898692244,0.7861735533123705,0.7672881707542658,4.146688943902316,-0.03518199455619353,2.368572913335836,1.5622948532260161,3.9021134098804864,-0.06567255610915756,0
695c39e7ce90b1322085212b,2024,0,3.702655757101482,2.5264584332856166,4.2905758207454365,3,Human Resources,Executive,0.7405311514202964,0.5052916866571233,0.8581151641490873,,,,,,,0
695c39e7ce90b1322085212b,2025,1,2.0953209789927816,4.353889009686049,3.8427812636022596,3,Human Resources,Executive,0.4190641957985563,0.8707778019372098,0.7685562527204519,3.702655757101482,-1.6073347781087004,2.5264584332856166,1.8274305764004324,4.2905758207454365,-0.44779455714317695,0
695c39e7ce90b1322085212c,2024,0,1.1170707428518418,1.3441491763481337,1.8688342964828806,3,Administration,General Manager,0.22341414857036837,0.2688298352696267,0.3737668592965761,,,,,,,1
695c39e7ce90b1322085212c,2025,1,2.0601817422584827,2.1726375439466015,1.7677362174454787,3,Administration,General Manager,0.41203634845169657,0.4345275087893203,0.3535472434890957,1.1170707428518418,0.9431109994066409,1.3441491763481337,0.8284883675984678,1.8688342964828806,-0.10109807903740187,0
695c39e7ce90b1322085212d,2024,0,3.0116390155619936,2.3706251042822144,1.7246441343367898,3,Information Technology,UI/UX Lead,0.6023278031123988,0.47412502085644287,0.34492882686735793,,,,,,,0
695c39e7ce90b1322085212d,2025,1,3.1772589717174915,3.6366341444450327,3.1972534992797925,3,Information Technology,UI/UX Lead,0.6354517943434983,0.7273268288890066,0.6394506998559585,3.0116390155619936,0.16561995615549785,2.3706251042822144,1.2660090401628183,1.7246441343367898,1.4726093649430028,0
695c39e7ce90b1322085212e,2024,0,1.678111024544302,2.3583331010246087,1.8621841287787997,3,Human Resources,Executive,0.3356222049088604,0.4716666202049217,0.3724368257557599,,,,,,,0
695c39e7ce90b1322085212f,2024,0,4.019781333693379,3.7308008502980043,3.9529265203473885,3,Administration,Senior Executive,0.8039562667386757,0.7461601700596009,0.7905853040694777,,,,,,,0
695c39e7ce90b1322085212f,2025,1,5.0,4.787414768729528,4.856010047577399,3,Administration,Senior Executive,1.0,0.9574829537459056,0.9712020095154799,4.019781333693379,0.9802186663066212,3.7308008502980043,1.0566139184315237,3.9529265203473885,0.9030835272300108,0
695c39e7ce90b13220852130,2024,0,3.9029855313672024,3.3656792965432794,2.2639192629668377,3,Information Technology,Associate Software Engineer,0.7805971062734405,0.6731358593086558,0.4527838525933675,,,,,,,0
695c39e7ce90b13220852131,2024,0,2.270746182301283,3.1519231486329344,2.2402697767605804,3,Administration,Assistant Manager,0.45414923646025657,0.6303846297265869,0.44805395535211606,,,,,,,1
695c39e7ce90b13220852131,2025,1,2.354434872471968,3.0773843139981762,3.4024451818099775,3,Administration,Assistant Manager,0.4708869744943936,0.6154768627996352,0.6804890363619955,2.270746182301283,0.08368869017068503,3.1519231486329344,-0.07453883463475819,2.2402697767605804,1.162175405049397,0
695c39e7ce90b13220852132,2024,0,2.7867902902014214,3.4130303492020184,2.478392830383985,3,Administration,Associate,0.5573580580402843,0.6826060698404037,0.495678566076797,,,,,,,0
695c39e7ce90b13220852132,2025,1,3.2016137575966073,3.4028924241214282,2.3942674487450955,3,Administration,Associate,0.6403227515193215,0.6805784848242856,0.4788534897490191,2.7867902902014214,0.41482346739518583,3.4130303492020184,-0.010137925080590193,2.478392830383985,-0.08412538163888961,0
695c39e7ce90b13220852133,2024,0,2.7765933335646538,3.3345358852802747,2.5368644630125003,3,Information Technology,Senior Software Engineer,0.5553186667129307,0.666907177056055,0.5073728926025001,,,,,,,0
695c39e7ce90b13220852133,2025,1,2.481891434841951,2.282553409125251,3.2715402250969383,3,Information Technology,Senior Software Engineer,0.4963782869683902,0.4565106818250502,0.6543080450193877,2.7765933335646538,-0.2947018987227028,3.3345358852802747,-1.0519824761550236,2.5368644630125003,0.734675762084438,0
695c39e7ce90b13220852134,2024,0,2.4892862519469245,3.4484216830899124,2.692403234342681,3,Human Resources,Associate,0.4978572503893849,0.6896843366179825,0.5384806468685361,,,,,,,1
695c39e7ce90b13220852134,2025,1,1.903924639203252,1.8547206825676426,2.2894848997952595,3,Human Resources,Associate,0.38078492784065043,0.37094413651352853,0.4578969799590519,2.4892862519469245,-0.5853616127436725,3.4484216830899124,-1.5937010005222698,2.692403234342681,-0.40291833454742143,0
695c39e7ce90b13220852135,2024,0,3.75692267108173,4.6699238549310875,2.9074949889872466,3,Administration,Associate,0.751384534216346,0.9339847709862175,0.5814989977974493,,,,,,,0
695c39e7ce90b13220852135,2025,1,2.4856491901680444,2.060754232484349,2.6363701560440127,3,Administration,Associate,0.4971298380336089,0.4121508464968698,0.5272740312088026,3.75692267108173,-1.2712734809136856,4.6699238549310875,-2.6091696224467387,2.9074949889872466,-0.27112483294323386,0
695c39e7ce90b13220852136,2024,0,2.8561061078663768,3.70897241623002,2.416766290374504,3,Information Technology,Administrator,0.5712212215732754,0.7417944832460039,0.4833532580749008,,,,,,,0
695c39e7ce90b13220852136,2025,1,2.6931672035502308,4.338592613455798,3.0355369837638677,3,Information Technology,Administrator,0.5386334407100462,0.8677185226911597,0.6071073967527736,2.8561061078663768,-0.162938904316146,3.70897241623002,0.6296201972257784,2.416766290374504,0.6187706933893637,0
695c39e7ce90b13220852137,2024,0,3.221589001164477,3.59551961939312,3.2110326925012194,3,Administration,Senior Executive,0.6443178002328954,0.719103923878624,0.6422065385002439,,,,,,,0
695c39e7ce90b13220852137,2025,1,3.3657623272389485,3.2202627594265003,3.121380030098984,3,Administration,Senior Executive,0.6731524654477897,0.6440525518853001,0.6242760060197968,3.221589001164477,0.1441733260744713,3.59551961939312,-0.3752568599666195,3.2110326925012194,-0.08965266240223535,0
695c39e7ce90b13220852138,2024,0,3.9020901298775432,3.7511629117219654,4.3331130445000525,3,Information Technology,Associate Project Manager,0.7804180259755087,0.750232582344393,0.8666226089000105,,,,,,,0
695c39e7ce90b13220852138,2025,1,4.007082319904883,4.895634526015012,4.64564372231498,3,Information Technology,Associate Project Manager,0.8014164639809765,0.9791269052030025,0.929128744462996,3.9020901298775432,0.1049921900273394,3.7511629117219654,1.144471614293047,4.3331130445000525,0.3125306778149275,0
695c39e7ce90b13220852139,2024,0,2.7053824721268587,3.262728805643903,3.2169309773830417,3,Administration,Assistant General Manager,0.5410764944253718,0.6525457611287806,0.6433861954766084,,,,,,,1
695c39e7ce90b13220852139,2025,1,4.123661010195201,4.013409568140415,3.998176778781499,3,Administration,Assistant General Manager,0.8247322020390403,0.8026819136280829,0.7996353557562997,2.7053824721268587,1.4182785380683427,3.262728805643903,0.7506807624965117,3.2169309773830417,0.7812458013984571,0
695c39e7ce90b1322085213a,2024,0,4.295811986647784,2.1922607822469695,3.106311104445629,3,Human Resources,Assistant General Manager,0.8591623973295569,0.4384521564493939,0.6212622208891257,,,,,,,0
695c39e7ce90b1322085213a,2025,1,3.283231147360677,3.9606917679303715,3.366803869175494,3,Human Resources,Assistant General Manager,0.6566462294721354,0.7921383535860743,0.6733607738350987,4.295811986647784,-1.0125808392871076,2.1922607822469695,1.768430985683402,3.106311104445629,0.26049276472986493,0
695c39e7ce90b1322085213b,2024,0,2.8248041742807923,2.68068527713041,2.5357783687928417,3,Administration,Manager,0.5649608348561584,0.536137055426082,0.5071556737585683,,,,,,,1
695c39e7ce90b1322085213b,2025,1,3.5940684888476087,3.260781853742788,3.3476757068044325,3,Administration,Manager,0.7188136977695218,0.6521563707485576,0.6695351413608865,2.8248041742807923,0.7692643145668163,2.68068527713041,0.580096576612378,2.5357783687928417,0.8118973380115908,0
695c39e7ce90b1322085213c,2024,0,3.677153925388464,3.624088961278739,4.4177174598228195,3,Human Resources,Senior Manager,0.7354307850776929,0.7248177922557477,0.8835434919645639,,,,,,,0
695c39e7ce90b1322085213c,2025,1,3.051225738854216,4.083886449746968,4.4553664255562175,3,Human Resources,Senior Manager,0.6102451477708433,0.8167772899493937,0.8910732851112435,3.677153925388464,-0.6259281865342481,3.624088961278739,0.45979748846822943,4.4177174598228195,0.03764896573339804,0
695c39e7ce90b1322085213d,2024,0,2.629889958671676,3.1559707930347916,4.20107241332688,3,Information Technology,Administrator,0.5259779917343352,0.6311941586069583,0.840214482665376,,,,,,,0
695c39e7ce90b1322085213e,2024,0,3.043906083788824,3.021436797233748,3.1466459870988253,3,Administration,General Manager,0.6087812167577649,0.6042873594467496,0.629329197419765,,,,,,,0
695c39e7ce90b1322085213f,2024,0,1.2255001730325132,1.5298167259149718,1.9484869465932595,3,Human Resources,Associate,0.24510003460650265,0.30596334518299434,0.3896973893186519,,,,,,,1
695c39e7ce90b1322085213f,2025,1,1.9671638001464464,2.1854354326185272,1.4893188635413281,3,Human Resources,Associate,0.3934327600292893,0.4370870865237054,0.29786377270826564,1.2255001730325132,0.7416636271139332,1.5298167259149718,0.6556187067035555,1.9484869465932595,-0.45916808305193135,0
695c39e7ce90b13220852140,2024,0,2.3581858013168486,2.594570961796495,3.660680343181575,3,Human Resources,Senior Executive,0.4716371602633697,0.518914192359299,0.732136068636315,,,,,,,0
695c39e7ce90b13220852141,2024,0,2.3544984901956587,3.32153548003761,4.140582517457038,3,Information Technology,Tech Lead,0.47089969803913173,0.664307096007522,0.8281165034914076,,,,,,,1
695c39e7ce90b13220852141,2025,1,2.4211855417959964,2.2728162558051666,2.1269762146174354,3,Information Technology,Tech Lead,0.4842371083591993,0.4545632511610333,0.42539524292348707,2.3544984901956587,0.06668705160033772,3.32153548003761,-1.0487192242324435,4.140582517457038,-2.013606302839603,0
695c39e7ce90b13220852142,2024,0,4.320102731062342,3.0834274997378963,2.2867907480674265,3,Human Resources,General Manager,0.8640205462124684,0.6166854999475793,0.4573581496134853,,,,,,,0
695c39e7ce90b13220852142,2025,1,3.081432481562235,4.2232311371046665,3.240838378710855,3,Human Resources,General Manager,0.616286496312447,0.8446462274209333,0.6481676757421709,4.320102731062342,-1.2386702495001067,3.0834274997378963,1.1398036373667702,2.2867907480674265,0.9540476306434282,0
695c39e7ce90b13220852143,2024,0,2.5310734540390234,2.1552740935678965,1.7173036275874025,3,Human Resources,Assistant General Manager,0.5062146908078047,0.4310548187135793,0.3434607255174805,,,,,,,0
695c39e7ce90b13220852144,2024,0,3.291693989258131,2.284671115613601,4.46171933782817,3,Information Technology,UI/UX Lead,0.6583387978516262,0.45693422312272014,0.8923438675656341,,,,,,,0
695c39e7ce90b13220852145,2024,0,1.7070040057321254,3.0373902926769727,1.4439797986486234,3,Administration,Associate,0.34140080114642507,0.6074780585353945,0.28879595972972466,,,,,,,1
695c39e7ce90b13220852145,2025,1,1.8437263392755585,1.1217574743383516,1.786462841362527,3,Administration,Associate,0.3687452678551117,0.2243514948676703,0.3572925682725054,1.7070040057321254,0.1367223335434331,3.0373902926769727,-1.915632818338621,1.4439797986486234,0.3424830427139036,0
695c39e7ce90b13220852146,2024,0,1.660220070056099,2.102600029119486,1.4282539788752313,3,Information Technology,Associate Software Engineer,0.3320440140112198,0.42052000582389726,0.28565079577504626,,,,,,,0
695c39e7ce90b13220852146,2025,1,1.9184527854588036,1.943475619547423,1.9862936496750594,3,Information Technology,Associate Software Engineer,0.3836905570917607,0.3886951239094846,0.3972587299350119,1.660220070056099,0.25823271540270465,2.102600029119486,-0.1591244095720632,1.4282539788752313,0.5580396707998281,0
695c39e7ce90b13220852147,2024,0,3.0111907150065838,2.8866982958436562,1.3574207835017513,3,Information Technology,Associate Project Manager,0.6022381430013167,0.5773396591687312,0.27148415670035025,,,,,,,1
695c39e7ce90b13220852147,2025,1,1.223482591982766,1.9517426155931723,1.393714758120933,3,Information Technology,Associate Project Manager,0.2446965183965532,0.39034852311863444,0.2787429516241866,3.0111907150065838,-1.7877081230238177,2.8866982958436562,-0.9349556802504839,1.3574207835017513,0.03629397461918171,0
695c39e7ce90b13220852148,2024,0,2.9571782441232353,3.4801893692971397,3.5458712712873677,3,Information Technology,UI/UX Designer,0.591435648824647,0.696037873859428,0.7091742542574735,,,,,,,1
695c39e7ce90b13220852148,2025,1,2.799193761667542,3.620207012861938,3.3732698397723886,3,Information Technology,UI/UX Designer,0.5598387523335084,0.7240414025723876,0.6746539679544777,2.9571782441232353,-0.15798448245569308,3.4801893692971397,0.14001764356479818,3.5458712712873677,-0.1726014315149791,0
695c39e7ce90b13220852149,2024,0,2.085755857262375,2.269534080174314,1.7759940151139113,3,Information Technology,Software Engineer,0.41715117145247504,0.4539068160348628,0.3551988030227823,,,,,,,0
695c39e7ce90b13220852149,2025,1,1.939033836436711,2.665813876748519,2.1453394048272822,3,Information Technology,Software Engineer,0.3878067672873422,0.5331627753497038,0.42906788096545645,2.085755857262375,-0.1467220208256641,2.269534080174314,0.3962797965742051,1.7759940151139113,0.36934538971337094,0
695c39e7ce90b1322085214a,2024,0,4.2697948320835355,3.3497467772947376,3.9696742939909493,3,Administration,Associate,0.8539589664167071,0.6699493554589475,0.7939348587981898,,,,,,,1
695c39e7ce90b1322085214a,2025,1,2.7046250183877785,2.0463887849436477,2.6867634918371595,3,Administration,Associate,0.5409250036775557,0.40927775698872954,0.5373526983674319,4.2697948320835355,-1.565169813695757,3.3497467772947376,-1.3033579923510898,3.9696742939909493,-1.2829108021537898,0
695c39e7ce90b1322085214b,2024,0,2.6563846617863414,1.877911904903767,2.4655443416088483,3,Administration,Manager,0.5312769323572683,0.37558238098075336,0.49310886832176964,,,,,,,0
695c39e7ce90b1322085214b,2025,1,3.4792677591674557,2.6546624732119337,3.5401778431096504,3,Administration,Manager,0.6958535518334912,0.5309324946423868,0.7080355686219301,2.6563846617863414,0.8228830973811143,1.877911904903767,0.7767505683081668,2.4655443416088483,1.0746335015008022,0
695c39e7ce90b1322085214c,2024,0,2.1190765772901607,1.9158286474418451,2.597325259487708,3,Administration,Team Lead,0.42381531545803214,0.383165729488369,0.5194650518975416,,,,,,,0
695c39e7ce90b1322085214c,2025,1,1.8591840271062,2.419472024934016,1.9416397320113057,3,Administration,Team Lead,0.37183680542124,0.4838944049868032,0.38832794640226115,2.1190765772901607,-0.25989255018396085,1.9158286474418451,0.5036433774921709,2.597325259487708,-0.6556855274764022,0
695c39e7ce90b1322085214d,2024,0,3.0302667769997114,3.630571691632714,3.515047975449152,3,Human Resources,General Manager,0.6060533553999423,0.7261143383265428,0.7030095950898304,,,,,,,0
695c39e7ce90b1322085214d,2025,1,2.794697261387839,2.9368410790336785,3.929011408772508,3,Human Resources,General Manager,0.5589394522775678,0.5873682158067357,0.7858022817545016,3.0302667769997114,-0.23556951561187223,3.630571691632714,-0.6937306125990355,3.515047975449152,0.4139634333233557,0
695c39e7ce90b1322085214e,2024,0,2.653735838984938,1.2633969996883225,3.8925046656249664,3,Human Resources,Associate,0.5307471677969876,0.25267939993766453,0.7785009331249932,,,,,,,0
695c39e7ce90b1322085214e,2025,1,2.79426833966086,3.5496194729250177,3.0737949666651474,3,Human Resources,Associate,0.5588536679321721,0.7099238945850035,0.6147589933330295,2.653735838984938,0.14053250067592193,1.2633969996883225,2.286222473236695,3.8925046656249664,-0.818709698959819,0
695c39e7ce90b1322085214f,2024,0,4.417574723979214,2.848214091904835,2.9819847103792387,3,Administration,Executive,0.8835149447958427,0.569642818380967,0.5963969420758477,,,,,,,0
695c39e7ce90b1322085214f,2025,1,4.240676324121253,4.014908044002652,2.84700053499812,3,Administration,Executive,0.8481352648242506,0.8029816088005305,0.569400106999624,4.417574723979214,-0.17689839985796052,2.848214091904835,1.1666939520978175,2.9819847103792387,-0.13498417538111873,0
695c39e7ce90b13220852150,2024,0,1.442972907863897,1.172419341898759,1.850005852710114,3,Human Resources,Assistant General Manager,0.2885945815727794,0.2344838683797518,0.3700011705420228,,,,,,,1
695c39e7ce90b13220852150,2025,1,3.4040971750337654,2.3911942489767157,1.8368651925353912,3,Human Resources,Assistant General Manager,0.6808194350067531,0.47823884979534315,0.36737303850707825,1.442972907863897,1.9611242671698683,1.172419341898759,1.2187749070779568,1.850005852710114,-0.013140660174722818,0
695c39e7ce90b13220852151,2024,0,4.269725371252198,4.109699336330946,2.4227794924564954,3,Administration,Manager,0.8539450742504396,0.8219398672661893,0.4845558984912991,,,,,,,0
695c39e7ce90b13220852152,2024,0,3.778226058244522,4.502325545339532,2.2779303717790693,3,Administration,Associate,0.7556452116489044,0.9004651090679063,0.4555860743558139,,,,,,,0
695c39e7ce90b13220852152,2025,1,4.0917121003112635,3.2411247629421966,3.923951891717138,3,Administration,Associate,0.8183424200622527,0.6482249525884394,0.7847903783434276,3.778226058244522,0.31348604206674135,4.502325545339532,-1.261200782397335,2.2779303717790693,1.6460215199380688,0
695c39e7ce90b13220852153,2024,0,3.830525150109662,2.506201492242682,3.058647313140616,3,Information Technology,QA Lead,0.7661050300219324,0.5012402984485365,0.6117294626281232,,,,,,,0
695c39e7ce90b13220852153,2025,1,3.1721705527518544,2.6572772617861005,2.5688627271310174,3,Information Technology,QA Lead,0.6344341105503709,0.5314554523572201,0.5137725454262034,3.830525150109662,-0.6583545973578078,2.506201492242682,0.1510757695434184,3.058647313140616,-0.48978458600959884,0
695c39e7ce90b13220852154,2024,0,1.7935029020647497,2.853678968356447,4.311406747808062,3,Human Resources,Assistant Manager,0.35870058041294994,0.5707357936712893,0.8622813495616125,,,,,,,1
695c39e7ce90b13220852154,2025,1,2.9139779466899522,2.718776310331772,1.7488063142630625,3,Human Resources,Assistant Manager,0.5827955893379905,0.5437552620663544,0.3497612628526125,1.7935029020647497,1.1204750446252025,2.853678968356447,-0.13490265802467505,4.311406747808062,-2.5626004335449997,0
695c39e7ce90b13220852155,2024,0,2.5443028697103247,3.1861201859014154,1.954277266140707,3,Human Resources,Senior Manager,0.508860573942065,0.6372240371802831,0.3908554532281414,,,,,,,0
695c39e7ce90b13220852155,2025,1,2.2819547694737756,1.6624846421850474,1.7092948249851836,3,Human Resources,Senior Manager,0.45639095389475515,0.3324969284370095,0.3418589649970367,2.5443028697103247,-0.2623481002365491,3.1861201859014154,-1.523635543716368,1.954277266140707,-0.24498244115552348,0
695c39e7ce90b13220852156,2024,0,2.1155076297562214,1.1692150462915891,2.0609692552903307,3,Administration,General Manager,0.4231015259512443,0.23384300925831783,0.41219385105806616,,,,,,,1
695c39e7ce90b13220852156,2025,1,2.6990523564144917,2.8596763508178142,3.407088887706153,3,Administration,General Manager,0.5398104712828984,0.5719352701635628,0.6814177775412306,2.1155076297562214,0.5835447266582703,1.1692150462915891,1.6904613045262251,2.0609692552903307,1.3461196324158222,0
695c39e7ce90b13220852157,2024,0,2.216271513153943,1.2248680223403774,1.3797410706296698,3,Information Technology,Associate QA Engineer,0.44325430263078863,0.24497360446807548,0.27594821412593395,,,,,,,1
695c39e7ce90b13220852157,2025,1,4.714199050842421,4.520285791006717,4.15423568901002,3,Information Technology,Associate QA Engineer,0.9428398101684842,0.9040571582013435,0.8308471378020039,2.216271513153943,2.4979275376884775,1.2248680223403774,3.29541776866634,1.3797410706296698,2.77449461838035,0
695c39e7ce90b13220852158,2024,0,3.2374575141569384,4.592172342355795,4.471368042203698,3,Human Resources,Assistant General Manager,0.6474915028313877,0.918434468471159,0.8942736084407397,,,,,,,0
695c39e7ce90b13220852158,2025,1,4.139829398100591,3.6934837737904425,2.716236933222597,3,Human Resources,Assistant General Manager,0.8279658796201183,0.7386967547580885,0.5432473866445193,3.2374575141569384,0.902371883943653,4.592172342355795,-0.8986885685653525,4.471368042203698,-1.7551311089811015,0
695c39e7ce90b13220852159,2024,0,2.4145440419922606,2.5390281308158387,3.4744660768452755,3,Human Resources,General Manager,0.4829088083984521,0.5078056261631677,0.6948932153690551,,,,,,,0
695c39e7ce90b1322085215a,2024,0,4.182230181090494,4.636542386247148,4.264185748422324,3,Information Technology,Associate Software Engineer,0.8364460362180989,0.9273084772494297,0.8528371496844647,,,,,,,0
695c39e7ce90b1322085215a,2025,1,2.6450585095286163,4.1315252496872645,2.4432089195497557,3,Information Technology,Associate Software Engineer,0.5290117019057232,0.8263050499374529,0.48864178390995117,4.182230181090494,-1.537171671561878,4.636542386247148,-0.5050171365598839,4.264185748422324,-1.8209768288725678,0
695c39e7ce90b1322085215b,2024,0,3.5785739717937215,1.9973777643505513,2.175952592216456,3,Human Resources,Assistant Manager,0.7157147943587443,0.3994755528701103,0.4351905184432912,,,,,,,1
695c39e7ce90b1322085215b,2025,1,1.2942915068048704,1.9245995910937164,2.770529851077584,3,Human Resources,Assistant Manager,0.2588583013609741,0.3849199182187433,0.5541059702155169,3.5785739717937215,-2.284282464988851,1.9973777643505513,-0.07277817325683489,2.175952592216456,0.5945772588611282,0
695c39e7ce90b1322085215c,2024,0,3.120199441220185,3.3977742158155726,3.673888678293501,3,Information Technology,Senior Software Engineer,0.624039888244037,0.6795548431631145,0.7347777356587002,,,,,,,0
695c39e7ce90b1322085215c,2025,1,2.9226184244732525,2.6627468476699288,1.8421865294922566,3,Information Technology,Senior Software Engineer,0.5845236848946505,0.5325493695339858,0.3684373058984513,3.120199441220185,-0.19758101674693274,3.3977742158155726,-0.7350273681456438,3.673888678293501,-1.8317021488012446,0
695c39e7ce90b1322085215d,2024,0,2.331206698811502,3.168495986659295,3.2932723322610875,3,Information Technology,UI/UX Lead,0.46624133976230037,0.6336991973318591,0.6586544664522175,,,,,,,0
695c39e7ce90b1322085215d,2025,1,3.6241428899672314,3.677078812269404,4.454137098417041,3,Information Technology,UI/UX Lead,0.7248285779934462,0.7354157624538809,0.8908274196834082,2.331206698811502,1.2929361911557296,3.168495986659295,0.5085828256101088,3.2932723322610875,1.1608647661559535,0
695c39e7ce90b1322085215e,2024,0,2.722525311977532,1.6604785975803482,1.4533495448790692,3,Administration,Manager,0.5445050623955063,0.33209571951606964,0.29066990897581385,,,,,,,1
695c39e7ce90b1322085215e,2025,1,3.079389862105374,2.5920125244113197,2.971905586543254,3,Administration,Manager,0.6158779724210748,0.5184025048822639,0.5943811173086508,2.722525311977532,0.35686455012784224,1.6604785975803482,0.9315339268309715,1.4533495448790692,1.5185560416641848,0
695c39e7ce90b1322085215f,2024,0,3.4193535175528953,2.1480518235496917,2.2098470144957787,3,Administration,Assistant General Manager,0.6838707035105791,0.42961036470993835,0.44196940289915576,,,,,,,1
695c39e7ce90b1322085215f,2025,1,2.797381138448082,1.6906513006549884,2.085136761852513,3,Administration,Assistant General Manager,0.5594762276896164,0.3381302601309977,0.4170273523705026,3.4193535175528953,-0.6219723791048133,2.1480518235496917,-0.45740052289470334,2.2098470144957787,-0.12471025264326574,0
695c39e7ce90b13220852160,2024,0,2.2984134489777492,3.212729117286981,3.64319186236195,3,Information Technology,QA Engineer,0.4596826897955498,0.6425458234573962,0.72863837247239,,,,,,,1
695c39e7ce90b13220852160,2025,1,3.0251619886401495,1.5865627792692276,1.811973921605369,3,Information Technology,QA Engineer,0.6050323977280299,0.31731255585384555,0.3623947843210738,2.2984134489777492,0.7267485396624003,3.212729117286981,-1.6261663380177533,3.64319186236195,-1.8312179407565812,0
695c39e7ce90b13220852161,2024,0,3.7528346504500156,3.043777490784013,3.1297478095261737,3,Human Resources,Executive,0.7505669300900031,0.6087554981568026,0.6259495619052348,,,,,,,0
695c39e7ce90b13220852161,2025,1,4.201575711410444,3.3153002965529197,3.3221868022037877,3,Human Resources,Executive,0.8403151422820889,0.663060059310584,0.6644373604407575,3.7528346504500156,0.44874106096042876,3.043777490784013,0.27152280576890675,3.1297478095261737,0.192438992677614,0
695c39e7ce90b13220852162,2024,0,2.574314537786293,3.2688352034572703,3.0105895592737526,3,Information Technology,Architect,0.5148629075572586,0.6537670406914541,0.6021179118547505,,,,,,,0
695c39e7ce90b13220852162,2025,1,2.856969135534743,2.934576951873831,3.273097339102443,3,Information Technology,Architect,0.5713938271069485,0.5869153903747663,0.6546194678204886,2.574314537786293,0.2826545977484498,3.2688352034572703,-0.33425825158343914,3.0105895592737526,0.26250777982869034,0
695c39e7ce90b13220852163,2024,0,1.5749463283467242,1.1719320607892638,1.4614175103585376,3,Human Resources,General Manager,0.3149892656693448,0.23438641215785277,0.2922835020717075,,,,,,,1
695c39e7ce90b13220852163,2025,1,4.126957297366115,3.5051553766938683,3.668837289565389,3,Human Resources,General Manager,0.825391459473223,0.7010310753387736,0.7337674579130777,1.5749463283467242,2.5520109690193906,1.1719320607892638,2.3332233159046045,1.4614175103585376,2.2074197792068513,0
695c39e7ce90b13220852164,2024,0,4.535639567320914,4.193757777109404,5.0,3,Information Technology,UI/UX Designer,0.9071279134641828,0.8387515554218808,1.0,,,,,,,1
695c39e7ce90b13220852164,2025,1,3.2830499058964944,3.8050200282181974,2.0964859872116515,3,Information Technology,UI/UX Designer,0.6566099811792989,0.7610040056436395,0.4192971974423303,4.535639567320914,-1.2525896614244192,4.193757777109404,-0.3887377488912067,5.0,-2.9035140127883485,0
695c39e7ce90b13220852165,2024,0,3.398350921094987,3.503184085411389,3.3002828213063027,3,Information Technology,Associate QA Engineer,0.6796701842189974,0.7006368170822779,0.6600565642612606,,,,,,,0
695c39e7ce90b13220852165,2025,1,4.110344480479587,4.631723225543057,4.028451848206228,3,Information Technology,Associate QA Engineer,0.8220688960959175,0.9263446451086115,0.8056903696412456,3.398350921094987,0.7119935593846001,3.503184085411389,1.128539140131668,3.3002828213063027,0.7281690268999257,0
695c39e7ce90b13220852166,2024,0,3.3206877474097283,3.2313178720186917,2.6512913541265806,3,Information Technology,Architect,0.6641375494819457,0.6462635744037384,0.5302582708253161,,,,,,,1
695c39e7ce90b13220852166,2025,1,1.2874556172592608,1.2575234834353841,1.4441682469366324,3,Information Technology,Architect,0.25749112345185216,0.2515046966870768,0.2888336493873265,3.3206877474097283,-2.033232130150467,3.2313178720186917,-1.9737943885833076,2.6512913541265806,-1.2071231071899482,0
695c39e7ce90b13220852167,2024,0,3.742216739532333,4.4617567317610405,3.3330852959717197,3,Human Resources,Senior Executive,0.7484433479064666,0.8923513463522081,0.6666170591943439,,,,,,,0
695c39e7ce90b13220852168,2024,0,2.650955994988363,4.248400003317067,3.954756595688147,3,Administration,Associate,0.5301911989976726,0.8496800006634133,0.7909513191376294,,,,,,,0
695c39e7ce90b13220852168,2025,1,4.851732261692845,3.9306217002936057,3.134124223248013,3,Administration,Associate,0.9703464523385691,0.7861243400587211,0.6268248446496025,2.650955994988363,2.2007762667044823,4.248400003317067,-0.3177783030234611,3.954756595688147,-0.8206323724401341,0
695c39e7ce90b13220852169,2024,0,2.794956677323187,1.5517028806943318,3.1815591120386015,3,Human Resources,General Manager,0.5589913354646374,0.31034057613886634,0.6363118224077203,,,,,,,0
695c39e7ce90b1322085216a,2024,0,3.320157121085835,4.049484486358057,3.7916040783172256,3,Human Resources,Senior Manager,0.664031424217167,0.8098968972716113,0.7583208156634451,,,,,,,0
695c39e7ce90b1322085216b,2024,0,2.4104472734798934,3.775715539054967,3.487213061728397,3,Administration,Associate,0.4820894546959787,0.7551431078109934,0.6974426123456794,,,,,,,0
695c39e7ce90b1322085216c,2024,0,2.68880776028699,4.466142993577379,2.6279255989487624,3,Human Resources,Senior Executive,0.537761552057398,0.8932285987154758,0.5255851197897525,,,,,,,0
695c39e7ce90b1322085216d,2025,0,4.372121991525078,3.4113020899486783,3.919006833755411,3,Human Resources,General Manager,0.8744243983050156,0.6822604179897357,0.7838013667510821,,,,,,,0
695c39e7ce90b1322085216e,2025,0,1.827958283966693,1.9554087078673774,1.5393834715136596,3,Information Technology,Senior UI/UX Designer,0.3655916567933386,0.39108174157347547,0.3078766943027319,,,,,,,0
695c39e7ce90b1322085216f,2025,0,3.3385113368425783,2.533246146705637,2.8604632702319854,3,Information Technology,QA Engineer,0.6677022673685157,0.5066492293411274,0.5720926540463971,,,,,,,0
695c39e7ce90b13220852170,2025,0,1.4925327438154536,3.3150766239731024,2.7994468687365437,3,Administration,General Manager,0.29850654876309074,0.6630153247946204,0.5598893737473087,,,,,,,0
695c39e7ce90b13220852171,2025,0,2.7366503846133856,4.032430103743545,2.4874251221857757,3,Administration,General Manager,0.5473300769226771,0.806486020748709,0.49748502443715514,,,,,,,0
695c39e7ce90b13220852172,2025,0,2.3903562066863984,2.2008763665773436,3.1706815082529816,3,Administration,Senior Manager,0.4780712413372797,0.44017527331546874,0.6341363016505963,,,,,,,0
695c39e7ce90b13220852173,2025,0,3.2088473419242534,2.8702524873580173,2.440714870567424,3,Administration,Team Lead,0.6417694683848507,0.5740504974716034,0.48814297411348484,,,,,,,0
695c39e7ce90b13220852174,2025,0,2.6895403173812236,3.68295520999433,3.6386464305107276,3,Administration,Executive,0.5379080634762448,0.736591041998866,0.7277292861021455,,,,,,,0
695c39e7ce90b13220852175,2025,0,2.432840346989907,1.7626214342556565,1.2752513413045468,3,Administration,General Manager,0.4865680693979814,0.3525242868511313,0.2550502682609094,,,,,,,0
695c39e7ce90b13220852176,2025,0,3.6582423873848597,4.620183003235729,3.719245335861599,3,Human Resources,Team Lead,0.7316484774769719,0.9240366006471458,0.7438490671723198,,,,,,,0
695c39e7ce90b13220852177,2025,0,3.1079425690376974,2.093304761978749,2.3854796887797023,3,Human Resources,Manager,0.6215885138075394,0.41866095239574974,0.47709593775594045,,,,,,,0
695c39e7ce90b13220852178,2025,0,2.355042637324132,2.7989263487404865,1.577610565751509,3,Administration,Assistant Manager,0.47100852746482647,0.5597852697480973,0.31552211315030176,,,,,,,0
695c39e7ce90b13220852179,2025,0,3.778275901001244,3.775483489486983,3.9295393143229482,3,Human Resources,Assistant Manager,0.7556551802002488,0.7550966978973965,0.7859078628645897,,,,,,,0
695c39e7ce90b1322085217a,2025,0,1.7508417286228255,2.839626019473635,3.197399650198469,3,Administration,Assistant General Manager,0.3501683457245651,0.567925203894727,0.6394799300396938,,,,,,,0
695c39e7ce90b1322085217b,2025,0,3.313074658882452,3.63208985415593,2.6055632553019503,3,Human Resources,Manager,0.6626149317764904,0.726417970831186,0.5211126510603901,,,,,,,0
695c39e7ce90b1322085217c,2025,0,2.7709010222667327,2.5774692474170893,2.72307718230904,3,Human Resources,Team Lead,0.5541802044533466,0.5154938494834178,0.544615436461808,,,,,,,0
695c39e7ce90b1322085217d,2025,0,4.063205320990061,2.768835668592842,2.5322060455891138,3,Information Technology,Associate QA Engineer,0.8126410641980122,0.5537671337185684,0.5064412091178228,,,,,,,0
695c39e7ce90b1322085217e,2025,0,3.5170957456101783,3.7012400966369468,4.491721608203721,3,Administration,Senior Manager,0.7034191491220356,0.7402480193273894,0.8983443216407443,,,,,,,0
695c39e7ce90b1322085217f,2025,0,1.5969656798002547,2.7502599295292125,1.8322655764264542,3,Human Resources,Manager,0.3193931359600509,0.5500519859058425,0.36645311528529084,,,,,,,0
695c39e7ce90b13220852180,2025,0,3.441765694057918,2.060570549018668,2.535632027697681,3,Human Resources,Assistant Manager,0.6883531388115836,0.41211410980373364,0.5071264055395363,,,,,,,0
695c39e7ce90b13220852181,2025,0,2.9305405599827603,2.790513169770233,2.8938553659983084,3,Human Resources,Senior Manager,0.5861081119965521,0.5581026339540466,0.5787710731996617,,,,,,,0
695c39e7ce90b13220852182,2025,0,2.8296948954853733,2.97695873060359,4.012246375212403,3,Information Technology,Project Manager,0.5659389790970747,0.595391746120718,0.8024492750424805,,,,,,,0
695c39e7ce90b13220852183,2025,0,3.538190691102351,3.411736613419678,3.266489959121571,3,Information Technology,Senior QA Engineer,0.7076381382204702,0.6823473226839356,0.6532979918243143,,,,,,,0
695c39e7ce90b13220852184,2025,0,2.312832566276312,2.5461716153987206,2.792104520626003,3,Administration,Senior Executive,0.4625665132552624,0.5092343230797441,0.5584209041252006,,,,,,,0
695c39e7ce90b13220852185,2025,0,3.576004803200876,3.702175704722398,2.7165201403756303,3,Administration,Manager,0.7152009606401752,0.7404351409444796,0.543304028075126,,,,,,,0
695c39e7ce90b13220852186,2025,0,3.078941610146975,4.831766944791277,4.070944295905205,3,Information Technology,Associate Project Manager,0.615788322029395,0.9663533889582554,0.814188859181041,,,,,,,0
695c39e7ce90b13220852187,2025,0,2.4710080209855643,2.207047146884215,4.165937800303596,3,Administration,Assistant Manager,0.49420160419711284,0.441409429376843,0.8331875600607193,,,,,,,0
695c39e7ce90b13220852188,2025,0,4.848925995108056,3.7126237120987207,4.249042338020944,3,Administration,Manager,0.9697851990216112,0.7425247424197441,0.8498084676041888,,,,,,,0
695c39e7ce90b13220852189,2025,0,3.4433531353825115,3.3184149745159393,2.715326619082969,3,Human Resources,Manager,0.6886706270765023,0.6636829949031878,0.5430653238165938,,,,,,,0
695c39e7ce90b1322085218a,2025,0,1.8508363834108041,1.6692751814956697,1.769810950233194,3,Human Resources,Associate,0.3701672766821608,0.33385503629913393,0.3539621900466388,,,,,,,0
695c39e7ce90b1322085218b,2025,0,2.4008955437000328,2.6128746968976246,1.6302278330687914,3,Administration,General Manager,0.4801791087400066,0.5225749393795249,0.3260455666137583,,,,,,,0
695c39e7ce90b1322085218c,2025,0,1.0,1.7200916728766535,1.0,3,Administration,Assistant Manager,0.2,0.3440183345753307,0.2,,,,,,,0
695c39e7ce90b1322085218d,2025,0,2.215304596093731,1.0,2.247870244540103,3,Administration,Senior Manager,0.4430609192187462,0.2,0.4495740489080206,,,,,,,0
695c39e7ce90b1322085218e,2025,0,2.7408086817635873,3.9303491907518953,4.453889146016298,3,Human Resources,Associate,0.5481617363527175,0.786069838150379,0.8907778292032595,,,,,,,0
695c39e7ce90b1322085218f,2025,0,3.200318277912979,3.344538909291997,3.385404009865374,3,Human Resources,Assistant Manager,0.6400636555825958,0.6689077818583994,0.6770808019730749,,,,,,,0
695c39e7ce90b13220852190,2025,0,4.334244477638774,5.0,2.5711989148135994,3,Information Technology,Senior Software Engineer,0.8668488955277548,1.0,0.5142397829627199,,,,,,,0
695c39e7ce90b13220852191,2025,0,2.7178265171251463,1.3927933271949167,2.3813368111422593,3,Administration,Team Lead,0.5435653034250293,0.27855866543898333,0.47626736222845184,,,,,,,0
695c39e7ce90b13220852192,2025,0,3.1513736269709574,2.153314570071794,3.2864729673261306,3,Human Resources,Senior Manager,0.6302747253941915,0.43066291401435886,0.6572945934652261,,,,,,,0
695c39e7ce90b13220852193,2025,0,3.1249704444969955,3.2101937967024736,2.942629266058707,3,Administration,Assistant Manager,0.6249940888993991,0.6420387593404947,0.5885258532117413,,,,,,,0
695c39e7ce90b13220852194,2025,0,2.589184944270293,1.2341092137416672,1.3838341837630512,3,Information Technology,Senior QA Engineer,0.5178369888540586,0.24682184274833344,0.27676683675261027,,,,,,,0
695c39e7ce90b13220852195,2025,0,2.600032443200486,3.683674208986694,2.8418481114876264,3,Information Technology,Senior QA Engineer,0.5200064886400972,0.7367348417973388,0.5683696222975253,,,,,,,0
695c39e7ce90b13220852196,2025,0,2.6680628636233577,4.384051970321221,2.4238400121582098,3,Information Technology,Project Manager,0.5336125727246716,0.8768103940642442,0.484768002431642,,,,,,,0
695c39e7ce90b13220852197,2025,0,2.926607701868969,3.856833314402272,3.00625708352566,3,Information Technology,Associate Software Engineer,0.5853215403737938,0.7713666628804544,0.6012514167051319,,,,,,,0
695c39e7ce90b13220852198,2025,0,2.5970272143759843,3.3865459097867405,3.6370498727321463,3,Information Technology,Associate Software Engineer,0.5194054428751969,0.6773091819573481,0.7274099745464293,,,,,,,0
695c39e7ce90b13220852199,2025,0,2.7520118612793185,3.743343637906319,3.3453697646284954,3,Administration,Senior Manager,0.5504023722558637,0.7486687275812638,0.669073952925699,,,,,,,0
695c39e7ce90b1322085219a,2025,0,3.5958188142228487,2.882615316454512,2.9786520357335227,3,Information Technology,Associate Project Manager,0.7191637628445697,0.5765230632909024,0.5957304071467046,,,,,,,0
695c39e7ce90b1322085219b,2025,0,1.4221374639496442,1.8903986295633826,1.8830117516075346,3,Human Resources,Executive,0.28442749278992885,0.3780797259126765,0.3766023503215069,,,,,,,0
695c39e7ce90b1322085219c,2025,0,2.229805553331431,1.6686777401740909,1.0511899314100317,3,Administration,Senior Manager,0.44596111066628624,0.3337355480348182,0.21023798628200635,,,,,,,0
695c39e7ce90b1322085219d,2025,0,2.5926303560782027,2.943596102915846,2.172846191729315,3,Human Resources,Senior Executive,0.5185260712156405,0.5887192205831692,0.434569238345863,,,,,,,0
695c39e7ce90b1322085219e,2025,0,2.5506624626058425,4.172356632125245,1.767035798717925,3,Information Technology,Associate Software Engineer,0.5101324925211685,0.8344713264250491,0.353407159743585,,,,,,,0
695c39e7ce90b1322085219f,2025,0,2.727227208814302,2.7408570737468603,3.7836538993999707,3,Administration,Team Lead,0.5454454417628604,0.548171414749372,0.7567307798799942,,,,,,,0
695c39e7ce90b132208521a0,2025,0,3.77659202149394,3.642571164976502,3.294088626812507,3,Information Technology,Administrator,0.7553184042987879,0.7285142329953004,0.6588177253625014,,,,,,,0
695c39e7ce90b132208521a1,2025,0,2.339795824506386,3.001073448390968,4.174314963605358,3,Human Resources,Assistant Manager,0.4679591649012772,0.6002146896781936,0.8348629927210716,,,,,,,0
695c39e7ce90b132208521a2,2025,0,3.1456753078977213,3.2563552960882727,2.3708220587867337,3,Information Technology,Project Manager,0.6291350615795442,0.6512710592176545,0.47416441175734675,,,,,,,0
695c39e7ce90b132208521a3,2025,0,2.1753350398126505,3.7358226631876104,3.7247075873382567,3,Human Resources,Team Lead,0.4350670079625301,0.747164532637522,0.7449415174676514,,,,,,,0
695c39e7ce90b132208521a4,2025,0,3.5861791718313105,2.704072465513381,4.119228392977253,3,Human Resources,Assistant Manager,0.7172358343662621,0.5408144931026763,0.8238456785954507,,,,,,,0
695c39e7ce90b132208521a5,2025,0,1.9961697516169679,1.4287597358638167,2.008259502669309,3,Human Resources,Executive,0.3992339503233936,0.2857519471727633,0.4016519005338618,,,,,,,0
695c39e7ce90b132208521a6,2025,0,2.789358282839261,2.331551043811827,2.2566728049958096,3,Information Technology,Associate QA Engineer,0.5578716565678522,0.46631020876236545,0.4513345609991619,,,,,,,0
695c39e7ce90b132208521a7,2025,0,2.024939271583335,1.9568233902390129,1.969534554089233,3,Administration,Assistant General Manager,0.40498785431666706,0.39136467804780256,0.3939069108178466,,,,,,,0
695c39e7ce90b132208521a8,2025,0,1.371499730397608,1.8750107915038883,3.006855734281293,3,Human Resources,General Manager,0.2742999460795216,0.37500215830077765,0.6013711468562586,,,,,,,0
695c39e7ce90b132208521a9,2025,0,3.3461694486798157,4.312003534778189,4.815306073911292,3,Human Resources,Assistant Manager,0.6692338897359631,0.8624007069556378,0.9630612147822584,,,,,,,0
695c39e7ce90b132208521aa,2025,0,1.6873051588625319,1.2997842807405737,1.0,3,Information Technology,Senior Software Engineer,0.33746103177250636,0.25995685614811476,0.2,,,,,,,0
695c39e7ce90b132208521ab,2025,0,3.1133609007691225,2.3630773480519935,3.7336620998313403,3,Human Resources,General Manager,0.6226721801538245,0.4726154696103987,0.746732419966268,,,,,,,0
695c39e7ce90b132208521ac,2025,0,1.5733603798030638,2.289880180281951,2.016294687947253,3,Information Technology,Associate UI/UX Designer,0.31467207596061275,0.45797603605639015,0.40325893758945064,,,,,,,0
695c39e7ce90b132208521ad,2025,0,3.542196094252395,2.210304751889951,2.1926243943508794,3,Administration,General Manager,0.708439218850479,0.4420609503779902,0.4385248788701759,,,,,,,0
695c39e7ce90b132208521ae,2025,0,2.5445518058523726,2.6301213062713824,3.001409029269589,3,Information Technology,UI/UX Lead,0.5089103611704745,0.5260242612542765,0.6002818058539179,,,,,,,0
695c39e7ce90b132208521af,2025,0,2.8369544667744986,2.591765114749542,3.881935922091553,3,Human Resources,Senior Executive,0.5673908933548997,0.5183530229499084,0.7763871844183106,,,,,,,0
695c39e7ce90b132208521b0,2025,0,1.8295957119459425,2.3653081452828326,2.9696389909427547,3,Human Resources,General Manager,0.3659191423891885,0.4730616290565665,0.5939277981885509,,,,,,,0
695c39e7ce90b132208521b1,2025,0,3.788164482422536,3.43817368489915,2.9351797250699834,3,Human Resources,Executive,0.7576328964845072,0.68763473697983,0.5870359450139967,,,,,,,0
695c39e7ce90b132208521b2,2025,0,3.2414679588788995,4.2001358146292525,4.703256724868526,3,Administration,Assistant Manager,0.6482935917757799,0.8400271629258504,0.9406513449737052,,,,,,,0
695c39e7ce90b132208521b3,2025,0,4.070275613689167,4.672277130327124,5.0,3,Administration,General Manager,0.8140551227378333,0.9344554260654249,1.0,,,,,,,0
695c39e7ce90b132208521b4,2025,0,3.3813956735223405,4.269704251949892,3.103176962147871,3,Administration,Team Lead,0.6762791347044681,0.8539408503899784,0.6206353924295742,,,,,,,0
695c39e7ce90b132208521b5,2025,0,2.7071131029456312,3.160811141220221,1.7438890482603744,3,Information Technology,Associate QA Engineer,0.5414226205891263,0.6321622282440442,0.3487778096520749,,,,,,,0
695c39e7ce90b132208521b6,2025,0,1.5062767358737195,2.912267404555976,2.97399357087947,3,Information Technology,Architect,0.3012553471747439,0.5824534809111952,0.594798714175894,,,,,,,0
695c39e7ce90b132208521b7,2025,0,3.0295163002180585,2.5183583920887247,2.5221950223983294,3,Information Technology,Software Engineer,0.6059032600436117,0.503671678417745,0.5044390044796658,,,,,,,0
695c39e7ce90b132208521b8,2025,0,2.518089290305406,2.4255179437993117,2.306675708244087,3,Human Resources,Assistant General Manager,0.5036178580610813,0.48510358875986237,0.46133514164881745,,,,,,,0
695c39e7ce90b132208521b9,2025,0,1.4284534718933002,1.654092641172502,2.589070401499729,3,Human Resources,Assistant Manager,0.28569069437866,0.3308185282345004,0.5178140802999458,,,,,,,0
695c39e7ce90b132208521ba,2025,0,2.5624833848001405,3.254179616885877,2.9476238854402124,3,Information Technology,Administrator,0.5124966769600281,0.6508359233771754,0.5895247770880425,,,,,,,0
695c39e7ce90b132208521bb,2025,0,2.30047362785586,2.803651361231525,1.7715486409634948,3,Information Technology,Architect,0.460094725571172,0.560730272246305,0.35430972819269896,,,,,,,0
695c39e7ce90b132208521bc,2025,0,3.4469261496811896,2.620368890180557,2.8795687621561603,3,Administration,Executive,0.689385229936238,0.5240737780361113,0.5759137524312321,,,,,,,0
695c39e7ce90b132208521bd,2025,0,2.4998377224834156,2.97276395393015,3.678927417606201,3,Information Technology,Senior QA Engineer,0.4999675444966831,0.59455279078603,0.7357854835212402,,,,,,,0
695c39e7ce90b132208521be,2025,0,1.9616491881839155,2.6341414896556503,2.2761093482599115,3,Information Technology,Associate QA Engineer,0.3923298376367831,0.5268282979311301,0.4552218696519823,,,,,,,0
695c39e7ce90b132208521bf,2025,0,1.6161820394201418,1.6664860425042616,1.0114197394823417,3,Human Resources,Senior Manager,0.32323640788402835,0.3332972085008523,0.20228394789646834,,,,,,,0
695c39e7ce90b132208521c0,2025,0,2.986610937237461,3.7973780916062734,3.7636654486121968,3,Administration,Associate,0.5973221874474922,0.7594756183212547,0.7527330897224394,,,,,,,0
695c39e7ce90b132208521c1,2025,0,2.8671381173502954,3.9967541418496024,1.652968340068437,3,Human Resources,General Manager,0.573427623470059,0.7993508283699204,0.3305936680136874,,,,,,,0
695c39e7ce90b132208521c2,2025,0,1.5644982905869704,2.28560845010032,1.94828346303906,3,Information Technology,Architect,0.31289965811739406,0.457121690020064,0.389656692607812,,,,,,,0
695c39e7ce90b132208521c3,2025,0,4.360564078492763,3.7072106102379987,3.453891389953382,3,Information Technology,Tech Lead,0.8721128156985525,0.7414421220475997,0.6907782779906764,,,,,,,0
695c39e7ce90b132208521c4,2025,0,2.8564507094630622,4.170692565703328,4.772416624306521,3,Human Resources,Manager,0.5712901418926124,0.8341385131406656,0.9544833248613042,,,,,,,0
695c39e7ce90b132208521c5,2025,0,3.0935640972933487,3.0074697195524593,2.8700187588687323,3,Administration,Senior Executive,0.6187128194586697,0.6014939439104918,0.5740037517737464,,,,,,,0
695c39e7ce90b132208521c6,2025,0,3.6545485263359625,2.5980317986452492,4.703691462928339,3,Information Technology,Associate UI/UX Designer,0.7309097052671925,0.5196063597290499,0.9407382925856679,,,,,,,0
695c39e7ce90b132208521c7,2025,0,3.3341775547048362,4.055211520498939,3.610676607503872,3,Human Resources,Assistant General Manager,0.6668355109409673,0.8110423040997878,0.7221353215007744,,,,,,,0
695c39e7ce90b132208521c8,2025,0,2.0870936586387576,1.6197622569178727,2.1983679924304322,3,Administration,Associate,0.4174187317277515,0.32395245138357454,0.43967359848608645,,,,,,,0
695c39e7ce90b132208521c9,2025,0,3.2541033319259682,2.806932390738137,3.3239556025764716,3,Human Resources,Team Lead,0.6508206663851936,0.5613864781476274,0.6647911205152943,,,,,,,0
695c39e7ce90b132208521ca,2025,0,1.6300015064105653,2.2468754574204346,1.7458806196184646,3,Human Resources,Associate,0.32600030128211305,0.44937509148408694,0.3491761239236929,,,,,,,0
695c39e7ce90b132208521cb,2025,0,3.336944995878364,3.6571521874462163,3.815501851870704,3,Human Resources,Associate,0.6673889991756728,0.7314304374892433,0.7631003703741408,,,,,,,0
695c39e7ce90b132208521cc,2025,0,3.791471814463757,5.0,3.5533792873103582,3,Administration,General Manager,0.7582943628927514,1.0,0.7106758574620716,,,,,,,0
695c39e7ce90b132208521cd,2025,0,1.5920295345800897,2.2206799513368614,1.869579056650982,3,Human Resources,Executive,0.31840590691601794,0.44413599026737227,0.3739158113301964,,,,,,,0
695c39e7ce90b132208521ce,2025,0,3.558243394603365,4.424187487512647,4.265153022257871,3,Information Technology,Architect,0.7116486789206731,0.8848374975025294,0.8530306044515742,,,,,,,0
695c39e7ce90b132208521cf,2025,0,2.601627008830762,4.309864876487163,3.3479115063116867,3,Information Technology,QA Engineer,0.5203254017661524,0.8619729752974326,0.6695823012623373,,,,,,,0
695c39e7ce90b132208521d0,2025,0,3.4134908006776192,4.263588138924799,3.3324249930876353,3,Administration,General Manager,0.6826981601355239,0.8527176277849599,0.6664849986175271,,,,,,,0
695c39e7ce90b132208521d1,2025,0,2.1870905434769705,1.3975571944364922,1.4511593362937352,3,Administration,Associate,0.4374181086953941,0.27951143888729846,0.29023186725874706,,,,,,,0
695c39e7ce90b132208521d2,2025,0,1.241465357919234,1.8023933107567158,1.0,3,Administration,General Manager,0.2482930715838468,0.36047866215134317,0.2,,,,,,,0
695c39e7ce90b132208521d3,2025,0,3.639355310164052,3.5142502265854025,5.0,3,Administration,General Manager,0.7278710620328104,0.7028500453170805,1.0,,,,,,,0
695c39e7ce90b132208521d4,2025,0,3.1648198594647896,3.2911694008560075,3.238897367667681,3,Administration,Associate,0.6329639718929579,0.6582338801712015,0.6477794735335362,,,,,,,0
695c39e7ce90b132208521d5,2025,0,1.4969064261755012,3.040537120238773,2.8813459897029152,3,Administration,Associate,0.2993812852351002,0.6081074240477546,0.5762691979405831,,,,,,,0
695c39e7ce90b132208521d6,2025,0,1.1986511193399019,1.744203805523505,2.1292368728785265,3,Human Resources,Senior Manager,0.23973022386798037,0.34884076110470097,0.4258473745757053,,,,,,,0
695c39e7ce90b132208521d7,2025,0,2.808888817354102,3.0190244818462135,2.967033847968159,3,Administration,Team Lead,0.5617777634708203,0.6038048963692427,0.5934067695936318,,,,,,,0
695c39e7ce90b132208521d8,2025,0,2.7970861601617703,3.2762024378696024,2.918432032764132,3,Information Technology,Associate UI/UX Designer,0.559417232032354,0.6552404875739205,0.5836864065528264,,,,,,,0
695c39e7ce90b132208521d9,2025,0,3.21523474054945,1.6424540916264294,2.214037683669531,3,Administration,Executive,0.6430469481098899,0.32849081832528587,0.4428075367339062,,,,,,,0
695c39e7ce90b132208521da,2025,0,2.263854331346054,2.5859721699451077,2.249488758081064,3,Administration,Associate,0.4527708662692108,0.5171944339890215,0.4498977516162128,,,,,,,0
695c39e7ce90b132208521db,2025,0,2.5535010295325566,2.966915367100685,2.442082563441657,3,Information Technology,UI/UX Lead,0.5107002059065113,0.5933830734201371,0.4884165126883314,,,,,,,0
695c39e7ce90b132208521dc,2025,0,2.688167314002214,1.9787288264070853,1.6356757830625135,3,Information Technology,Associate UI/UX Designer,0.5376334628004428,0.39574576528141703,0.3271351566125027,,,,,,,0
695c39e7ce90b132208521dd,2025,0,1.6556495219367702,2.082459887249525,2.184288185917722,3,Human Resources,General Manager,0.331129904387354,0.416491977449905,0.4368576371835444,,,,,,,0
695c39e7ce90b132208521de,2025,0,2.9965854706746593,2.5222381602403336,4.07589226891451,3,Human Resources,Executive,0.5993170941349318,0.5044476320480668,0.815178453782902,,,,,,,0
695c39e7ce90b132208521df,2025,0,4.214437878409528,3.710169256711699,3.2945223552568725,3,Information Technology,Senior QA Engineer,0.8428875756819056,0.7420338513423398,0.6589044710513745,,,,,,,0
695c39e7ce90b132208521e0,2025,0,1.7525177410732922,1.5742010416918104,2.5359904732667258,3,Human Resources,Assistant General Manager,0.35050354821465846,0.31484020833836207,0.5071980946533452,,,,,,,0
695c39e7ce90b132208521e1,2025,0,3.9873283095944974,2.1243539293645126,4.06745162949037,3,Human Resources,Associate,0.7974656619188994,0.4248707858729025,0.813490325898074,,,,,,,0
695c39e7ce90b132208521e2,2025,0,2.7637825004471246,2.423204177036992,2.081052446638214,3,Administration,Executive,0.5527565000894249,0.4846408354073984,0.4162104893276428,,,,,,,0
695c39e7ce90b132208521e3,2025,0,3.2501990204084,2.4945876492136114,3.088232920397161,3,Information Technology,UI/UX Lead,0.65003980408168,0.4989175298427223,0.6176465840794322,,,,,,,0
695c39e7ce90b132208521e4,2025,0,3.1609857563429964,3.096765255673079,4.225032636176336,3,Human Resources,Associate,0.6321971512685993,0.6193530511346158,0.8450065272352673,,,,,,,0
695c39e7ce90b132208521e5,2025,0,2.119627534002957,3.8647518835398635,2.4908364149326685,3,Information Technology,Associate Project Manager,0.4239255068005914,0.7729503767079727,0.4981672829865337,,,,,,,0
695c39e7ce90b132208521e6,2025,0,1.7312275599867613,2.0858207921845775,1.611289614840457,3,Information Technology,Architect,0.34624551199735226,0.4171641584369155,0.3222579229680914,,,,,,,0
695c39e7ce90b132208521e7,2025,0,2.9543048909204357,2.854868060999313,3.7609130012876237,3,Administration,Team Lead,0.5908609781840871,0.5709736121998625,0.7521826002575247,,,,,,,0
695c39e7ce90b132208521e8,2025,0,3.8213838339615447,2.681313825878087,3.044831360895373,3,Human Resources,Team Lead,0.7642767667923089,0.5362627651756174,0.6089662721790746,,,,,,,0
695c39e7ce90b132208521e9,2025,0,2.9958287906942123,3.128327672747,2.4894834259970255,3,Information Technology,Administrator,0.5991657581388424,0.6256655345494,0.4978966851994051,,,,,,,0
695c39e7ce90b132208521ea,2025,0,3.08931978835475,3.749758586504496,2.110281264407558,3,Information Technology,Associate Project Manager,0.61786395767095,0.7499517173008992,0.4220562528815116,,,,,,,0
695c39e7ce90b132208521eb,2025,0,2.121292713189365,1.9881488039851436,1.6646186939566707,3,Administration,Executive,0.424258542637873,0.3976297607970287,0.33292373879133413,,,,,,,0
695c39e7ce90b132208521ec,2025,0,2.3336502222072317,2.124533409947735,3.3522858493040437,3,Human Resources,Intern,0.46673004444144633,0.42490668198954695,0.6704571698608087,,,,,,,0
695c39e7ce90b132208521ed,2025,0,3.4877335711743185,2.513706940054699,2.7126417530414852,3,Human Resources,Assistant Manager,0.6975467142348637,0.5027413880109398,0.5425283506082971,,,,,,,0
