employee_id,year,tenure_years,EES_overall,JSS_overall,LIS_overall,num_surveys_year,department,role,EES_overall_norm,JSS_overall_norm,LIS_overall_norm,EES_prev,delta_EES,JSS_prev,delta_JSS,LIS_prev,delta_LIS,attrition_next_year,predicted_attrition_risk
695c39e7ce90b13220851e54,2025,4,3.122403347289007,2.023718885622012,1.581062843654524,3,Administration,Manager,0.6244806694578015,0.4047437771244023,0.3162125687309048,3.107622132169745,0.0147812151192621,3.521196608789409,-1.497477723167397,2.6358309175101886,-1.0547680738556646,0,0.38
695c39e7ce90b13220851e55,2025,4,3.356399858057759,3.57434034657959,3.335548546514519,3,Human Resources,Assistant Manager,0.6712799716115518,0.7148680693159181,0.6671097093029038,2.565581347069755,0.7908185109880042,1.9378855931605004,1.63645475341909,1.2685620885179385,2.0669864579965807,0,0.05333333333333334
695c39e7ce90b13220851e56,2025,4,3.408895409484584,3.130227318806948,4.247178253681283,3,Administration,General Manager,0.6817790818969168,0.6260454637613896,0.8494356507362566,2.7575628665280703,0.651332542956514,2.526297713658704,0.6039296051482439,3.1845980892131527,1.0625801644681303,0,0.15
695c39e7ce90b13220851e59,2025,4,2.6895333188190955,2.1456303803031647,3.001299573512365,3,Human Resources,Team Lead,0.5379066637638191,0.4291260760606329,0.600259914702473,3.27616643545428,-0.5866331166351846,4.477032251076418,-2.331401870773253,3.996196668879356,-0.9948970953669908,0,0.2833333333333333
695c39e7ce90b13220851e5b,2025,4,3.709729904034332,3.534758404511118,2.298766501188661,3,Administration,Associate,0.7419459808068665,0.7069516809022236,0.4597533002377322,2.9063048522973185,0.8034250517370136,2.8833206742125177,0.6514377302986003,2.492428455500789,-0.193661954312128,0,0.13333333333333333
695c39e7ce90b13220851e5c,2025,4,1.366776299217755,2.8476918967392644,1.3558957049499474,3,Administration,General Manager,0.273355259843551,0.5695383793478529,0.2711791409899894,2.946966675164374,-1.580190375946619,3.898758095669893,-1.051066198930628,2.5445037216146336,-1.1886080166646862,0,0.6866666666666666
695c39e7ce90b13220851e5d,2025,4,4.512898953085321,4.828293297508242,4.392745035613894,3,Administration,Team Lead,0.9025797906170642,0.9656586595016484,0.8785490071227787,4.168882589156182,0.3440163639291391,4.855012810726151,-0.0267195132179081,4.13803939735571,0.2547056382581836,0,0.25333333333333335
695c39e7ce90b13220851e5e,2025,4,3.532334971011954,3.034820201250551,3.010426843404831,3,Administration,Senior Executive,0.7064669942023908,0.6069640402501102,0.6020853686809662,3.4291470656049787,0.1031879054069753,1.7524317631257376,1.2823884381248136,1.8903554567627767,1.1200713866420544,0,0.10333333333333333
695c39e7ce90b13220851e5f,2025,4,2.3811039890298336,4.162502648832833,2.715471902510957,3,Human Resources,Associate,0.4762207978059667,0.8325005297665665,0.5430943805021915,2.6684183885198816,-0.287314399490048,2.8172332221196097,1.345269426713223,2.989589215755136,-0.2741173132441785,0,0.15
695c39e7ce90b13220851e61,2025,4,2.562974607875604,2.566246280139144,3.073588996620426,3,Information Technology,Senior UI/UX Designer,0.5125949215751208,0.5132492560278288,0.6147177993240852,2.6737315295724,-0.1107569216967956,3.010196306065804,-0.44395002592666,3.0488592192940573,0.0247297773263688,0,0.18666666666666668
695c39e7ce90b13220851e62,2025,4,2.8227392665709057,3.04625388885175,2.166898673343411,3,Information Technology,Associate Software Engineer,0.5645478533141811,0.60925077777035,0.4333797346686822,3.655163129845495,-0.8324238632745895,4.356030109734303,-1.309776220882553,4.425826661662476,-2.2589279883190647,0,0.46
695c39e7ce90b13220851e64,2025,4,1.8181958829654608,1.309544208505566,1.7031945903979566,3,Information Technology,QA Lead,0.3636391765930922,0.2619088417011131,0.3406389180795913,3.240682044594956,-1.4224861616294946,1.8527014112386744,-0.5431572027331086,1.784191914099487,-0.0809973237015304,0,0.49333333333333335
695c39e7ce90b13220851e65,2025,4,3.3156831233555235,3.6811920821456985,3.853334964632336,3,Information Technology,Software Engineer,0.6631366246711047,0.7362384164291397,0.7706669929264671,2.7471693843105607,0.5685137390449628,2.9683844990568677,0.7128075830888312,2.9512302073217462,0.9021047573105894,0,0.21666666666666667
695c39e7ce90b13220851e66,2025,4,3.454534231214108,2.74088663697731,2.9718967034289534,3,Human Resources,Manager,0.6909068462428216,0.548177327395462,0.5943793406857907,2.9238081698577103,0.5307260613563978,2.416909853863426,0.323976783113884,2.9056782777364547,0.0662184256924987,0,0.09333333333333334
695c39e7ce90b13220851e67,2025,4,4.655099124946039,4.498326166344214,3.561982145436782,3,Administration,Senior Executive,0.931019824989208,0.8996652332688427,0.7123964290873565,4.227969007640357,0.4271301173056825,4.419688775478732,0.0786373908654818,4.214689887598862,-0.6527077421620797,0,0.23666666666666666
695c39e7ce90b13220851e69,2025,4,2.5712759307897706,3.4039503880694024,2.9079696234141807,3,Administration,Senior Manager,0.5142551861579541,0.6807900776138804,0.5815939246828361,4.416616571875467,-1.8453406410856967,3.4983778309799214,-0.0944274429105189,4.008851899584248,-1.1008822761700672,0,0.2733333333333333
695c39e7ce90b13220851e6b,2025,4,4.686267327024471,4.504383510194733,4.295040590532122,3,Information Technology,Project Manager,0.937253465404894,0.9008767020389468,0.8590081181064244,3.5966442553331968,1.0896230716912738,3.0552637772714664,1.449119732923267,3.2424765886101925,1.0525640019219296,0,0.06
695c39e7ce90b13220851e6c,2025,4,2.04829681188284,1.6691830424921097,3.5309722329872155,3,Information Technology,Associate UI/UX Designer,0.4096593623765679,0.3338366084984219,0.7061944465974431,2.8713356016595486,-0.8230387897767089,3.186456635083183,-1.5172735925910734,3.4509080788452704,0.0800641541419451,0,0.36
695c39e7ce90b13220851e6e,2025,4,2.8123421803360946,3.0570401508170555,4.087868767747832,3,Administration,Senior Manager,0.562468436067219,0.611408030163411,0.8175737535495664,3.1034045257225813,-0.2910623453864867,2.968571207441226,0.0884689433758296,2.3193004206367984,1.7685683471110334,0,0.07666666666666666
695c39e7ce90b13220851e6f,2025,4,3.051647240828799,3.576403745540701,3.013699028591491,3,Administration,Senior Manager,0.6103294481657598,0.7152807491081402,0.6027398057182982,2.8992031107447342,0.1524441300840648,3.063007690649098,0.513396054891603,2.5482611592658038,0.4654378693256875,0,0.16
695c39e7ce90b13220851e70,2025,4,2.2107233375738256,2.5696021914196163,3.0878691713718647,3,Human Resources,Team Lead,0.4421446675147651,0.5139204382839233,0.617573834274373,2.837202393954924,-0.6264790563810982,2.56875190274877,0.0008502886708461,2.481910743326967,0.6059584280448975,0,0.10666666666666667
695c39e7ce90b13220851e71,2025,4,3.5941732320042785,2.9102578015443616,3.420616171207301,3,Human Resources,Senior Manager,0.7188346464008557,0.5820515603088723,0.6841232342414603,3.367707476908434,0.2264657550958446,3.610563388522356,-0.7003055869779944,4.127845169910663,-0.707228998703362,0,0.11
695c39e7ce90b13220851e75,2025,4,2.392828713723573,2.1291088929764745,3.527830053337277,3,Administration,Assistant Manager,0.4785657427447146,0.4258217785952949,0.7055660106674554,3.1653498515173744,-0.7725211377938015,2.4054378915799,-0.2763289986034252,2.9366796968798985,0.5911503564573786,0,0.13666666666666666
695c39e7ce90b13220851e76,2025,4,2.5873368494719053,2.24489567104613,3.1045135200876617,3,Information Technology,UI/UX Lead,0.517467369894381,0.4489791342092259,0.6209027040175323,3.0486092579046717,-0.4612724084327659,2.139084112429899,0.1058115586162307,3.469599096085485,-0.3650855759978233,0,0.15666666666666668
695c39e7ce90b13220851e77,2025,4,2.6928650833305228,2.407870593681696,2.897371759189203,3,Human Resources,Associate,0.5385730166661046,0.4815741187363391,0.5794743518378407,1.486124452309901,1.2067406310206217,3.0430659569045018,-0.635195363222806,2.73292736600942,0.1644443931797834,0,0.12666666666666668
695c39e7ce90b13220851e78,2025,4,2.335895382709373,2.4256955495919543,2.442173559932214,3,Human Resources,Senior Manager,0.4671790765418745,0.4851391099183909,0.4884347119864428,1.766246945562243,0.56964843714713,1.7394812276947578,0.6862143218971966,1.7013686316252317,0.7408049283069822,0,0.03333333333333333
695c39e7ce90b13220851e79,2025,4,3.7498011774522286,3.0306816355003727,2.6582911149604653,3,Administration,Assistant General Manager,0.7499602354904458,0.6061363271000746,0.5316582229920931,3.677373062592282,0.0724281148599468,4.336504785184046,-1.3058231496836736,3.85608682812124,-1.1977957131607746,0,0.20333333333333334
695c39e7ce90b13220851e7a,2025,4,3.084631282388794,2.620112269480288,3.692911831024373,3,Administration,Senior Executive,0.6169262564777588,0.5240224538960575,0.7385823662048747,3.0177806547333663,0.0668506276554277,1.5353834212129365,1.0847288482673514,1.7297453017397255,1.963166529284648,0,0.04666666666666667
695c39e7ce90b13220851e7c,2025,4,2.618734471876901,3.162677074610702,4.21839549933127,3,Human Resources,Senior Manager,0.5237468943753802,0.6325354149221404,0.843679099866254,3.5992024457153287,-0.9804679738384277,3.281718726055629,-0.1190416514449275,3.286888686116319,0.9315068132149508,0,0.14333333333333334
695c39e7ce90b13220851e7d,2025,4,3.9450324797587033,4.33477342355157,2.6753660765780114,3,Information Technology,UI/UX Lead,0.7890064959517407,0.866954684710314,0.5350732153156023,2.3272298530213456,1.6178026267373578,2.736741131191467,1.5980322923601031,3.804285649666536,-1.1289195730885244,0,0.06333333333333334
695c39e7ce90b13220851e7e,2025,4,1.6943581683475224,1.303514663669658,1.5962993203743907,3,Administration,Senior Executive,0.3388716336695044,0.2607029327339316,0.3192598640748781,3.8773919122165488,-2.1830337438690264,4.810474948317383,-3.506960284647725,4.204381795533731,-2.6080824751593403,0,0.89
695c39e7ce90b13220851e7f,2025,4,1.5877419162109738,1.6480150594537577,1.8956417407215824,3,Administration,Assistant General Manager,0.3175483832421947,0.3296030118907515,0.3791283481443165,4.004604338788765,-2.4168624225777906,3.0586510721972724,-1.410636012743515,2.992479018535997,-1.0968372778144149,0,0.9333333333333333
695c39e7ce90b13220851e81,2025,4,3.336402826187979,2.8235926849002926,3.972977938986658,3,Information Technology,Associate UI/UX Designer,0.6672805652375958,0.5647185369800585,0.7945955877973316,3.008490904147546,0.3279119220404332,3.031081420726281,-0.2074887358259882,1.6068404923213624,2.366137446665296,0,0.14
695c39e7ce90b13220851e82,2025,4,1.6911067120622778,1.6861007399372503,1.0,3,Human Resources,General Manager,0.3382213424124555,0.3372201479874501,0.2,1.553856091506301,0.1372506205559764,3.5109758008954977,-1.8248750609582471,4.070926216523578,-3.070926216523578,0,0.37666666666666665
695c39e7ce90b13220851e83,2025,4,2.6092757251746272,2.333569599641126,2.918305887321431,3,Administration,Senior Executive,0.5218551450349255,0.4667139199282252,0.5836611774642863,2.6904027794219347,-0.0811270542473074,3.343557495188957,-1.0099878955478316,3.59511735642434,-0.6768114691029088,0,0.19
695c39e7ce90b13220851e84,2025,4,2.5814352951172754,2.8882090445053707,2.019906436468712,3,Administration,Team Lead,0.5162870590234551,0.5776418089010742,0.4039812872937423,3.651203206799963,-1.0697679116826877,2.847633922128625,0.0405751223767456,2.332050551801536,-0.3121441153328246,0,0.34
695c39e7ce90b13220851e86,2025,4,4.171828682205429,4.55909332790335,2.846205301075275,3,Information Technology,Architect,0.8343657364410857,0.91181866558067,0.5692410602150549,4.399948503901194,-0.2281198216957651,3.0896212532893577,1.469472074613992,2.6764701277034573,0.1697351733718175,0,0.14333333333333334
695c39e7ce90b13220851e89,2025,4,2.321200189988749,4.284499738606922,4.943384359946927,3,Administration,Senior Executive,0.4642400379977497,0.8568999477213843,0.9886768719893856,2.609922700253676,-0.2887225102649271,3.015379927225976,1.2691198113809463,3.2425392466104284,1.700845113336499,0,0.2
695c39e7ce90b13220851e8a,2025,4,1.4997672142474148,1.0,1.7233077970663373,3,Human Resources,Executive,0.2999534428494829,0.2,0.3446615594132675,3.2031127539503936,-1.7033455397029789,1.537934313564599,-0.5379343135645991,1.5983062442967555,0.1250015527695815,0,0.51
695c39e7ce90b13220851e8c,2025,4,4.671197863855365,2.147085339024094,2.98799922099382,3,Human Resources,Executive,0.9342395727710732,0.4294170678048187,0.597599844198764,3.2424467795047067,1.4287510843506586,1.972141774733681,0.1749435642904129,1.960897123586524,1.0271020974072962,0,0.04666666666666667
695c39e7ce90b13220851e8d,2025,4,4.379849883572206,3.202208237381497,4.339670324344512,3,Administration,Senior Manager,0.8759699767144411,0.6404416474762994,0.8679340648689025,2.160518212821784,2.219331670750422,2.890476817910394,0.3117314194711027,2.748912085155649,1.5907582391888626,0,0.12333333333333334
695c39e7ce90b13220851e8e,2025,4,3.595115496114861,3.7362466078508265,4.063700812958419,3,Administration,Assistant General Manager,0.7190230992229723,0.7472493215701653,0.8127401625916837,2.803184651565632,0.7919308445492295,2.649938907810026,1.0863077000408006,3.335950924157824,0.7277498888005951,0,0.11333333333333333
695c39e7ce90b13220851e8f,2025,4,3.5877316507365915,3.415758673327917,4.579051215085336,3,Information Technology,Architect,0.7175463301473183,0.6831517346655833,0.9158102430170671,4.327935867388248,-0.7402042166516569,2.710179953894425,0.7055787194334919,3.225438089771564,1.353613125313772,0,0.29333333333333333
695c39e7ce90b13220851e90,2025,4,3.260824387379229,2.659430931900673,3.040089590376471,3,Human Resources,General Manager,0.652164877475846,0.5318861863801347,0.6080179180752942,2.4016381782892355,0.859186209089994,2.8023671772000025,-0.142936245299329,2.6588122380574872,0.3812773523189836,0,0.09333333333333334
695c39e7ce90b13220851e91,2025,4,3.1117312768794863,2.6238660474735105,2.657470929206287,3,Human Resources,Assistant General Manager,0.6223462553758973,0.5247732094947021,0.5314941858412574,2.9025769224955,0.2091543543839868,2.3623835869472667,0.2614824605262438,2.856659916080174,-0.1991889868738869,0,0.08333333333333333
695c39e7ce90b13220851e97,2025,4,2.4697870884977418,3.217418231817448,3.0093802537210808,3,Administration,Senior Manager,0.4939574176995484,0.6434836463634896,0.6018760507442161,3.309647533191034,-0.8398604446932922,5.0,-1.7825817681825518,5.0,-1.9906197462789192,0,0.21
695c39e7ce90b13220851e9b,2025,4,1.7950962562601216,2.282455481405836,2.63356870639915,3,Administration,Senior Manager,0.3590192512520243,0.4564910962811672,0.5267137412798302,2.583027366025078,-0.7879311097649566,2.544327494902289,-0.2618720134964527,2.495999400086966,0.1375693063121845,0,0.31
695c39e7ce90b13220851e9d,2025,4,2.7645791785733875,3.1623331289576275,3.4135621167333143,3,Human Resources,Team Lead,0.5529158357146775,0.6324666257915255,0.6827124233466628,2.586913465235671,0.1776657133377166,1.7316461495198068,1.4306869794378207,3.2055772077385183,0.207984908994796,0,0.07666666666666666
695c39e7ce90b13220851e9f,2025,4,4.254020654777761,4.212234807846912,3.6244924843488686,3,Human Resources,Senior Manager,0.8508041309555521,0.8424469615693824,0.7248984968697737,3.060310233927332,1.1937104208504286,3.4357535933249683,0.7764812145219433,3.1389158748764725,0.4855766094723961,0,0.06333333333333334
695c39e7ce90b13220851ea3,2025,4,2.7817795614751315,2.749462669284064,2.5916158059835768,3,Administration,Team Lead,0.5563559122950263,0.5498925338568128,0.5183231611967154,1.648094717721964,1.1336848437531677,1.0213269752601262,1.728135694023938,1.52564355771917,1.0659722482644067,0,0.023333333333333334
695c39e7ce90b13220851ea6,2025,4,4.110689797038922,3.4022541733194105,2.817911911940524,3,Administration,Assistant General Manager,0.8221379594077843,0.6804508346638821,0.5635823823881048,3.363919754124323,0.7467700429145987,3.5350042534257176,-0.132750080106307,2.60845646822104,0.209455443719484,0,0.14333333333333334
695c39e7ce90b13220851ea7,2025,4,4.429161168573149,3.725096388483928,4.156000257988557,3,Human Resources,Senior Manager,0.8858322337146298,0.7450192776967854,0.8312000515977115,4.302333540651544,0.1268276279216049,3.097974659699025,0.6271217287849025,3.644177849676789,0.511822408311768,0,0.11666666666666667
695c39e7ce90b13220851ea8,2025,4,3.229455484911681,2.029795941549549,2.777774303411858,3,Human Resources,Assistant General Manager,0.6458910969823363,0.4059591883099097,0.5555548606823716,2.127980920586652,1.10147456432503,2.637859312592526,-0.6080633710429773,3.0944248763001463,-0.3166505728882884,0,0.15333333333333332
695c39e7ce90b13220851eaa,2025,4,3.87188355299395,2.9368807838812647,2.7373058574110534,3,Administration,Senior Executive,0.77437671059879,0.587376156776253,0.5474611714822106,3.379479296627319,0.4924042563666311,2.7278274292375464,0.2090533546437183,2.1136727753634714,0.6236330820475819,0,0.21333333333333335
695c39e7ce90b13220851eac,2025,4,2.747694058224232,1.7717532820399289,2.240369230434013,3,Administration,Team Lead,0.5495388116448464,0.3543506564079857,0.4480738460868027,1.4221037227918476,1.3255903354323846,2.773794942518441,-1.0020416604785125,2.94799761349011,-0.7076283830560963,0,0.15666666666666668
695c39e7ce90b13220851eae,2025,4,2.2393857025581374,3.4672806610998936,2.87032260361992,3,Information Technology,Associate QA Engineer,0.4478771405116274,0.6934561322199787,0.574064520723984,3.0717881671079774,-0.83240246454984,3.2508709054067912,0.2164097556931024,4.503656980080355,-1.6333343764604351,0,0.39
695c39e7ce90b13220851eb2,2025,4,3.225363710385389,2.168075754081044,2.576952719281012,3,Human Resources,Associate,0.6450727420770778,0.4336151508162086,0.5153905438562023,2.2554834924454914,0.9698802179398976,2.0542639869219297,0.1138117671591136,2.885282923007722,-0.3083302037267104,0,0.06
695c39e7ce90b13220851eb5,2025,4,2.750993961991304,4.498305770039444,3.5638415180514267,3,Information Technology,Senior Software Engineer,0.5501987923982609,0.8996611540078888,0.7127683036102853,3.8608841426268334,-1.10989018063553,2.3342184609809755,2.1640873090584685,3.195987788647183,0.3678537294042439,0,0.1
695c39e7ce90b13220851eb6,2025,4,3.886620497387004,3.689776822501544,3.8905013772514576,3,Human Resources,Team Lead,0.7773240994774008,0.7379553645003087,0.7781002754502915,1.425868124818864,2.46075237256814,1.4179611513859582,2.271815671115585,1.138662433086047,2.7518389441654105,0,0.02
695c39e7ce90b13220851eb7,2025,4,3.797025608146861,4.00771291045843,3.411702566355106,3,Administration,Senior Executive,0.7594051216293722,0.801542582091686,0.6823405132710212,2.3781784802169854,1.418847127929876,2.1903032218528686,1.8174096886055613,1.204363934973436,2.20733863138167,0,0.04
695c39e7ce90b13220851eba,2025,4,2.5540035261959524,2.244869413007699,3.390282491169484,3,Human Resources,Associate,0.5108007052391905,0.4489738826015398,0.6780564982338968,3.0621588487587084,-0.508155322562756,3.5680724112025954,-1.3232029981948965,3.520837027360954,-0.1305545361914699,0,0.2
695c39e7ce90b13220851ebb,2025,4,1.4668822681964926,1.391630123235152,1.4745418402974413,3,Administration,Assistant General Manager,0.2933764536392985,0.2783260246470304,0.2949083680594883,2.077746218257689,-0.6108639500611965,2.3107963819390003,-0.9191662587038484,2.1680101237105616,-0.6934682834131203,0,0.51
695c39e7ce90b13220851ebc,2025,4,2.8386512095923626,2.0020091175940697,2.514798087534958,3,Information Technology,Associate QA Engineer,0.5677302419184725,0.4004018235188139,0.5029596175069916,3.728826087651112,-0.8901748780587488,3.223197672736577,-1.2211885551425077,5.0,-2.485201912465042,0,0.41333333333333333
695c39e7ce90b13220851ebe,2025,4,2.059980948679046,3.0702901435760355,2.732332571326983,3,Administration,Team Lead,0.4119961897358092,0.6140580287152071,0.5464665142653966,3.049697735117943,-0.9897167864388972,3.282199909854816,-0.2119097662787799,3.980156505867277,-1.247823934540294,0,0.44333333333333336
695c39e7ce90b13220851ebf,2025,4,3.868437070579504,4.142820038378964,4.1824279703408775,3,Human Resources,Executive,0.7736874141159008,0.8285640076757929,0.8364855940681755,2.575579613288532,1.2928574572909728,2.3655036409047403,1.777316397474224,2.70671658277567,1.4757113875652077,0,0.03
695c39e7ce90b13220851ec0,2025,4,3.187554666826196,2.350780635359099,3.662197473788555,3,Human Resources,Assistant Manager,0.6375109333652392,0.4701561270718198,0.732439494757711,2.807390110119788,0.3801645567064082,3.099572516196284,-0.7487918808371852,3.102469513290579,0.5597279604979759,0,0.14
695c39e7ce90b13220851ec6,2025,4,3.4054585527922,3.4199767044580813,2.1762764238814705,3,Information Technology,Architect,0.68109171055844,0.6839953408916163,0.4352552847762941,3.0910132620838406,0.3144452907083592,3.0137655113411155,0.4062111931169658,3.7704114468772856,-1.594135022995815,0,0.13
695c39e7ce90b13220851ec7,2025,4,3.004339545534143,3.4471956708616025,3.156904164837719,3,Information Technology,Associate UI/UX Designer,0.6008679091068286,0.6894391341723205,0.6313808329675438,2.5944136783179337,0.4099258672162094,3.1008730936916247,0.3463225771699778,2.5853163504888714,0.5715878143488475,0,0.09333333333333334
695c39e7ce90b13220851ec9,2025,4,4.762467202291584,4.696811439538986,2.404261483414881,3,Administration,Team Lead,0.9524934404583169,0.9393622879077972,0.4808522966829762,2.505558131516902,2.256909070774681,3.4750943452145555,1.2217170943244304,3.02134762694187,-0.617086143526989,0,0.08
695c39e7ce90b13220851ecb,2025,4,2.781873664626468,2.924926039853698,3.5516640709671177,3,Administration,Associate,0.5563747329252935,0.5849852079707396,0.7103328141934235,4.193820392457717,-1.411946727831249,2.8179158892210183,0.1070101506326794,2.655681166879901,0.8959829040872167,0,0.10666666666666667
695c39e7ce90b13220851ecc,2025,4,4.078139440655272,2.8135521212934917,2.4806646481701566,3,Administration,Assistant General Manager,0.8156278881310544,0.5627104242586982,0.4961329296340313,4.418248762391593,-0.3401093217363211,5.0,-2.1864478787065087,3.8709271656985895,-1.3902625175284329,0,0.22333333333333333
695c39e7ce90b13220851ecd,2025,4,2.881494151174824,2.543314207378324,4.133638411693067,3,Information Technology,Project Manager,0.5762988302349648,0.5086628414756648,0.8267276823386134,2.941876815552564,-0.06038266437774,3.041364249523441,-0.4980500421451173,3.324367180120196,0.809271231572871,0,0.10333333333333333
695c39e7ce90b13220851ece,2025,4,3.738136546318991,4.160039912418917,3.968609357751197,3,Administration,Assistant Manager,0.7476273092637982,0.8320079824837834,0.7937218715502394,4.206824291023866,-0.4686877447048747,3.233023075500977,0.9270168369179396,4.24175675353081,-0.2731473957796129,0,0.2866666666666667
695c39e7ce90b13220851ecf,2025,4,1.0,1.6586212454449774,1.676802118348164,3,Administration,Executive,0.2,0.3317242490889954,0.3353604236696328,1.857646539148506,-0.857646539148506,2.57548560436709,-0.9168643589221128,3.354170736775407,-1.6773686184272427,0,0.48333333333333334
695c39e7ce90b13220851ed8,2025,4,3.5730024483592904,3.6577320743673263,3.7548155496415183,3,Human Resources,Assistant Manager,0.7146004896718581,0.7315464148734653,0.7509631099283036,3.212283377295867,0.3607190710634231,2.5733963834068225,1.0843356909605038,2.253111391569147,1.5017041580723711,0,0.15
695c39e7ce90b13220851edb,2025,4,2.8691273044830785,3.05117968544436,3.84362821633464,3,Administration,Senior Manager,0.5738254608966157,0.6102359370888719,0.7687256432669279,3.245629385057356,-0.3765020805742773,3.954351203104853,-0.9031715176604932,3.815213848459861,0.0284143678747783,0,0.12
695c39e7ce90b13220851edf,2025,4,4.066113603857838,2.880655190553981,3.2503444498650245,3,Information Technology,UI/UX Designer,0.8132227207715677,0.5761310381107962,0.6500688899730049,3.568002977634257,0.4981106262235815,2.86785140033189,0.0128037902220916,3.683871685010789,-0.4335272351457639,0,0.17
695c39e7ce90b13220851ee1,2025,4,4.671147376877097,3.858146080804816,3.3099396958771568,3,Information Technology,Administrator,0.9342294753754194,0.7716292161609631,0.6619879391754313,1.3732527455453591,3.297894631331738,1.2170667808394653,2.6410792999653507,1.8163328638742708,1.493606832002886,0,0.01
695c39e7ce90b13220851ee2,2025,4,3.3396685705627145,2.3944773642714496,2.1109083800013475,3,Administration,Associate,0.6679337141125429,0.4788954728542899,0.4221816760002695,2.611865218928211,0.7278033516345035,2.409436426658595,-0.0149590623871453,2.0309385775307245,0.079969802470623,0,0.17
695c39e7ce90b13220851ee3,2025,4,2.9973456343652347,3.4972626002191274,2.481606592347362,3,Human Resources,Assistant General Manager,0.599469126873047,0.6994525200438255,0.4963213184694724,3.190323160540438,-0.1929775261752033,2.9276674719821143,0.5695951282370131,2.6318654063957005,-0.1502588140483385,0,0.11
695c39e7ce90b13220851ee4,2025,4,4.301646972817991,3.172293707485033,2.486813464283702,3,Information Technology,QA Lead,0.8603293945635981,0.6344587414970067,0.4973626928567404,3.4538955375170595,0.847751435300931,3.602551402596049,-0.4302576951110164,2.892547445801319,-0.4057339815176171,0,0.11
695c39e7ce90b13220851ee5,2025,4,4.668458972907114,4.682618093581398,4.129924578382277,3,Human Resources,Senior Manager,0.9336917945814228,0.9365236187162796,0.8259849156764554,2.386026432300138,2.282432540606976,4.38691951631938,0.2956985772620184,3.0113818898301283,1.1185426885521488,0,0.1
695c39e7ce90b13220851ee6,2025,4,1.4629766907135304,1.0,2.4100084189570623,3,Administration,Senior Executive,0.2925953381427061,0.2,0.4820016837914124,2.587833778608979,-1.1248570878954485,2.688575017982244,-1.688575017982244,2.9848833129077987,-0.5748748939507364,0,0.6733333333333333
695c39e7ce90b13220851ee7,2025,4,4.499834640084923,4.33695759554863,4.305816373417574,3,Information Technology,Software Engineer,0.8999669280169845,0.867391519109726,0.8611632746835148,3.991404654555299,0.5084299855296237,3.3262341825749404,1.0107234129736895,2.3979314930648927,1.9078848803526816,0,0.21
695c39e7ce90b13220851ee8,2025,4,1.726831832904781,1.58036150836244,2.756938622231704,3,Information Technology,Senior QA Engineer,0.3453663665809562,0.316072301672488,0.5513877244463408,1.6290946896501075,0.0977371432546734,2.342900346410828,-0.7625388380483882,3.0673028302054384,-0.3103642079737345,0,0.25666666666666665
695c39e7ce90b13220851ee9,2025,4,2.4274901027959066,3.0420655182028704,4.607165084407965,3,Information Technology,Project Manager,0.4854980205591813,0.6084131036405741,0.9214330168815932,3.754561161471088,-1.3270710586751815,3.42743794134991,-0.3853724231470394,3.613483319748653,0.993681764659312,0,0.12333333333333334
695c39e7ce90b13220851eea,2025,4,2.5629234693521923,2.2960203212310737,2.7491502612651324,3,Human Resources,Assistant Manager,0.5125846938704385,0.4592040642462147,0.5498300522530265,1.4921211740074585,1.070802295344734,2.203852875682073,0.0921674455490002,1.0866606879144398,1.6624895733506926,0,0.043333333333333335
695c39e7ce90b13220851eeb,2025,4,2.197804602618726,3.1807497724873657,2.344156947885518,3,Administration,Senior Executive,0.4395609205237452,0.6361499544974731,0.4688313895771036,2.338991737162284,-0.1411871345435575,3.4714594337718245,-0.2907096612844588,2.950111173613115,-0.6059542257275972,0,0.47
695c39e7ce90b13220851eed,2025,4,3.9412699774774897,4.086815848226371,3.3479982138977205,3,Information Technology,Senior UI/UX Designer,0.7882539954954979,0.8173631696452741,0.6695996427795441,2.923983266549076,1.0172867109284138,3.99563620583066,0.0911796423957103,3.2002689748974573,0.1477292390002631,0,0.09
695c39e7ce90b13220851eee,2025,4,1.6083865037446037,2.4384584324646035,3.066706145017455,3,Human Resources,Assistant General Manager,0.3216773007489207,0.4876916864929207,0.613341229003491,1.461408299439337,0.1469782043052667,1.5987635034066967,0.8396949290579068,2.5900923023096936,0.4766138427077613,0,0.06
695c39e7ce90b13220851eef,2025,4,2.171677603399503,4.310305723139567,3.3159558064633443,3,Information Technology,Software Engineer,0.4343355206799006,0.8620611446279133,0.6631911612926689,2.8792143146057856,-0.7075367112062825,1.392510503364934,2.917795219774632,2.280020014228882,1.0359357922344623,0,0.056666666666666664
695c39e7ce90b13220851ef1,2025,4,3.2561590444834985,2.219866758230244,3.267842252020292,3,Administration,Executive,0.6512318088966997,0.4439733516460487,0.6535684504040583,2.7778178855249878,0.4783411589585111,3.902225456849396,-1.6823586986191523,2.996114960305088,0.2717272917152038,0,0.21
695c39e7ce90b13220851ef2,2025,4,2.686230763538913,4.076284860149844,2.1598878645905595,3,Human Resources,Senior Manager,0.5372461527077826,0.8152569720299688,0.4319775729181119,2.855831589539612,-0.1696008260006989,3.1482064102488154,0.9280784499010286,3.513319808942554,-1.3534319443519944,0,0.11
695c39e7ce90b13220851ef5,2025,4,4.245441717878343,3.792324918682002,3.644723494576314,3,Information Technology,Associate UI/UX Designer,0.8490883435756686,0.7584649837364004,0.7289446989152628,3.2740263381107195,0.9714153797676236,3.295158682920932,0.4971662357610698,3.018896250218662,0.625827244357652,0,0.05
695c39e7ce90b13220851ef6,2025,4,2.531921587742956,2.657274468705282,2.6051539188191057,3,Administration,Assistant General Manager,0.5063843175485911,0.5314548937410564,0.5210307837638212,1.5964809949685062,0.9354405927744496,2.093823797333874,0.5634506713714078,1.969540993455044,0.6356129253640621,0,0.013333333333333334
695c39e7ce90b13220851ef7,2025,4,2.255440188877392,2.106342168848668,2.188650273836831,3,Information Technology,Associate Project Manager,0.4510880377754784,0.4212684337697336,0.4377300547673662,1.8730409497206215,0.3823992391567703,2.104807241833477,0.0015349270151912,1.1708274540226598,1.0178228198141712,0,0.06
695c39e7ce90b13220851ef8,2025,4,3.726292617338856,4.220610822313683,4.241195299826368,3,Human Resources,Associate,0.7452585234677713,0.8441221644627366,0.8482390599652735,4.290486150717501,-0.5641935333786448,4.628829000535378,-0.4082181782216949,4.06043892270783,0.1807563771185378,0,0.19
695c39e7ce90b13220851efa,2025,4,4.40543534135114,5.0,4.341684069886938,3,Administration,Assistant Manager,0.881087068270228,1.0,0.8683368139773876,3.903609058170144,0.5018262831809963,3.2666556861362146,1.7333443138637854,3.557228855720758,0.7844552141661798,0,0.17
695c39e7ce90b13220851efb,2025,4,4.436549195644543,4.541778096960957,3.970546101825573,3,Administration,Assistant Manager,0.8873098391289085,0.9083556193921914,0.7941092203651146,4.351531982360703,0.08501721328384,2.4857145554263003,2.056063541534657,2.7946987654041147,1.175847336421458,0,0.11333333333333333
695c39e7ce90b13220851efc,2025,4,1.5470008493215224,2.767379708415012,3.3216516139643497,3,Administration,General Manager,0.3094001698643044,0.5534759416830023,0.66433032279287,2.553163023860202,-1.0061621745386795,2.396448809381421,0.3709308990335906,2.7377459741479044,0.5839056398164453,0,0.14333333333333334
695c39e7ce90b13220851efd,2025,4,2.174734851910569,2.2842939252472894,2.348662288903455,3,Human Resources,Assistant General Manager,0.4349469703821138,0.4568587850494578,0.469732457780691,3.4998435844688194,-1.3251087325582502,3.2887466828545784,-1.004452757607289,3.054527172510764,-0.7058648836073091,0,0.5966666666666667
695c39e7ce90b13220851efe,2025,4,1.6885109745087588,2.323166154929758,2.1428948090220854,3,Administration,Executive,0.3377021949017517,0.4646332309859516,0.428578961804417,3.07211776734496,-1.3836067928362012,2.554566810612405,-0.2314006556826475,4.043296165898639,-1.9004013568765528,0,0.6166666666666667
695c39e7ce90b13220851eff,2025,4,4.167584914376462,3.325611534675902,2.4925879409763545,3,Administration,General Manager,0.8335169828752924,0.6651223069351804,0.4985175881952709,3.107183816999528,1.0604010973769349,3.178059035049754,0.1475524996261481,2.55681264954575,-0.0642247085693954,0,0.14
695c39e7ce90b13220851f01,2025,4,1.7781783916134946,1.8668013121545977,1.689954788500893,3,Information Technology,Senior Software Engineer,0.3556356783226989,0.3733602624309196,0.3379909577001786,1.5085108052984126,0.2696675863150819,1.5925498114545285,0.2742515007000694,2.796981031531322,-1.1070262430304292,0,0.17333333333333334
695c39e7ce90b13220851f02,2025,4,3.9713686791451126,3.6584009564432862,4.130538329296883,3,Human Resources,Team Lead,0.7942737358290225,0.7316801912886572,0.8261076658593766,3.982830916039564,-0.0114622368944514,3.8302935227031303,-0.1718925662598445,2.6719980211629584,1.4585403081339243,0,0.13666666666666666
695c39e7ce90b13220851f04,2025,4,2.154498584909065,3.9300126189113223,3.404166832351827,3,Administration,General Manager,0.430899716981813,0.7860025237822645,0.6808333664703654,2.738395556520098,-0.5838969716110327,2.97630916758288,0.9537034513284426,3.4575496669332297,-0.0533828345814026,0,0.23333333333333334
695c39e7ce90b13220851f06,2025,4,3.901474910919438,3.096714759688536,2.7100555988281982,3,Administration,Executive,0.7802949821838876,0.6193429519377072,0.5420111197656396,4.220064966230286,-0.3185900553108478,3.958409029555947,-0.8616942698674115,3.105255195389283,-0.3951995965610848,0,0.21333333333333335
695c39e7ce90b13220851f07,2025,4,3.45184031540824,2.503611728547687,2.367796031459396,3,Information Technology,Architect,0.690368063081648,0.5007223457095373,0.4735592062918791,2.2592113259716418,1.1926289894365985,3.633895515977609,-1.130283787429922,2.564267555783854,-0.1964715243244583,0,0.21333333333333335
695c39e7ce90b13220851f08,2025,4,2.147847458280973,3.799231441891964,3.4206210668045616,3,Administration,Executive,0.4295694916561946,0.7598462883783927,0.6841242133609123,3.2464377010395875,-1.0985902427586145,3.779477427787216,0.0197540141047474,2.120071037037956,1.3005500297666055,0,0.15666666666666668
695c39e7ce90b13220851f09,2025,4,4.180958856738753,3.2080151366754603,2.7800001267897967,3,Human Resources,Assistant Manager,0.8361917713477507,0.6416030273350921,0.5560000253579593,1.948353256386183,2.2326056003525703,2.77663508326636,0.4313800534091001,2.682948880167497,0.0970512466222994,0,0.08
695c39e7ce90b13220851f0a,2025,4,2.4793199259445435,3.0123418473273893,2.124780886262342,3,Administration,Assistant Manager,0.4958639851889087,0.6024683694654779,0.4249561772524684,3.5795518809503744,-1.1002319550058308,4.437616189302139,-1.4252743419747491,3.783124411398545,-1.6583435251362029,0,0.6033333333333334
695c39e7ce90b13220851f0f,2025,4,3.688131346536355,3.86002829836842,4.436410026229161,3,Information Technology,Associate Project Manager,0.737626269307271,0.772005659673684,0.8872820052458321,4.173092448809447,-0.4849611022730915,3.107386097942657,0.7526422004257625,2.7008950839255954,1.7355149423035652,0,0.17
695c39e7ce90b13220851f10,2025,4,2.749539492254242,2.7757056380517637,4.467863246257218,3,Information Technology,UI/UX Designer,0.5499078984508484,0.5551411276103526,0.8935726492514435,3.3748930371814123,-0.6253535449271701,2.8802454333650345,-0.1045397953132711,3.7848834357059946,0.682979810551223,0,0.17333333333333334
695c39e7ce90b13220851f12,2025,4,2.70272487064575,3.2565709340385425,2.403049737284705,3,Administration,Manager,0.54054497412915,0.6513141868077085,0.4806099474569411,3.151348585048285,-0.4486237144025349,4.199486319474104,-0.942915385435561,4.581746702545093,-2.178696965260388,0,0.29333333333333333
695c39e7ce90b13220851f13,2025,4,5.0,3.053023578140694,2.544818130857884,3,Administration,Team Lead,1.0,0.6106047156281388,0.5089636261715768,3.909767160997261,1.0902328390027387,2.7972758059255103,0.2557477722151837,2.944700283024551,-0.3998821521666671,0,0.12666666666666668
695c39e7ce90b13220851f15,2025,4,2.123145410389981,1.6877489414350315,2.339175630181394,3,Administration,Team Lead,0.4246290820779962,0.3375497882870063,0.4678351260362788,3.330102488202732,-1.206957077812751,3.050581622843217,-1.3628326814081857,2.8694813980979146,-0.5303057679165204,0,0.72
695c39e7ce90b13220851f18,2025,4,2.621317741798532,2.6519069622070783,3.213460651222859,3,Administration,Manager,0.5242635483597063,0.5303813924414157,0.6426921302445718,2.3001725034093767,0.3211452383891551,3.606755995125975,-0.9548490329188964,2.67376019485258,0.5397004563702792,0,0.12
695c39e7ce90b13220851f1b,2025,4,3.53990022985438,2.336734991979109,2.6115942843359603,3,Information Technology,Architect,0.7079800459708759,0.4673469983958218,0.522318856867192,2.9853779176762227,0.5545223121781571,3.570510393254902,-1.233775401275793,2.7342766286446043,-0.122682344308644,0,0.21
695c39e7ce90b13220851f23,2025,3,2.524184436995418,2.262458130675597,2.1158025360117003,3,Administration,Assistant Manager,0.5048368873990836,0.4524916261351194,0.42316050720234,3.4899808674182946,-0.9657964304228766,3.4044784079806405,-1.1420202773050434,3.324482486471987,-1.2086799504602863,0,0.6433333333333333
695c39e7ce90b13220851f24,2025,3,1.6372638931802692,1.9241827206556612,1.721283449742428,3,Human Resources,Assistant General Manager,0.3274527786360538,0.3848365441311323,0.3442566899484856,1.7185800334985628,-0.0813161403182936,1.8661579950154197,0.0580247256402419,2.3742795976736137,-0.6529961479311857,0,0.12
695c39e7ce90b13220851f26,2025,3,2.886416654196424,2.488164724319459,3.013250010378449,3,Administration,Associate,0.5772833308392847,0.4976329448638917,0.6026500020756898,3.9798001461781594,-1.093383491981735,2.885771106781105,-0.397606382461646,3.3649451201314937,-0.3516951097530447,0,0.10666666666666667
695c39e7ce90b13220851f28,2025,3,3.535921057202306,3.4021893720574785,2.21889433294934,3,Human Resources,Associate,0.7071842114404612,0.6804378744114957,0.443778866589868,3.1759485943447627,0.3599724628575433,2.804448266595966,0.5977411054615125,3.161647104274761,-0.9427527713254212,0,0.16666666666666666
695c39e7ce90b13220851f29,2025,3,2.3601878482805105,2.3844193879279643,1.71297466519058,3,Information Technology,Software Engineer,0.4720375696561021,0.4768838775855928,0.342594933038116,3.708640517521588,-1.3484526692410777,2.3223051506721424,0.0621142372558218,2.708091431481459,-0.9951167662908792,0,0.49333333333333335
695c39e7ce90b13220851f2b,2025,3,3.964229157907375,3.9376117193496394,2.859056485746754,3,Information Technology,Project Manager,0.7928458315814749,0.7875223438699277,0.571811297149351,3.6770035228110056,0.2872256350963691,2.701769778748336,1.2358419406013028,4.498606333603382,-1.6395498478566273,0,0.16333333333333333
695c39e7ce90b13220851f2e,2025,3,2.877840594805501,2.844350282035806,3.101619019452336,3,Information Technology,QA Engineer,0.5755681189611002,0.5688700564071613,0.6203238038904672,1.357264333340857,1.520576261464644,1.7172288889886702,1.127121393047136,2.9282012682419323,0.1734177512104033,0,0.043333333333333335
695c39e7ce90b13220851f2f,2025,3,3.2655504110521854,1.7896921250364968,2.1164800596848283,3,Information Technology,Software Engineer,0.6531100822104371,0.3579384250072993,0.4232960119369656,2.0612103280568346,1.2043400829953508,3.3841506221339586,-1.5944584970974618,2.175523124077943,-0.0590430643931148,0,0.30333333333333334
695c39e7ce90b13220851f30,2025,3,2.016143323929911,1.1510272868336997,1.2946429250949931,3,Information Technology,Tech Lead,0.4032286647859822,0.2302054573667399,0.2589285850189987,2.795111534394985,-0.7789682104650746,1.8161093658274516,-0.6650820789937519,2.9729430869456825,-1.6783001618506892,0,0.6133333333333333
695c39e7ce90b13220851f32,2025,3,2.7849309606630346,3.1892981894169257,3.062072747594866,3,Information Technology,UI/UX Designer,0.5569861921326069,0.6378596378833852,0.6124145495189732,4.932815528848267,-2.1478845681852325,4.48867098836333,-1.299372798946404,4.394080671970054,-1.3320079243751874,0,0.41333333333333333
695c39e7ce90b13220851f33,2025,3,2.251029342108712,2.2063120370205294,1.9242621665520592,3,Administration,Assistant General Manager,0.4502058684217424,0.4412624074041059,0.3848524333104118,2.283920716543572,-0.0328913744348597,1.1490716817081807,1.0572403553123486,1.4311670277133663,0.4930951388386928,0,0.07333333333333333
695c39e7ce90b13220851f34,2025,3,1.9050965074460635,1.595387680416014,1.5487725645860049,3,Information Technology,UI/UX Lead,0.3810193014892127,0.3190775360832028,0.3097545129172009,3.235327327976219,-1.3302308205301554,3.899770959949613,-2.304383279533599,4.106347223297045,-2.5575746587110406,0,0.88
695c39e7ce90b13220851f36,2025,3,2.761829860212094,4.072605897330647,2.110961224814072,3,Information Technology,Associate Software Engineer,0.5523659720424188,0.8145211794661295,0.4221922449628144,4.036945417025785,-1.2751155568136907,3.095662735712867,0.9769431616177804,3.640064119471144,-1.5291028946570724,0,0.19
695c39e7ce90b13220851f37,2025,3,3.4616793722466976,3.3827273127422046,2.4744207148216475,3,Administration,Senior Executive,0.6923358744493395,0.676545462548441,0.4948841429643295,1.2309590438857834,2.2307203283609143,1.2326952588326563,2.1500320539095483,1.8931338564186544,0.5812868584029931,0,0.016666666666666666
695c39e7ce90b13220851f38,2025,3,2.523477513834022,2.296736379508447,2.882300775224313,3,Administration,Manager,0.5046955027668044,0.4593472759016894,0.5764601550448626,3.182867721679418,-0.6593902078453957,3.501028769725674,-1.2042923902172271,5.0,-2.117699224775687,0,0.37666666666666665
695c39e7ce90b13220851f3b,2025,3,1.814395091604552,2.385759935649167,1.5238409165700375,3,Administration,Team Lead,0.3628790183209104,0.4771519871298334,0.3047681833140075,4.552538307328603,-2.738143215724051,3.639530103333813,-1.253770167684646,3.447660229677745,-1.923819313107708,0,0.88
695c39e7ce90b13220851f3f,2025,3,1.6183065778373673,3.267607928673032,2.701561249784105,3,Information Technology,Project Manager,0.3236613155674734,0.6535215857346064,0.5403122499568209,2.092324858701282,-0.4740182808639148,2.1256236856928115,1.1419842429802207,2.6305787762094104,0.0709824735746944,0,0.06
695c39e7ce90b13220851f41,2025,3,2.328803301464278,3.741029464981053,4.171169302953649,3,Human Resources,Manager,0.4657606602928556,0.7482058929962105,0.8342338605907298,2.1265385441074347,0.2022647573568434,1.5096930489439644,2.2313364160370885,1.1328945522037628,3.0382747507498857,0,0.06
695c39e7ce90b13220851f42,2025,3,3.3621663409678373,3.452067246170982,2.684179257926687,3,Information Technology,Architect,0.6724332681935674,0.6904134492341963,0.5368358515853374,4.019348734406783,-0.657182393438946,4.258265809680839,-0.8061985635098567,2.8840437200252675,-0.1998644620985805,0,0.19666666666666666
695c39e7ce90b13220851f43,2025,3,2.721793209624449,4.250568933354746,4.46880710576685,3,Human Resources,General Manager,0.5443586419248898,0.8501137866709492,0.8937614211533701,3.456143146296899,-0.7343499366724502,4.122842688799175,0.1277262445555704,3.3190426096646157,1.149764496102235,0,0.15333333333333332
695c39e7ce90b13220851f44,2025,3,3.4109426049898,2.547082914695681,2.420801844080722,3,Administration,Assistant Manager,0.68218852099796,0.5094165829391363,0.4841603688161444,1.339809687141697,2.0711329178481037,1.427954514683236,1.1191284000124455,1.5346508594698904,0.8861509846108317,0,0.02
695c39e7ce90b13220851f45,2025,3,4.19719128054951,3.5553271652776166,3.642097796388807,3,Administration,Manager,0.839438256109902,0.7110654330555233,0.7284195592777614,3.6264984415455945,0.5706928390039154,3.176142140585376,0.3791850246922412,3.819216118565148,-0.1771183221763408,0,0.12
695c39e7ce90b13220851f47,2025,3,2.7757295241992432,3.839243938340988,3.778602396225612,3,Information Technology,Senior UI/UX Designer,0.5551459048398486,0.7678487876681975,0.7557204792451223,3.1315970309668737,-0.3558675067676304,3.687629067740577,0.1516148706004112,4.28941032051473,-0.5108079242891179,0,0.18333333333333332
695c39e7ce90b13220851f48,2025,3,2.5895459062753643,1.9062675759328505,1.4518227709214042,3,Human Resources,Assistant General Manager,0.5179091812550729,0.38125351518657,0.2903645541842808,2.399526278813118,0.1900196274622461,3.073073359973093,-1.1668057840402428,3.510780170253132,-2.058957399331728,0,0.5466666666666666
695c39e7ce90b13220851f49,2025,3,2.826322754789633,2.06770075357424,3.154581620602896,3,Information Technology,Associate QA Engineer,0.5652645509579266,0.413540150714848,0.6309163241205792,2.520262573023264,0.3060601817663686,2.950911491033088,-0.8832107374588474,2.939192345197552,0.2153892754053439,0,0.24333333333333335
695c39e7ce90b13220851f4a,2025,3,1.9528524671449496,2.1221481923065704,2.407419411763576,3,Human Resources,Assistant General Manager,0.39057049342899,0.4244296384613141,0.4814838823527151,3.129592721595736,-1.176740254450786,4.01739947716704,-1.89525128486047,3.1295430769375345,-0.7221236651739589,0,0.6566666666666666
695c39e7ce90b13220851f4b,2025,3,3.2526315259082814,3.007165646683676,3.844890456430151,3,Human Resources,Senior Manager,0.6505263051816563,0.6014331293367351,0.7689780912860302,4.1851277338912505,-0.9324962079829692,3.6648364743026183,-0.6576708276189431,4.072093622467973,-0.2272031660378219,0,0.12666666666666668
695c39e7ce90b13220851f4d,2025,3,4.176722828005763,2.8795147975758573,3.7493216237860327,3,Information Technology,Senior UI/UX Designer,0.8353445656011527,0.5759029595151715,0.7498643247572065,2.6431979210184533,1.53352490698731,3.928551324016419,-1.049036526440562,3.4367343162107407,0.3125873075752921,0,0.08666666666666667
695c39e7ce90b13220851f4e,2025,3,2.9898611694727504,3.9349664382870486,2.8141654303848496,3,Administration,Assistant Manager,0.5979722338945501,0.7869932876574097,0.5628330860769699,2.491815859001041,0.4980453104717095,2.478482055302792,1.4564843829842569,2.7883694286283416,0.0257960017565079,0,0.056666666666666664
695c39e7ce90b13220851f4f,2025,3,3.428248164941604,2.8425406623280374,2.987100006459767,3,Information Technology,Senior Software Engineer,0.6856496329883208,0.5685081324656075,0.5974200012919534,3.299663825008568,0.1285843399330359,2.6717707115029112,0.1707699508251261,3.8271301026979794,-0.8400300962382126,0,0.17666666666666667
695c39e7ce90b13220851f51,2025,3,3.468570404981896,1.950798689702536,2.432525919826263,3,Human Resources,Manager,0.6937140809963792,0.3901597379405072,0.4865051839652526,3.8455996823016583,-0.3770292773197625,3.4219060233940777,-1.4711073336915417,1.7438471377081637,0.6886787821180995,0,0.3233333333333333
695c39e7ce90b13220851f54,2025,3,2.094670600525585,2.4597739445469053,3.1604378700484093,3,Information Technology,Senior Software Engineer,0.4189341201051171,0.491954788909381,0.6320875740096819,3.209029319685144,-1.1143587191595583,3.1953401492551023,-0.735566204708197,3.985656721593291,-0.8252188515448822,0,0.3333333333333333
695c39e7ce90b13220851f55,2025,3,2.760070551594968,3.2511276159356632,3.9584889948871416,3,Human Resources,Executive,0.5520141103189935,0.6502255231871327,0.7916977989774283,3.132758941147028,-0.3726883895520601,3.928680667474938,-0.6775530515392747,4.555050648735228,-0.5965616538480862,0,0.18
695c39e7ce90b13220851f56,2025,3,3.2178232742834525,2.5084735655003536,3.2910392367644627,3,Human Resources,Associate,0.6435646548566905,0.5016947131000707,0.6582078473528925,3.0423980492768994,0.1754252250065531,3.2269785529540016,-0.718504987453648,2.934048276814268,0.356990959950195,0,0.08666666666666667
695c39e7ce90b13220851f57,2025,3,4.0615000053747705,3.2265436716654974,2.9741102800416663,3,Human Resources,Senior Executive,0.8123000010749541,0.6453087343330994,0.5948220560083333,2.689409964041376,1.3720900413333943,3.164939822483924,0.0616038491815733,2.724817906893382,0.2492923731482843,0,0.08333333333333333
695c39e7ce90b13220851f58,2025,3,2.5193901102171083,1.596115014671306,1.662458951541299,3,Administration,Assistant General Manager,0.5038780220434217,0.3192230029342612,0.3324917903082598,3.070548751270642,-0.5511586410535343,3.793478350582324,-2.1973633359110174,1.7282868397304632,-0.065827888189164,0,0.4533333333333333
695c39e7ce90b13220851f59,2025,3,3.056405213806687,3.2061134122493264,3.4661371718413783,3,Information Technology,Architect,0.6112810427613373,0.6412226824498652,0.6932274343682756,3.145240054164668,-0.0888348403579812,3.5524934857017083,-0.3463800734523818,4.656683856332854,-1.1905466844914754,0,0.28
695c39e7ce90b13220851f5a,2025,3,3.5430510068912757,2.015921388071217,3.258985567380584,3,Administration,Executive,0.708610201378255,0.4031842776142434,0.6517971134761168,2.4462541487923564,1.096796858098919,4.081753266351754,-2.0658318782805365,2.9154222560029077,0.3435633113776766,0,0.15666666666666668
695c39e7ce90b13220851f5b,2025,3,4.67684793185711,3.344132599589334,3.432549572632827,3,Information Technology,UI/UX Designer,0.935369586371422,0.6688265199178668,0.6865099145265654,3.125181067224199,1.551666864632911,2.7146003324700687,0.6295322671192651,3.4033993011191663,0.0291502715136604,0,0.11666666666666667
695c39e7ce90b13220851f5c,2025,3,2.0455458806620763,1.7874677988848795,4.511572171443375,3,Information Technology,Associate Software Engineer,0.4091091761324152,0.3574935597769759,0.9023144342886752,2.878099960986716,-0.8325540803246398,4.290073375983637,-2.502605577098757,3.018466735022304,1.4931054364210716,0,0.27666666666666667
695c39e7ce90b13220851f5d,2025,3,2.853405848150692,2.83639977695921,3.3806279164010595,3,Information Technology,Associate UI/UX Designer,0.5706811696301384,0.567279955391842,0.6761255832802119,2.354550141252614,0.4988557068980777,1.3981439575962589,1.438255819362951,3.1746332022836867,0.2059947141173728,0,0.06666666666666667
695c39e7ce90b13220851f5f,2025,3,3.117211479728885,3.401506068974905,2.4154248756480667,3,Administration,Intern,0.623442295945777,0.680301213794981,0.4830849751296133,2.4648323710919886,0.6523791086368966,1.0,2.401506068974905,1.7462575243197829,0.6691673513282841,0,0.04
695c39e7ce90b13220851f61,2025,3,3.476106242474428,3.096865163655294,4.3069445170900735,3,Information Technology,Project Manager,0.6952212484948855,0.6193730327310588,0.8613889034180147,3.830616681529824,-0.3545104390553959,4.289276479499869,-1.1924113158445753,3.513014325358649,0.7939301917314241,0,0.08333333333333333
695c39e7ce90b13220851f62,2025,3,3.6491938393698815,2.95274675170507,3.941182690902802,3,Information Technology,UI/UX Lead,0.7298387678739763,0.590549350341014,0.7882365381805604,3.1161913273858683,0.5330025119840132,3.61705024739588,-0.6643034956908096,4.03516966534007,-0.0939869744372678,0,0.12333333333333334
695c39e7ce90b13220851f63,2025,3,2.5284498324286613,1.7330034145931763,1.969284624198938,3,Information Technology,Administrator,0.5056899664857323,0.3466006829186352,0.3938569248397876,4.033546417242434,-1.5050965848137725,3.6942643514694216,-1.9612609368762453,3.587417382028699,-1.618132757829761,0,0.77
695c39e7ce90b13220851f64,2025,3,1.695304035612642,2.482034405040484,2.249590412351988,3,Information Technology,Administrator,0.3390608071225284,0.4964068810080967,0.4499180824703976,2.7229627303276427,-1.0276586947150008,2.095595682225829,0.3864387228146544,3.919744159902807,-1.6701537475508186,0,0.38
695c39e7ce90b13220851f65,2025,3,3.3497038191335227,4.021430469677148,4.434765921432196,3,Human Resources,Senior Executive,0.6699407638267045,0.8042860939354297,0.8869531842864392,4.539716310271648,-1.1900124911381251,3.0117755903440817,1.0096548793330666,4.029714500103418,0.4050514213287783,0,0.17666666666666667
695c39e7ce90b13220851f66,2025,3,3.938137215114844,4.211870745501863,3.8610720039207713,3,Administration,General Manager,0.7876274430229687,0.8423741491003727,0.7722144007841543,3.251688261333858,0.6864489537809857,3.212666537032809,0.9992042084690542,3.699707790591879,0.1613642133288926,0,0.06666666666666667
695c39e7ce90b13220851f67,2025,3,1.0871007765405998,1.4464985634886118,2.2100195742431925,3,Human Resources,Senior Executive,0.2174201553081199,0.2892997126977223,0.4420039148486385,3.159034082566844,-2.0719333060262444,2.4769689853067054,-1.0304704218180936,3.715490797059599,-1.5054712228164062,0,0.8133333333333334
695c39e7ce90b13220851f68,2025,3,2.9594968914884285,2.637074850803625,4.134525848585826,3,Administration,Assistant General Manager,0.5918993782976857,0.5274149701607251,0.8269051697171651,3.7357062823557072,-0.7762093908672787,2.8707761771954825,-0.233701326391857,3.063090567768503,1.0714352808173224,0,0.13333333333333333
695c39e7ce90b13220851f69,2025,3,3.374412496620561,2.2227895310004038,3.188149211708742,3,Human Resources,Assistant Manager,0.6748824993241123,0.4445579062000807,0.6376298423417485,2.8670991856882875,0.5073133109322736,2.715258763668465,-0.4924692326680615,2.4375615533626034,0.7505876583461388,0,0.10666666666666667
695c39e7ce90b13220851f6b,2025,3,4.41562460949131,3.5477787966839944,2.890533491157508,3,Administration,Team Lead,0.883124921898262,0.7095557593367989,0.5781066982315015,3.233426342713261,1.1821982667780486,2.473686032424727,1.0740927642592673,2.6436682069116126,0.2468652842458949,0,0.07333333333333333
695c39e7ce90b13220851f6c,2025,3,3.1868933088670177,3.884578060211952,3.7206441175346736,3,Information Technology,Associate Project Manager,0.6373786617734035,0.7769156120423903,0.7441288235069348,2.9870960782190314,0.1997972306479862,3.0310913909086965,0.8534866693032552,4.287207408379988,-0.5665632908453144,0,0.20333333333333334
695c39e7ce90b13220851f6d,2025,3,3.470789644685546,3.690114497551952,4.325981253642705,3,Human Resources,Assistant General Manager,0.6941579289371094,0.7380228995103905,0.8651962507285409,2.9155504151736777,0.5552392295118689,4.075487253021767,-0.3853727554698145,3.849437840443101,0.4765434131996042,0,0.23666666666666666
695c39e7ce90b13220851f6f,2025,3,3.681984597980838,4.1224265701643095,2.9904161343230085,3,Administration,Senior Manager,0.7363969195961676,0.8244853140328618,0.5980832268646017,3.730885413402489,-0.0489008154216503,4.285667925392207,-0.163241355227897,3.1096763477446423,-0.1192602134216338,0,0.06333333333333334
695c39e7ce90b13220851f70,2025,3,4.244697278648754,4.0195424942147175,3.3378628567527446,3,Human Resources,Team Lead,0.8489394557297508,0.8039084988429435,0.6675725713505489,4.191667152729719,0.0530301259190357,4.478776496021983,-0.4592340018072649,4.4287684091931805,-1.090905552440436,0,0.22666666666666666
695c39e7ce90b13220851f71,2025,3,4.102132403650341,2.8491012281607,4.1338020565151625,3,Administration,Assistant General Manager,0.8204264807300682,0.5698202456321401,0.8267604113030325,2.793490501965872,1.308641901684469,2.5330975720632463,0.3160036560974539,2.974531845921636,1.1592702105935269,0,0.04666666666666667
695c39e7ce90b13220851f72,2025,3,4.363031548375777,3.0702412869546665,2.9898793771119374,3,Human Resources,Assistant General Manager,0.8726063096751554,0.6140482573909333,0.5979758754223875,3.77861914844362,0.5844123999321571,4.649115883008954,-1.5788745960542876,3.88852309311504,-0.8986437160031024,0,0.12
695c39e7ce90b13220851f73,2025,3,4.23549022037002,3.4352653553130263,2.6482503594025357,3,Human Resources,Assistant Manager,0.8470980440740041,0.6870530710626053,0.5296500718805071,2.661790104514126,1.5737001158558943,2.0031509457063152,1.432114409606711,2.840371830965133,-0.1921214715625976,0,0.04666666666666667
695c39e7ce90b13220851f74,2025,3,3.725803475476973,3.3526843159459085,4.399189516592036,3,Information Technology,Software Engineer,0.7451606950953946,0.6705368631891817,0.8798379033184072,1.892509964931817,1.833293510545156,1.3384307540788971,2.014253561867011,1.4002479989289132,2.9989415176631224,0,0.02666666666666667
695c39e7ce90b13220851f75,2025,3,2.8811896352337785,2.329879377423654,3.038490577159282,3,Administration,Executive,0.5762379270467557,0.4659758754847308,0.6076981154318564,2.8889099045487496,-0.0077202693149711,3.6940322038966817,-1.3641528264730276,2.860968237203049,0.1775223399562331,0,0.2733333333333333
695c39e7ce90b13220851f76,2025,3,1.4063666836787707,1.8255766426656663,1.9693106774612223,3,Human Resources,Assistant Manager,0.2812733367357541,0.3651153285331333,0.3938621354922444,3.5634295059474743,-2.157062822268704,1.891942543957376,-0.066365901291709,2.432850036129743,-0.4635393586685206,0,0.6266666666666667
695c39e7ce90b13220851f79,2025,3,1.9292159281723067,1.8535995762244235,1.672618332737949,3,Information Technology,Architect,0.3858431856344613,0.3707199152448847,0.3345236665475897,2.827856517106021,-0.8986405889337141,3.8710834890585577,-2.0174839128341344,4.450390584646423,-2.7777722519084738,0,0.77
695c39e7ce90b13220851f7a,2025,3,2.8580532097763136,3.1912686865100195,3.3177339025614563,3,Information Technology,Administrator,0.5716106419552627,0.6382537373020039,0.6635467805122912,3.071651295996366,-0.2135980862200526,2.811888498423213,0.3793801880868064,3.658594915230122,-0.3408610126686651,0,0.13333333333333333
695c39e7ce90b13220851f7b,2025,3,4.086677328830166,3.8229830784799375,4.391096600166597,3,Information Technology,Associate QA Engineer,0.8173354657660331,0.7645966156959875,0.8782193200333195,3.853005427519744,0.233671901310422,4.110214494499582,-0.2872314160196443,3.30858259021182,1.0825140099547772,0,0.15666666666666668
695c39e7ce90b13220851f7c,2025,3,1.0584066478214902,1.8555740946755124,3.712436845002356,3,Administration,Senior Manager,0.211681329564298,0.3711148189351024,0.7424873690004712,1.3706228873106747,-0.3122162394891845,1.6169220786796987,0.2386520159958136,1.6208253909551131,2.091611454047243,0,0.07
695c39e7ce90b13220851f7d,2025,3,2.300311329824018,2.107656766430912,2.805582668408253,3,Information Technology,Associate Project Manager,0.4600622659648036,0.4215313532861824,0.5611165336816506,2.2512057859942924,0.0491055438297256,2.885191777326031,-0.7775350108951189,4.406850874895614,-1.6012682064873611,0,0.36
695c39e7ce90b13220851f7e,2025,3,2.9564791506986343,3.041176186607116,3.7323665701411897,3,Human Resources,Assistant General Manager,0.5912958301397269,0.6082352373214233,0.7464733140282379,1.1241790325282168,1.8323001181704173,2.6278678324034592,0.4133083542036568,2.531577803278928,1.200788766862262,0,0.10666666666666667
695c39e7ce90b13220851f7f,2025,3,3.295252086477112,3.365661227849372,3.7317107693606815,3,Administration,Executive,0.6590504172954225,0.6731322455698743,0.7463421538721363,4.373904985598779,-1.0786528991216668,4.863490404374115,-1.4978291765247436,3.576476401520132,0.1552343678405501,0,0.16333333333333333
695c39e7ce90b13220851f80,2025,3,3.2402167976451146,3.06429525908338,3.916212544131015,3,Administration,Associate,0.6480433595290229,0.6128590518166759,0.783242508826203,1.443483123515585,1.7967336741295297,1.0,2.06429525908338,1.3947521477428722,2.521460396388143,0,0.006666666666666667
695c39e7ce90b13220851f82,2025,3,5.0,4.546641488088652,4.129065853572093,3,Information Technology,Software Engineer,1.0,0.9093282976177304,0.8258131707144185,3.6755763222129474,1.3244236777870526,3.447836336275886,1.0988051518127664,3.5374107504453223,0.5916551031267705,0,0.09333333333333334
695c39e7ce90b13220851f83,2025,3,3.2292186131202927,2.730098780583533,2.044192723832097,3,Administration,Executive,0.6458437226240585,0.5460197561167066,0.4088385447664194,3.2349140307409634,-0.0056954176206707,3.006853645850931,-0.2767548652673981,2.456068797189741,-0.4118760733576438,0,0.22333333333333333
695c39e7ce90b13220851f87,2025,3,2.4434595822751253,3.311656131892854,3.0367881925939426,3,Administration,Team Lead,0.4886919164550251,0.6623312263785708,0.6073576385187885,2.986174772034649,-0.5427151897595239,2.6328314052724773,0.6788247266203769,2.580435320993831,0.4563528716001115,0,0.11666666666666667
695c39e7ce90b13220851f89,2025,3,3.328378878532092,2.3637220471389098,4.444792600609739,3,Human Resources,Assistant Manager,0.6656757757064182,0.4727444094277819,0.8889585201219479,3.406579072838853,-0.0782001943067616,3.875665510064725,-1.5119434629258146,3.4985295981520848,0.9462630024576546,0,0.13
695c39e7ce90b13220851f8a,2025,3,3.057882620917574,1.0,1.9233123896544992,3,Information Technology,Associate QA Engineer,0.6115765241835148,0.2,0.3846624779308998,3.4977678840074207,-0.4398852630898466,2.316776719779403,-1.3167767197794031,1.6969773659244445,0.2263350237300547,0,0.27666666666666667
695c39e7ce90b13220851f8b,2025,3,3.477594098319389,2.5906447916383537,1.595758062018276,3,Administration,Senior Manager,0.6955188196638777,0.5181289583276707,0.3191516124036552,2.607933965392269,0.8696601329271201,3.654146010458757,-1.0635012188204027,2.970613131008914,-1.3748550689906385,0,0.2966666666666667
695c39e7ce90b13220851f8e,2025,3,2.228175864800199,1.890046246828772,1.9602881707890871,3,Administration,Team Lead,0.4456351729600397,0.3780092493657544,0.3920576341578174,4.320357844191692,-2.0921819793914933,4.324835587978434,-2.434789341149662,3.068387049476949,-1.108098878687862,0,0.8666666666666667
695c39e7ce90b13220851f92,2025,3,1.885289708388756,3.692807126132613,3.451572407245699,3,Information Technology,Project Manager,0.3770579416777512,0.7385614252265227,0.6903144814491398,1.959475695763276,-0.0741859873745198,2.352374634779441,1.3404324913531722,2.8960755800681524,0.5554968271775467,0,0.05
695c39e7ce90b13220851f93,2025,3,3.462890340250128,3.8580858762691865,2.688616063869524,3,Administration,Senior Manager,0.6925780680500255,0.7716171752538373,0.5377232127739047,4.377124438712544,-0.914234098462416,4.693840042407242,-0.8357541661380554,3.792511048374696,-1.103894984505172,0,0.25666666666666665
695c39e7ce90b13220851f96,2025,3,1.6467283748516814,2.294666107404163,2.292617520264132,3,Information Technology,QA Lead,0.3293456749703363,0.4589332214808326,0.4585235040528264,3.2921873479845263,-1.6454589731328448,2.726290481232913,-0.4316243738287499,2.4366960121825736,-0.1440784919184414,0,0.52
695c39e7ce90b13220851f98,2025,3,2.946754496892854,2.3716263526908685,3.4954322578112,3,Human Resources,Associate,0.5893508993785708,0.4743252705381737,0.6990864515622399,1.4513095607624376,1.4954449361304163,2.757733300602983,-0.3861069479121144,2.498806363392228,0.9966258944189716,0,0.08333333333333333
695c39e7ce90b13220851f99,2025,3,3.657094483224852,2.9458409090369546,4.120530433364011,3,Human Resources,Manager,0.7314188966449703,0.589168181807391,0.8241060866728022,2.960051580020628,0.6970429032042236,3.2980990911794814,-0.3522581821425268,2.504348880201027,1.616181553162984,0,0.15
695c39e7ce90b13220851f9a,2025,3,3.36957925040184,2.6408439174327354,2.938706410680064,3,Human Resources,Assistant Manager,0.6739158500803679,0.528168783486547,0.5877412821360128,2.744341639691058,0.6252376107107818,2.3917845505046347,0.2490593669281007,3.0407654009484317,-0.1020589902683672,0,0.08
695c39e7ce90b13220851f9b,2025,3,3.1769767243483376,4.1486390063599945,3.260528289359692,3,Human Resources,Senior Executive,0.6353953448696675,0.8297278012719989,0.6521056578719383,3.0799956578562546,0.0969810664920829,2.5955247955051988,1.5531142108547955,2.911834171728015,0.3486941176316764,0,0.15666666666666668
695c39e7ce90b13220851f9c,2025,3,3.244274281499547,4.286960695913219,3.2118110440556915,3,Administration,Executive,0.6488548562999095,0.8573921391826438,0.6423622088111383,1.7802797413101623,1.4639945401893848,1.0,3.286960695913219,2.0728858835853314,1.13892516047036,0,0.02
695c39e7ce90b13220851f9d,2025,3,3.8638354194018953,3.5929947927607184,3.5875614076093707,3,Information Technology,QA Engineer,0.7727670838803791,0.7185989585521437,0.7175122815218742,2.476017766309776,1.3878176530921191,2.795223104380565,0.7977716883801533,3.4494071300362403,0.1381542775731303,0,0.12
695c39e7ce90b13220851f9f,2025,3,1.6703851289967735,2.616995165180631,2.1642678719041344,3,Information Technology,Associate Software Engineer,0.3340770257993547,0.5233990330361262,0.4328535743808269,3.4901015326053377,-1.819716403608564,2.1591409760135187,0.4578541891671124,2.3924523325476583,-0.2281844606435239,0,0.2866666666666667
695c39e7ce90b13220851fa0,2025,3,1.6557980984906622,1.6237905860481248,1.766579666168962,3,Human Resources,Assistant Manager,0.3311596196981324,0.3247581172096249,0.3533159332337924,2.9805840027193677,-1.3247859042287051,3.6628476422016303,-2.039057056153505,3.04592353338344,-1.279343867214478,0,0.8
695c39e7ce90b13220851fa2,2025,3,3.371518077962166,4.048951631683404,4.183200121287891,3,Administration,Manager,0.6743036155924332,0.8097903263366808,0.8366400242575782,2.7726028121891027,0.5989152657730634,3.7372864364659177,0.3116651952174862,2.146360113811224,2.036840007476667,0,0.19
695c39e7ce90b13220851fa4,2025,3,2.658164256233156,2.850756588516031,3.895873483360207,3,Human Resources,Associate,0.5316328512466312,0.5701513177032063,0.7791746966720414,3.18923105554931,-0.5310667993161542,3.2316989441242887,-0.3809423556082576,2.673709113962959,1.2221643693972477,0,0.09666666666666666
695c39e7ce90b13220851fa7,2025,3,3.0165596061220006,4.430830201600109,3.223282354646159,3,Administration,Senior Manager,0.6033119212244001,0.8861660403200219,0.6446564709292317,3.642632519775184,-0.6260729136531831,3.253826416825228,1.177003784774881,1.9715312289827267,1.2517511256634322,0,0.19333333333333333
695c39e7ce90b13220851fa8,2025,3,3.867447317213068,3.442078501932362,2.9373558905694663,3,Information Technology,Project Manager,0.7734894634426135,0.6884157003864724,0.5874711781138933,3.4062838111666065,0.4611635060464611,2.8320700185931686,0.6100084833391932,4.257212151735439,-1.319856261165973,0,0.17666666666666667
695c39e7ce90b13220851fa9,2025,3,4.41738707650685,5.0,3.929014120245327,3,Information Technology,Senior QA Engineer,0.88347741530137,1.0,0.7858028240490654,3.463372347350512,0.9540147291563388,3.723637872676085,1.2763621273239156,4.3534956225838375,-0.4244815023385104,0,0.07333333333333333
695c39e7ce90b13220851fab,2025,3,4.371913021650848,3.566237512817134,5.0,3,Administration,Executive,0.8743826043301695,0.713247502563427,1.0,1.4931820450496405,2.878730976601207,1.3949821537528466,2.171255359064288,1.6606814529041245,3.339318547095876,0,0.02
695c39e7ce90b13220851fac,2025,3,2.644879640071251,2.3764649591610367,2.5267435161318863,3,Administration,Senior Manager,0.5289759280142502,0.4752929918322073,0.5053487032263773,3.47542507753444,-0.8305454374631887,2.703661719235796,-0.3271967600747594,3.1721458972519128,-0.6454023811200265,0,0.16
695c39e7ce90b13220851fad,2025,3,2.7531838822159878,3.82243140187428,2.9986811271441693,3,Information Technology,Administrator,0.5506367764431974,0.7644862803748561,0.5997362254288339,2.878961900355701,-0.1257780181397141,3.221637929769876,0.6007934721044048,3.5050326530681755,-0.5063515259240061,0,0.11666666666666667
695c39e7ce90b13220851fae,2025,3,2.561556767781312,2.917486022504437,3.3727707429874507,3,Human Resources,Executive,0.5123113535562622,0.5834972045008874,0.6745541485974902,1.595239162341484,0.9663176054398276,1.5612146115975158,1.356271410906921,2.296033442711798,1.0767373002756528,0,0.013333333333333334
695c39e7ce90b13220851faf,2025,3,2.42533550741402,2.636130749736706,3.951132624863301,3,Administration,Assistant Manager,0.4850671014828039,0.5272261499473412,0.7902265249726601,2.593587979575513,-0.1682524721614937,2.451368512163424,0.1847622375732824,1.8023337620010464,2.1487988628622543,0,0.06
695c39e7ce90b13220851fb1,2025,3,2.1809429973954355,3.1467792960505254,3.2017540529577677,3,Human Resources,Team Lead,0.4361885994790871,0.6293558592101051,0.6403508105915534,3.3536407236833568,-1.1726977262879212,4.251274476555436,-1.104495180504911,3.90412111543193,-0.7023670624741634,0,0.38333333333333336
695c39e7ce90b13220851fb2,2025,3,2.778509524645419,2.5898041993800924,2.9719461689205016,3,Administration,Senior Manager,0.5557019049290838,0.5179608398760185,0.5943892337841004,3.549089606235943,-0.7705800815905244,3.3646425666769875,-0.774838367296895,3.0430791124762573,-0.0711329435557557,0,0.11666666666666667
695c39e7ce90b13220851fb3,2025,3,1.4859583859847734,2.664500704355512,3.88268348472755,3,Human Resources,Senior Manager,0.2971916771969546,0.5329001408711024,0.7765366969455101,1.9592182443607729,-0.4732598583759992,3.034203003000336,-0.3697022986448237,3.158328599914646,0.7243548848129042,0,0.14
695c39e7ce90b13220851fb5,2025,3,2.1544303816724817,3.367215618567364,3.451738067502297,3,Administration,Senior Manager,0.4308860763344963,0.6734431237134728,0.6903476135004594,2.7703556469355908,-0.6159252652631091,2.7522814360436243,0.6149341825237395,2.637965579108264,0.8137724883940329,0,0.14
695c39e7ce90b13220851fb6,2025,3,4.064043219798728,2.561533383470472,3.9419271434575904,3,Human Resources,Senior Manager,0.8128086439597455,0.5123066766940945,0.7883854286915181,4.261791371498861,-0.1977481517001331,4.55256888088805,-1.9910354974175772,2.858153050768566,1.0837740926890245,0,0.10333333333333333
695c39e7ce90b13220851fb7,2025,3,1.8100874867345984,2.5505353659525745,2.7671732247343237,3,Administration,Senior Executive,0.3620174973469197,0.5101070731905148,0.5534346449468647,1.520301409540842,0.2897860771937566,2.265956391140019,0.2845789748125553,1.956768422949044,0.8104048017852792,0,0.043333333333333335
695c39e7ce90b13220851fba,2025,3,2.3992164685129804,3.198426816386972,3.28808285507484,3,Human Resources,Manager,0.4798432937025961,0.6396853632773942,0.657616571014968,3.1890238293050217,-0.7898073607920413,2.831956076040165,0.3664707403468061,3.513686633719034,-0.2256037786441944,0,0.12
695c39e7ce90b13220851fbb,2025,3,1.4392868922941142,1.0689997173170611,2.498254888953955,3,Information Technology,Tech Lead,0.2878573784588228,0.2137999434634122,0.499650977790791,3.5569795437925347,-2.1176926514984205,3.222070128964092,-2.1530704116470307,2.5662374268722834,-0.0679825379183283,0,0.6433333333333333
695c39e7ce90b13220851fbf,2025,3,1.7489388531324883,1.4230896755674944,1.451801109184299,3,Administration,Manager,0.3497877706264977,0.2846179351134988,0.2903602218368598,4.303498270641487,-2.5545594175089987,2.8010275045918984,-1.377937829024404,2.4120568211233477,-0.9602557119390482,0,0.8533333333333334
695c39e7ce90b13220851fc0,2025,3,2.891992093343952,1.5868064335616356,3.332999515038455,3,Human Resources,Team Lead,0.5783984186687904,0.3173612867123271,0.666599903007691,3.9762300806827873,-1.0842379873388357,4.037460097384214,-2.450653663822578,3.6538230690624487,-0.3208235540239936,0,0.26666666666666666
695c39e7ce90b13220851fc1,2025,3,2.60439119457386,1.831490343767994,2.1691170159300714,3,Administration,General Manager,0.5208782389147719,0.3662980687535987,0.4338234031860143,2.359934487179876,0.2444567073939838,3.996035793745241,-2.164545449977247,3.599951549189784,-1.4308345332597123,0,0.37666666666666665
695c39e7ce90b13220851fc2,2025,3,3.517899065594765,4.616025698328747,4.061954902329593,3,Human Resources,Senior Manager,0.7035798131189531,0.9232051396657496,0.8123909804659186,3.882246398819632,-0.3643473332248659,3.98444721544452,0.631578482884227,4.282661942461509,-0.2207070401319155,0,0.22666666666666666
695c39e7ce90b13220851fc3,2025,3,3.63212224715144,4.076409639627903,3.058175436357725,3,Administration,Team Lead,0.7264244494302879,0.8152819279255805,0.611635087271545,3.1656681731899874,0.4664540739614522,3.680902114099436,0.3955075255284663,4.7292421073600135,-1.6710666710022886,0,0.22333333333333333
695c39e7ce90b13220851fc4,2025,3,3.0952939650473805,1.9509890314130724,1.7074816552411327,3,Information Technology,Administrator,0.6190587930094761,0.3901978062826144,0.3414963310482265,1.734134180422812,1.3611597846245689,1.4144749537351111,0.5365140776779613,3.236361428296085,-1.5288797730549522,0,0.09666666666666666
695c39e7ce90b13220851fc7,2025,3,3.063070566978303,3.306873095352408,2.376308848694032,3,Information Technology,Associate Software Engineer,0.6126141133956606,0.6613746190704816,0.4752617697388064,3.094547879735902,-0.0314773127575986,2.923153173558841,0.3837199217935665,2.389745816273986,-0.0134369675799543,0,0.22666666666666666
695c39e7ce90b13220851fc8,2025,3,3.696972947353857,2.301855315070267,3.581752474946005,3,Information Technology,Architect,0.7393945894707714,0.4603710630140534,0.7163504949892011,1.9217344290772125,1.7752385182766444,3.655827122075897,-1.3539718070056304,1.5107442088210563,2.071008266124949,0,0.10333333333333333
695c39e7ce90b13220851fcd,2025,3,2.1722118382405564,1.876428011322926,2.486773254882881,3,Administration,Assistant Manager,0.4344423676481113,0.3752856022645852,0.4973546509765761,1.5870116915158672,0.5852001467246892,2.62438652624134,-0.7479585149184138,3.113560315564749,-0.6267870606818682,0,0.23333333333333334
695c39e7ce90b13220851fcf,2025,3,2.968803128154623,3.4835452436370646,1.7610319366735954,3,Administration,Assistant Manager,0.5937606256309247,0.6967090487274129,0.3522063873347191,2.5469984161719474,0.4218047119826758,2.1354973371604054,1.3480479064766593,2.47134566018848,-0.7103137235148844,0,0.11666666666666667
695c39e7ce90b13220851fd0,2025,3,1.3920195983326715,1.386328495884352,1.5535679963872815,3,Human Resources,Team Lead,0.2784039196665343,0.2772656991768704,0.3107135992774563,3.602923764831912,-2.2109041664992404,4.471708656935683,-3.085380161051331,3.4157629808834518,-1.8621949844961696,0,0.9066666666666666
695c39e7ce90b13220851fd1,2025,3,4.50759254099852,2.897585289751848,2.592329526438304,3,Administration,Assistant Manager,0.901518508199704,0.5795170579503696,0.5184659052876608,3.5736947300807587,0.9338978109177608,4.121265287901984,-1.2236799981501365,2.408057420547043,0.184272105891261,0,0.20333333333333334
695c39e7ce90b13220851fd3,2025,3,2.808702209949983,2.953856045362874,2.652275023673294,3,Administration,Manager,0.5617404419899966,0.5907712090725747,0.5304550047346588,3.466257012611636,-0.6575548026616529,2.1734999490249405,0.7803560963379335,3.4928345267793626,-0.8405595031060686,0,0.11
695c39e7ce90b13220851fd7,2025,3,3.973497676422968,3.838386040858981,3.616668682632037,3,Administration,Manager,0.7946995352845937,0.7676772081717962,0.7233337365264074,3.1092875792435315,0.8642100971794369,1.3263759090515628,2.5120101318074184,3.0595430738696394,0.5571256087623975,0,0.03666666666666667
695c39e7ce90b13220851fda,2025,3,3.0401359693595023,2.942922101112039,4.406839269493005,3,Human Resources,Team Lead,0.6080271938719004,0.5885844202224078,0.8813678538986011,3.128565589897317,-0.0884296205378145,2.9003637058273126,0.0425583952847263,2.72212521953568,1.6847140499573254,0,0.14333333333333334
695c39e7ce90b13220851fdb,2025,3,4.69847461500111,5.0,2.9892876775895134,3,Human Resources,Associate,0.939694923000222,1.0,0.5978575355179027,2.987777852387417,1.710696762613693,2.8825744851412267,2.1174255148587733,2.977247756021285,0.0120399215682285,0,0.05
695c39e7ce90b13220851fdc,2025,3,2.0807148254827004,1.500947189259398,2.131551868855576,3,Human Resources,Assistant General Manager,0.4161429650965401,0.3001894378518795,0.4263103737711152,3.3105598590968817,-1.2298450336141813,3.0450750467755685,-1.5441278575161703,2.165382556437496,-0.0338306875819198,0,0.6866666666666666
695c39e7ce90b13220851fdd,2025,3,3.9855564433438335,3.410081142769058,3.256237265684004,3,Human Resources,Executive,0.7971112886687669,0.6820162285538116,0.6512474531368008,2.403185341335965,1.5823711020078697,3.2616990346642525,0.1483821081048053,3.355413647165268,-0.0991763814812638,0,0.07333333333333333
695c39e7ce90b13220851fde,2025,3,3.210645559750059,3.366006007465555,2.7578540949688914,3,Administration,Team Lead,0.6421291119500119,0.673201201493111,0.5515708189937782,4.158095794657691,-0.947450234907632,3.242719771307301,0.123286236158254,3.929797702017761,-1.1719436070488691,0,0.19333333333333333
695c39e7ce90b13220851fe1,2025,3,4.4810111111203454,2.605108670463568,3.5503692629880685,3,Human Resources,Senior Executive,0.8962022222240691,0.5210217340927137,0.7100738525976137,3.3790226216820782,1.1019884894382672,3.548707587630806,-0.943598917167238,3.49226870860078,0.0581005543872885,0,0.08666666666666667
695c39e7ce90b13220851fe2,2025,3,3.092891642215023,3.770287018852356,3.124114765493088,3,Human Resources,Team Lead,0.6185783284430046,0.7540574037704711,0.6248229530986176,3.149554126298109,-0.0566624840830858,3.025641206071533,0.7446458127808229,2.54671843211829,0.5773963333747982,0,0.14666666666666667
695c39e7ce90b13220851fe3,2025,3,2.8942743784942904,1.987438910384612,1.810464562093258,3,Administration,Assistant Manager,0.5788548756988581,0.3974877820769223,0.3620929124186516,3.47627755428129,-0.5820031757869994,2.94641081195986,-0.9589719015752484,2.988148035249596,-1.177683473156338,0,0.5133333333333333
695c39e7ce90b13220851fe6,2025,3,3.4631063198713163,1.80184154572826,2.7664548446348496,3,Human Resources,Senior Manager,0.6926212639742633,0.360368309145652,0.5532909689269699,1.5409094525846263,1.92219686728669,1.6657919731074224,0.1360495726208377,1.0,1.7664548446348496,0,0.03333333333333333
695c39e7ce90b13220851fe7,2025,3,3.5271017231954223,1.8153448485588852,1.899829783149996,3,Administration,Assistant General Manager,0.7054203446390844,0.3630689697117771,0.3799659566299992,3.236005475329317,0.2910962478661054,2.803833990785942,-0.9884891422270567,4.238676388130585,-2.3388466049805894,0,0.25666666666666665
695c39e7ce90b13220851fe8,2025,3,2.6725966945637074,2.16234569215948,1.8651839518945343,3,Human Resources,Senior Manager,0.5345193389127415,0.432469138431896,0.3730367903789068,3.379549609474599,-0.7069529149108917,3.4160822462277984,-1.2537365540683183,3.996956751929407,-2.1317728000348724,0,0.6333333333333333
695c39e7ce90b13220851ff0,2025,3,3.5276948228856333,3.7293204759840064,5.0,3,Administration,General Manager,0.7055389645771266,0.7458640951968013,1.0,2.636197978281595,0.8914968446040383,2.0634158481569904,1.665904627827016,2.7131180695662263,2.2868819304337737,0,0.18333333333333332
695c39e7ce90b13220851ff3,2025,3,4.692610513909244,4.109151609722437,3.312101317605089,3,Human Resources,Senior Manager,0.9385221027818488,0.8218303219444874,0.6624202635210179,3.7091933494791336,0.9834171644301106,2.804963150695892,1.3041884590265451,3.11998142145629,0.1921198961487995,0,0.06
695c39e7ce90b13220851ff4,2025,3,2.7239987455537147,3.1665058522776315,1.927713677594613,3,Human Resources,Executive,0.5447997491107429,0.6333011704555263,0.3855427355189227,3.6331844356774514,-0.9091856901237368,2.4413731181495173,0.7251327341281142,2.330121394495789,-0.4024077169011759,0,0.11333333333333333
695c39e7ce90b13220851ff7,2025,3,3.357173998072926,1.6691062516443624,3.176396424624793,3,Administration,Senior Executive,0.6714347996145852,0.3338212503288725,0.6352792849249587,2.8624047915122324,0.4947692065606937,1.81009871018504,-0.1409924585406776,3.230469811143681,-0.0540733865188873,0,0.13666666666666666
695c39e7ce90b13220851ff8,2025,2,2.9665955874619847,3.022014490877288,3.9674058912446863,3,Information Technology,QA Engineer,0.593319117492397,0.6044028981754577,0.7934811782489373,2.8830077657717554,0.0835878216902292,3.1008683928346805,-0.0788539019573923,4.455463721974298,-0.4880578307296117,0,0.19
695c39e7ce90b13220851ff9,2025,2,3.094988326548842,3.305671177497145,3.896148351204957,3,Information Technology,UI/UX Designer,0.6189976653097684,0.6611342354994291,0.7792296702409913,2.5281237773115715,0.5668645492372706,1.9277397975080983,1.3779313799890467,1.807203240447734,2.0889451107572223,0,0.09333333333333334
695c39e7ce90b13220851ffa,2025,2,2.61394860038015,2.867539528002834,1.646942320875157,3,Human Resources,Executive,0.5227897200760301,0.573507905600567,0.3293884641750314,3.449501963236103,-0.8355533628559528,3.473302431516913,-0.6057629035140786,2.187034260934659,-0.5400919400595019,0,0.39666666666666667
695c39e7ce90b13220851ffb,2025,2,3.261936280802471,3.005046454182155,2.885608199793808,3,Administration,Executive,0.6523872561604942,0.6010092908364311,0.5771216399587615,2.243674182973896,1.018262097828575,3.100109589775461,-0.095063135593306,1.760776711981143,1.1248314878126646,0,0.056666666666666664
695c39e7ce90b13220851ffc,2025,2,3.538052711956569,3.0104790878059067,3.125539024851028,3,Administration,Assistant General Manager,0.7076105423913137,0.6020958175611814,0.6251078049702056,4.130422260482597,-0.5923695485260279,2.963301391387469,0.0471776964184371,2.064695401523778,1.0608436233272496,0,0.21
695c39e7ce90b13220851ffd,2025,2,3.4936217716660627,3.074465870766461,2.716086932139997,3,Human Resources,Senior Executive,0.6987243543332126,0.6148931741532923,0.5432173864279994,1.6453894841370444,1.8482322875290185,2.880822210835413,0.1936436599310482,1.6069616969232308,1.1091252352167662,0,0.10333333333333333
695c39e7ce90b13220851ffe,2025,2,3.3155940281806955,2.527817660734369,2.6727677202889155,3,Human Resources,Assistant General Manager,0.6631188056361391,0.5055635321468739,0.5345535440577831,3.410821654140734,-0.0952276259600384,3.630212968289718,-1.1023953075553488,3.38446739123957,-0.7116996709506545,0,0.16
695c39e7ce90b13220852000,2025,2,3.207294940495195,3.4518558566532143,3.100049216799335,3,Administration,Assistant General Manager,0.641458988099039,0.6903711713306429,0.6200098433598671,3.932106967078492,-0.7248120265832965,3.0332374372627635,0.4186184193904507,2.2605658170925977,0.8394833997067375,0,0.19333333333333333
695c39e7ce90b13220852002,2025,2,4.099667421221676,4.036800819555914,2.7640307113250118,3,Information Technology,Software Engineer,0.8199334842443351,0.8073601639111828,0.5528061422650022,2.3965548972734063,1.7031125239482692,3.128324533489823,0.9084762860660912,1.7637202850872695,1.0003104262377416,0,0.056666666666666664
695c39e7ce90b13220852003,2025,2,2.0512799529178647,2.8635071636962555,2.715685262424417,3,Administration,Senior Manager,0.4102559905835729,0.5727014327392511,0.5431370524848835,1.6178846236413589,0.433395329276506,1.7060211525576656,1.1574860111385898,2.290139552372679,0.4255457100517383,0,0.04
695c39e7ce90b13220852004,2025,2,2.3822691322293434,2.2392656702341345,1.75812564264058,3,Information Technology,UI/UX Designer,0.4764538264458687,0.4478531340468269,0.351625128528116,3.054760473051071,-0.6724913408217277,3.6820653538015775,-1.442799683567443,3.2749387339433773,-1.5168130913027973,0,0.76
695c39e7ce90b13220852005,2025,2,3.2904097215809864,3.253876449719179,2.895327591651913,3,Human Resources,General Manager,0.6580819443161973,0.6507752899438358,0.5790655183303827,2.8096535816990738,0.4807561398819127,3.2350967975885454,0.0187796521306338,2.4344038140044555,0.4609237776474577,0,0.15666666666666668
695c39e7ce90b13220852009,2025,2,3.9841458196462174,3.862562093355949,3.42810072507666,3,Human Resources,Assistant Manager,0.7968291639292436,0.7725124186711898,0.685620145015332,2.540546889849498,1.4435989297967202,3.074677038458581,0.7878850548973677,2.4177981502294794,1.0103025748471803,0,0.05
695c39e7ce90b1322085200b,2025,2,2.339513622634681,3.570392787965964,3.20923679903886,3,Information Technology,Associate Project Manager,0.4679027245269361,0.7140785575931928,0.641847359807772,2.81373875818744,-0.4742251355527593,3.4312051113414737,0.1391876766244904,1.91497715084974,1.2942596481891195,0,0.08
695c39e7ce90b1322085200c,2025,2,3.660686148774545,2.90658550164136,4.019065447190776,3,Human Resources,Associate,0.732137229754909,0.581317100328272,0.8038130894381552,1.0254979392573236,2.6351882095172217,1.6951041523650334,1.2114813492763268,1.8944942463224552,2.124571200868321,0,0.016666666666666666
695c39e7ce90b1322085200d,2025,2,3.670712509588344,2.526511896297309,2.885993138129105,3,Information Technology,UI/UX Designer,0.7341425019176688,0.5053023792594619,0.5771986276258211,3.563130630446925,0.1075818791414193,2.9555939544628536,-0.4290820581655441,3.198494284471936,-0.3125011463428304,0,0.24
695c39e7ce90b1322085200e,2025,2,1.922720953583489,1.9390792447913745,2.1439495458884794,3,Administration,Team Lead,0.3845441907166978,0.3878158489582749,0.4287899091776959,1.2246162020815028,0.6981047515019863,1.4445450208784696,0.4945342239129049,1.878601278184924,0.2653482677035554,0,0.03333333333333333
695c39e7ce90b13220852010,2025,2,2.004075675641225,3.4699150621823547,2.501664189107366,3,Human Resources,Associate,0.400815135128245,0.693983012436471,0.5003328378214732,2.617193304344146,-0.6131176287029212,3.132169588018997,0.3377454741633579,2.155888147402544,0.3457760417048221,0,0.2966666666666667
695c39e7ce90b13220852011,2025,2,2.26838516281195,2.3483304481687304,2.624542101015511,3,Administration,Team Lead,0.45367703256239,0.469666089633746,0.5249084202031022,4.28947965523889,-2.02109449242694,4.362060757238486,-2.013730309069756,3.663585861436029,-1.039043760420518,0,0.71
695c39e7ce90b13220852012,2025,2,3.2535027317062437,3.416107674080087,2.951845571836409,3,Human Resources,Associate,0.6507005463412486,0.6832215348160174,0.5903691143672818,2.507486263102731,0.7460164686035125,2.514469803565523,0.901637870514564,3.5280644540632284,-0.5762188822268195,0,0.056666666666666664
695c39e7ce90b13220852015,2025,2,3.138670605779886,3.626221082810957,2.636533504786271,3,Administration,Executive,0.6277341211559773,0.7252442165621915,0.5273067009572542,2.87540307334175,0.2632675324381361,3.201812836228956,0.4244082465820016,3.017326013555517,-0.3807925087692458,0,0.07333333333333333
695c39e7ce90b13220852018,2025,2,3.2302191688130524,2.1802662888098734,1.7485374104259512,3,Administration,Senior Manager,0.6460438337626104,0.4360532577619747,0.3497074820851902,2.3125198339797413,0.9176993348333112,2.6622283295356644,-0.4819620407257909,1.1981140078375474,0.5504234025884038,0,0.17333333333333334
695c39e7ce90b13220852019,2025,2,2.097026696159373,2.8610946155149115,1.998220997533456,3,Human Resources,Team Lead,0.4194053392318745,0.5722189231029823,0.3996441995066911,4.589625638214964,-2.4925989420555914,3.71674364892847,-0.8556490334135587,3.202031679695818,-1.2038106821623624,0,0.7066666666666667
695c39e7ce90b1322085201b,2025,2,1.4925820847418974,3.3092734416478446,1.613304387350241,3,Human Resources,Associate,0.2985164169483795,0.661854688329569,0.3226608774700482,2.1289578977333603,-0.636375812991463,2.8202250919255007,0.4890483497223439,3.026005226161476,-1.4127008388112348,0,0.47333333333333333
695c39e7ce90b1322085201e,2025,2,2.6955927521143623,2.7978933413413047,3.086212901036809,3,Information Technology,Senior QA Engineer,0.5391185504228725,0.559578668268261,0.6172425802073618,2.983098775526946,-0.2875060234125834,3.174565196567084,-0.376671855225779,3.730065941483483,-0.643853040446674,0,0.17
695c39e7ce90b1322085201f,2025,2,3.667674134346167,1.910780616275028,3.3221546378527416,3,Human Resources,Senior Manager,0.7335348268692334,0.3821561232550056,0.6644309275705483,4.026106127250784,-0.3584319929046167,4.398189345329819,-2.4874087290547915,4.558496503249527,-1.2363418653967857,0,0.17666666666666667
695c39e7ce90b13220852021,2025,2,2.967690726734953,2.751391603761027,4.05438469261155,3,Human Resources,Team Lead,0.5935381453469906,0.5502783207522054,0.81087693852231,2.7101596317413885,0.2575310949935643,1.671107853800064,1.080283749960963,1.9484485640881704,2.10593612852338,0,0.03333333333333333
695c39e7ce90b13220852022,2025,2,2.203434319040617,3.318501471344267,3.920751720310696,3,Administration,Executive,0.4406868638081234,0.6637002942688535,0.7841503440621392,2.736064092271467,-0.53262977323085,2.5977426181696703,0.7207588531745968,1.549103573701718,2.371648146608978,0,0.1
695c39e7ce90b13220852024,2025,2,2.820893247975949,2.269227223016999,3.2086498371451784,3,Information Technology,Associate UI/UX Designer,0.5641786495951898,0.4538454446033998,0.6417299674290357,1.8350150681827824,0.9858781797931666,1.5793624589111266,0.6898647641058724,2.0700361666189737,1.1386136705262049,0,0.03666666666666667
695c39e7ce90b13220852025,2025,2,2.801363839282611,4.252663820997122,4.223822783768539,3,Administration,Assistant General Manager,0.5602727678565221,0.8505327641994244,0.8447645567537079,3.914631764451272,-1.1132679251686612,4.899342397468245,-0.6466785764711229,4.297822575942004,-0.0739997921734643,0,0.12333333333333334
695c39e7ce90b13220852026,2025,2,4.613736148705156,3.2485403270401303,3.515411263045058,3,Administration,Senior Executive,0.9227472297410312,0.6497080654080261,0.7030822526090116,1.3045914137730508,3.3091447349321053,1.707571488294755,1.5409688387453753,2.121325847599954,1.394085415445104,0,0.06
695c39e7ce90b13220852027,2025,2,1.5709942099951553,2.309148590525017,2.783870371572841,3,Human Resources,Manager,0.314198841999031,0.4618297181050034,0.5567740743145682,1.97048438410094,-0.3994901741057846,2.6976116666966203,-0.3884630761716034,3.0492980027045125,-0.2654276311316716,0,0.23333333333333334
695c39e7ce90b13220852028,2025,2,3.091925848320087,2.67743447670958,3.751359332894568,3,Information Technology,UI/UX Designer,0.6183851696640174,0.535486895341916,0.7502718665789134,3.8681601126441088,-0.7762342643240219,2.8717218919435683,-0.1942874152339886,2.824350049527383,0.9270092833671844,0,0.2
695c39e7ce90b13220852029,2025,2,2.3488437197213656,2.2998864655910847,2.35393074250858,3,Human Resources,Assistant General Manager,0.4697687439442731,0.4599772931182169,0.4707861485017159,2.236267207871043,0.1125765118503228,4.300834754630454,-2.000948289039369,4.407585077880123,-2.0536543353715437,0,0.43
695c39e7ce90b1322085202a,2025,2,2.2381196570067874,2.8024074506780137,2.5662899990254413,3,Administration,Executive,0.4476239314013575,0.5604814901356028,0.5132579998050882,2.983329905936285,-0.745210248929498,2.2157014468908165,0.5867060037871972,3.554250322427001,-0.98796032340156,0,0.27666666666666667
695c39e7ce90b1322085202b,2025,2,3.1668719438417,3.629747423493978,2.5746731249000243,3,Information Technology,Associate QA Engineer,0.63337438876834,0.7259494846987956,0.5149346249800049,3.060878704506954,0.105993239334746,1.6504663960542074,1.9792810274397707,2.39814977372889,0.1765233511711343,0,0.06666666666666667
695c39e7ce90b1322085202e,2025,2,3.3276661390890205,4.149479356905205,3.997494715171312,3,Information Technology,Senior Software Engineer,0.6655332278178041,0.829895871381041,0.7994989430342624,4.51576736718697,-1.1881012280979495,4.37880020383779,-0.2293208469325849,4.510740130527592,-0.5132454153562795,0,0.1
695c39e7ce90b13220852030,2025,2,2.25584794823585,2.907069867703445,2.788675418638244,3,Human Resources,General Manager,0.45116958964717,0.5814139735406889,0.5577350837276488,3.8389747592473378,-1.5831268110114878,3.610531694243298,-0.7034618265398533,3.921618098001569,-1.132942679363325,0,0.39
695c39e7ce90b13220852033,2025,2,2.480632430230425,1.817759799024441,3.352163833245813,3,Human Resources,Manager,0.4961264860460849,0.3635519598048882,0.6704327666491626,3.2805316874131294,-0.7998992571827048,3.324964657813624,-1.5072048587891826,3.132519892316936,0.2196439409288775,0,0.34
695c39e7ce90b13220852034,2025,2,3.4143740285457,3.8061049932486624,2.670326154905875,3,Information Technology,Senior Software Engineer,0.6828748057091399,0.7612209986497325,0.534065230981175,2.36891212049309,1.0454619080526095,1.7167992548977804,2.089305738350882,2.0137204028556823,0.6566057520501927,0,0.05333333333333334
695c39e7ce90b13220852035,2025,2,3.232416644329939,3.264807850680876,4.211625993356694,3,Information Technology,Software Engineer,0.6464833288659878,0.6529615701361752,0.8423251986713389,3.1825289318091152,0.0498877125208236,2.380211843100866,0.8845960075800097,2.125055187517562,2.0865708058391323,0,0.08666666666666667
695c39e7ce90b13220852036,2025,2,2.960213595441205,2.629802274730887,3.121254248788901,3,Information Technology,Tech Lead,0.592042719088241,0.5259604549461774,0.6242508497577801,4.510799318557652,-1.5505857231164466,3.606066590767453,-0.9762643160365664,3.226768297829133,-0.1055140490402326,0,0.20666666666666667
695c39e7ce90b13220852037,2025,2,1.746130256176836,1.0,1.3561787964541303,3,Administration,Assistant Manager,0.3492260512353672,0.2,0.2712357592908261,3.32333136373893,-1.577201107562094,3.4449359702955342,-2.4449359702955342,4.214943115293919,-2.8587643188397887,0,0.94
695c39e7ce90b13220852039,2025,2,1.0,1.8503534303505864,1.9270571806595505,3,Administration,Senior Manager,0.2,0.3700706860701172,0.38541143613191,3.2285732773131954,-2.2285732773131954,3.0480803854666667,-1.1977269551160803,2.6318547773505405,-0.7047975966909903,0,0.78
695c39e7ce90b1322085203a,2025,2,3.708446479873724,3.5595767863502124,3.616576023012782,3,Administration,Executive,0.7416892959747449,0.7119153572700425,0.7233152046025564,2.4051836505661486,1.3032628293075756,2.7754440980273496,0.7841326883228628,3.6672847494400895,-0.0507087264273082,0,0.17
695c39e7ce90b1322085203b,2025,2,1.762530337474604,2.265264563148024,1.3177003937448426,3,Human Resources,Team Lead,0.3525060674949208,0.4530529126296048,0.2635400787489685,1.5408502045159973,0.2216801329586066,1.8940761820830845,0.3711883810649397,1.990913058617913,-0.6732126648730701,0,0.07333333333333333
695c39e7ce90b1322085203c,2025,2,3.6445298696560178,5.0,3.239305729837095,3,Administration,Senior Executive,0.7289059739312036,1.0,0.6478611459674191,2.7170437182323437,0.9274861514236744,1.8445352040214336,3.1554647959785664,2.8037858222973773,0.4355199075397178,0,0.06
695c39e7ce90b1322085203d,2025,2,4.310205086312477,4.098626957413381,3.3075059642209688,3,Administration,Executive,0.8620410172624954,0.8197253914826762,0.6615011928441937,2.2767047507101728,2.0335003356023043,2.6918555949764897,1.4067713624368912,2.229742683709648,1.0777632805113209,0,0.02
695c39e7ce90b1322085203e,2025,2,3.93881151019436,4.21462464336549,4.432930932443778,3,Information Technology,QA Lead,0.7877623020388721,0.8429249286730981,0.8865861864887556,4.440013433311875,-0.5012019231175144,4.243013695186311,-0.0283890518208203,4.4485584863682375,-0.0156275539244594,0,0.08666666666666667
695c39e7ce90b13220852042,2025,2,3.564337794497808,2.5466569860264485,3.577164644946512,3,Information Technology,Architect,0.7128675588995617,0.5093313972052897,0.7154329289893024,1.9881225858349645,1.5762152086628438,1.515806167322566,1.0308508187038825,2.683727048209423,0.8934375967370891,0,0.013333333333333334
695c39e7ce90b13220852044,2025,2,4.6078508548571255,5.0,4.905767655417356,3,Information Technology,Senior UI/UX Designer,0.9215701709714252,1.0,0.9811535310834713,3.7761577425897306,0.831693112267395,3.04119125382305,1.9588087461769497,2.6416241770637576,2.2641434783535983,0,0.15333333333333332
695c39e7ce90b13220852045,2025,2,4.13777202373494,4.971003103955436,3.6858903017159457,3,Human Resources,General Manager,0.827554404746988,0.9942006207910872,0.7371780603431891,2.943283812030203,1.194488211704737,2.096242573312155,2.874760530643281,2.822612547327024,0.8632777543889216,0,0.02666666666666667
695c39e7ce90b13220852046,2025,2,2.749275459296568,3.254657723666624,2.4064675842791408,3,Information Technology,Architect,0.5498550918593136,0.6509315447333248,0.4812935168558281,2.688013077504687,0.0612623817918809,1.6987744731716812,1.5558832504949427,1.998933862361764,0.4075337219173769,0,0.056666666666666664
695c39e7ce90b13220852047,2025,2,3.979539711381827,3.644799244824271,4.768536507458205,3,Human Resources,Executive,0.7959079422763654,0.7289598489648542,0.9537073014916412,2.2342827972175208,1.7452569141643064,3.4922105914007813,0.1525886534234897,3.7864343739206414,0.982102133537564,0,0.06333333333333334
695c39e7ce90b13220852048,2025,2,2.3114532822216702,2.968567429330382,3.432593438230765,3,Information Technology,Tech Lead,0.462290656444334,0.5937134858660764,0.6865186876461531,1.3040789726805668,1.0073743095411034,1.2946560229655226,1.6739114063648597,3.699156578773968,-0.2665631405432029,0,0.09666666666666666
695c39e7ce90b13220852049,2025,2,2.781733134446436,1.364692217037172,2.0495028220009743,3,Information Technology,UI/UX Designer,0.5563466268892872,0.2729384434074344,0.4099005644001948,4.878711131467433,-2.0969779970209976,2.979681871077429,-1.614989654040257,2.3686971147404634,-0.319194292739489,0,0.53
695c39e7ce90b1322085204b,2025,2,3.278747175329316,3.401820053860087,3.538743234663313,3,Human Resources,Assistant General Manager,0.6557494350658631,0.6803640107720174,0.7077486469326626,4.689191886129085,-1.4104447107997693,3.258074100626509,0.1437459532335774,2.862013542792937,0.676729691870376,0,0.18333333333333332
695c39e7ce90b1322085204e,2025,2,2.7985311872989502,4.094694336020121,2.585785634323805,3,Administration,Assistant Manager,0.5597062374597901,0.8189388672040241,0.517157126864761,3.316832448675572,-0.5183012613766218,3.5011030595501804,0.5935912764699403,3.534687612697017,-0.9489019783732124,0,0.13666666666666666
695c39e7ce90b1322085204f,2025,2,4.230815688156766,4.07525545936193,4.125481855987846,3,Administration,Assistant Manager,0.8461631376313532,0.815051091872386,0.8250963711975692,2.7053608431983163,1.5254548449584495,1.7239938131490231,2.351261646212907,2.6635178145748304,1.4619640414130153,0,0.023333333333333334
695c39e7ce90b13220852050,2025,2,3.125578878935846,3.328992412172088,3.4129211524458487,3,Human Resources,Assistant Manager,0.6251157757871691,0.6657984824344176,0.6825842304891697,2.698445985894477,0.4271328930413687,1.918253375428524,1.410739036743564,2.281155597232964,1.1317655552128851,0,0.023333333333333334
695c39e7ce90b13220852051,2025,2,1.1594291580326417,1.3805170675132097,1.0,3,Administration,General Manager,0.2318858316065283,0.2761034135026419,0.2,4.153928681486092,-2.9944995234534506,3.552847320729339,-2.172330253216129,3.336961331423015,-2.336961331423015,0,0.9033333333333333
695c39e7ce90b13220852052,2025,2,2.464774742897559,2.7407721773717872,4.529139834283869,3,Administration,Assistant General Manager,0.4929549485795118,0.5481544354743575,0.905827966856774,2.1351658126110618,0.329608930286497,3.017536203891404,-0.2767640265196167,2.25731906048982,2.2718207737940497,0,0.07
695c39e7ce90b13220852054,2025,2,3.9915318492042937,3.320604420828448,3.694400256456021,3,Information Technology,UI/UX Lead,0.7983063698408588,0.6641208841656896,0.7388800512912043,4.262433510916475,-0.2709016617121813,3.304687928862337,0.0159164919661107,3.2208934970589858,0.4735067593970354,0,0.12
695c39e7ce90b13220852055,2025,2,2.6677939397530364,1.767332945431893,2.597612585219943,3,Human Resources,Assistant Manager,0.5335587879506073,0.3534665890863785,0.5195225170439886,2.3370679913622925,0.3307259483907439,1.2275590969314938,0.5397738485003989,3.019536399631225,-0.4219238144112824,0,0.15666666666666668
695c39e7ce90b13220852057,2025,2,3.401387298045979,3.2123040086629504,3.2379667172793294,3,Human Resources,Team Lead,0.6802774596091958,0.6424608017325901,0.6475933434558658,3.306883317259643,0.0945039807863361,3.149095217007824,0.0632087916551262,3.688218453603082,-0.4502517363237528,0,0.2
695c39e7ce90b13220852059,2025,2,3.928266344528497,2.039992145795916,3.628459101910635,3,Administration,Senior Manager,0.7856532689056994,0.4079984291591832,0.725691820382127,3.263250478883501,0.665015865644996,3.52393115881945,-1.4839390130235346,3.2592689549884746,0.3691901469221603,0,0.12333333333333334
695c39e7ce90b1322085205a,2025,2,2.536083657966921,4.807262000172102,2.6563256910209354,3,Human Resources,Associate,0.5072167315933842,0.9614524000344205,0.5312651382041871,2.6951479437509867,-0.1590642857840656,3.2356744384026856,1.5715875617694164,3.80686153728855,-1.1505358462676147,0,0.16
695c39e7ce90b1322085205b,2025,2,1.6262340168045952,1.8074852066425275,3.639406534379726,3,Administration,Assistant General Manager,0.325246803360919,0.3614970413285054,0.7278813068759452,2.15723463855672,-0.5310006217521241,4.007908227974546,-2.200423021332019,4.345726531834471,-0.7063199974547447,0,0.37
695c39e7ce90b1322085205c,2025,2,3.770893519689986,3.798976991529826,4.09050178359414,3,Information Technology,QA Lead,0.7541787039379972,0.7597953983059652,0.8181003567188281,3.652115739951484,0.1187777797385023,3.571827532795068,0.227149458734758,3.582583661877797,0.5079181217163429,0,0.10666666666666667
695c39e7ce90b1322085205e,2025,2,2.010038358017084,3.8852080860002367,3.4677702776027104,3,Human Resources,Assistant General Manager,0.4020076716034168,0.7770416172000474,0.6935540555205421,1.1179563318586117,0.8920820261584725,1.7588588878891045,2.126349198111132,1.0,2.4677702776027104,0,0.03
695c39e7ce90b13220852060,2025,2,1.8221726705767896,2.859295105295994,2.23063185349908,3,Human Resources,Assistant General Manager,0.3644345341153579,0.5718590210591988,0.4461263706998159,3.0848534199537294,-1.26268074937694,3.366565821096932,-0.5072707158009373,3.62358669398134,-1.3929548404822598,0,0.69
695c39e7ce90b13220852061,2025,2,4.121219034598883,4.442934358672777,2.95720009925588,3,Administration,Team Lead,0.8242438069197766,0.8885868717345554,0.591440019851176,2.833401536688991,1.287817497909892,3.061363120040691,1.3815712386320858,3.971002978241169,-1.013802878985289,0,0.10666666666666667
695c39e7ce90b13220852063,2025,2,2.6886859990680745,3.7073539039634817,4.080877203989044,3,Administration,Executive,0.5377371998136149,0.7414707807926963,0.8161754407978087,3.5055309169209363,-0.8168449178528618,1.38225096110973,2.325102942853752,2.8949888390038327,1.1858883649852108,0,0.08
695c39e7ce90b13220852064,2025,2,4.475257417300307,2.667952846829621,3.054465649143766,3,Administration,Senior Manager,0.8950514834600615,0.5335905693659242,0.6108931298287532,1.3355277556035798,3.139729661696728,1.1602083064146078,1.5077445404150134,1.4291598206047884,1.6253058285389774,0,0.02
695c39e7ce90b13220852069,2025,2,3.0203569378212456,3.0827839451614163,3.918613445995372,3,Information Technology,QA Lead,0.6040713875642492,0.6165567890322833,0.7837226891990744,2.0476458770926143,0.9727110607286312,1.2074833111401904,1.875300634021226,2.4308645776089444,1.4877488683864275,0,0.01
695c39e7ce90b1322085206a,2025,2,3.0574834497987764,4.371567292520356,3.811544360923423,3,Information Technology,Associate QA Engineer,0.6114966899597553,0.8743134585040713,0.7623088721846847,1.7618464973158048,1.2956369524829716,2.8137333942424148,1.5578338982779414,2.506295489524962,1.3052488713984611,0,0.10666666666666667
695c39e7ce90b1322085206b,2025,2,2.704333005197844,2.9088606620389945,3.893524286512182,3,Administration,Executive,0.5408666010395687,0.5817721324077989,0.7787048573024364,3.32250599791438,-0.6181729927165365,2.570727370931836,0.3381332911071584,1.5754987963595333,2.3180254901526487,0,0.06333333333333334
695c39e7ce90b1322085206c,2025,2,1.3056365138234038,2.3985018791609987,2.280688235497557,3,Human Resources,Manager,0.2611273027646807,0.4797003758321997,0.4561376470995114,3.1386646826519664,-1.8330281688285623,2.619889197652081,-0.2213873184910828,3.124922100264671,-0.8442338647671139,0,0.63
695c39e7ce90b1322085206d,2025,2,2.870873521724308,3.848491643285066,2.194195407999242,3,Administration,Senior Manager,0.5741747043448615,0.7696983286570133,0.4388390815998484,1.747155263929738,1.12371825779457,1.5591139364300188,2.2893777068550474,2.556785017040895,-0.3625896090416529,0,0.016666666666666666
695c39e7ce90b1322085206e,2025,2,3.050537579604914,3.2077078003959665,3.073413346756836,3,Information Technology,UI/UX Designer,0.6101075159209828,0.6415415600791933,0.6146826693513672,2.829883345570036,0.2206542340348782,3.5749745963426407,-0.3672667959466742,2.44274435748238,0.6306689892744557,0,0.16666666666666666
695c39e7ce90b13220852070,2025,2,2.4020680249470505,2.6877716142426618,2.5161127314564906,3,Information Technology,Senior UI/UX Designer,0.4804136049894101,0.5375543228485323,0.5032225462912981,3.123140115241318,-0.7210720902942676,4.1690520691442,-1.4812804549015377,2.7923275440593454,-0.2762148126028547,0,0.4633333333333333
695c39e7ce90b13220852071,2025,2,2.679320363275151,3.2857676068850967,4.590635619957548,3,Administration,Senior Manager,0.5358640726550302,0.6571535213770193,0.9181271239915096,4.45759687415238,-1.7782765108772294,3.749631858078607,-0.46386425119351,3.171512767455412,1.4191228525021362,0,0.12333333333333334
695c39e7ce90b13220852072,2025,2,2.262182051317562,2.0846705327819595,3.006205867195204,3,Administration,Associate,0.4524364102635124,0.4169341065563919,0.6012411734390408,1.761275565415172,0.50090648590239,2.636829586978689,-0.5521590541967294,4.354500457885477,-1.3482945906902728,0,0.2
695c39e7ce90b13220852073,2025,2,3.445958622550348,3.555805857075899,5.0,3,Administration,Assistant General Manager,0.6891917245100696,0.7111611714151798,1.0,4.244200485727318,-0.7982418631769703,2.9147474972043232,0.6410583598715758,2.48536106813063,2.5146389318693694,0,0.29
695c39e7ce90b13220852074,2025,2,4.112540613494814,5.0,3.8839771752436354,3,Administration,Executive,0.8225081226989628,1.0,0.7767954350487271,3.069793407234176,1.0427472062606382,3.002398556888391,1.9976014431116087,4.048063722400189,-0.164086547156554,0,0.11666666666666667
695c39e7ce90b13220852076,2025,2,2.1254779687250696,2.1904810371738925,2.9470826740477034,3,Administration,Manager,0.4250955937450139,0.4380962074347785,0.5894165348095407,1.4152363024342742,0.7102416662907953,3.829897207000614,-1.6394161698267211,4.283984514103114,-1.336901840055411,0,0.28
695c39e7ce90b13220852078,2025,2,4.231080845520776,4.233926730694448,4.466099953423952,3,Administration,Assistant General Manager,0.8462161691041551,0.8467853461388894,0.8932199906847904,4.612776286550907,-0.3816954410301312,4.548403684962443,-0.3144769542679952,2.7965601648144376,1.6695397886095145,0,0.11666666666666667
695c39e7ce90b1322085207d,2025,2,2.70130979634406,4.5686993836080125,4.433840797679659,3,Human Resources,Senior Executive,0.540261959268812,0.9137398767216024,0.8867681595359318,3.845950947190677,-1.144641150846617,4.0628801425265,0.5058192410815128,3.484677013536157,0.949163784143502,0,0.11666666666666667
695c39e7ce90b1322085207e,2025,2,2.955143947121654,3.132708681718859,2.882714546313893,3,Information Technology,UI/UX Designer,0.5910287894243308,0.6265417363437719,0.5765429092627786,2.4752676606177566,0.4798762865038974,1.84719924573331,1.2855094359855492,2.199489353677035,0.6832251926368582,0,0.06
695c39e7ce90b13220852081,2025,2,2.317344677031179,3.0437685299429127,2.147770873582461,3,Human Resources,Assistant Manager,0.4634689354062358,0.6087537059885826,0.4295541747164922,3.807427337484903,-1.4900826604537238,2.857193287277787,0.1865752426651257,2.59414572196707,-0.4463748483846088,0,0.43333333333333335
695c39e7ce90b13220852082,2025,2,2.0972315517370475,2.4636533184501777,2.497623997427412,3,Administration,Senior Executive,0.4194463103474095,0.4927306636900355,0.4995247994854823,3.974023574957972,-1.8767920232209243,2.5745931608864305,-0.1109398424362528,4.368533084857057,-1.870909087429645,0,0.55
695c39e7ce90b13220852083,2025,2,4.223914708856492,3.944032751979159,3.1596052165443576,3,Human Resources,Senior Manager,0.8447829417712984,0.7888065503958318,0.6319210433088716,3.3166836967118725,0.90723101214462,4.5751130813085386,-0.6310803293293796,3.8151045465117153,-0.6554993299673577,0,0.1
695c39e7ce90b13220852085,2025,2,3.0360538851161727,2.774991254505365,2.8271592583051444,3,Information Technology,QA Engineer,0.6072107770232346,0.554998250901073,0.5654318516610288,3.042254838012988,-0.0062009528968154,3.381988326354562,-0.6069970718491966,2.189211453690177,0.6379478046149671,0,0.14666666666666667
695c39e7ce90b13220852086,2025,2,1.635040926897977,1.0536601522421458,1.5171647547972085,3,Information Technology,Software Engineer,0.3270081853795954,0.2107320304484291,0.3034329509594416,1.7411279514285036,-0.1060870245305265,1.8839932693675452,-0.8303331171253996,2.474635286350198,-0.9574705315529894,0,0.2833333333333333
695c39e7ce90b13220852087,2025,2,4.544804631703991,4.149750534096785,4.94373545272969,3,Human Resources,Executive,0.908960926340798,0.8299501068193569,0.988747090545938,3.725446548916232,0.8193580827877591,3.857920440482821,0.2918300936139637,3.420623410397393,1.5231120423322977,0,0.06333333333333334
695c39e7ce90b13220852089,2025,2,3.4567876370080897,2.5564242955949306,3.1139259600032267,3,Administration,Manager,0.6913575274016179,0.5112848591189861,0.6227851920006453,2.439756753916379,1.0170308830917103,3.101310489637505,-0.544886194042574,4.247378452661642,-1.133452492658415,0,0.15
695c39e7ce90b1322085208a,2025,2,3.919916339624734,3.7344969078624217,4.049021429600497,3,Human Resources,Manager,0.7839832679249468,0.7468993815724844,0.8098042859200995,2.9934557872971825,0.9264605523275512,3.916926490524236,-0.1824295826618143,3.749375095599892,0.2996463340006055,0,0.17666666666666667
695c39e7ce90b1322085208b,2025,2,3.968438370673746,2.058484439950634,3.021018666368124,3,Administration,General Manager,0.7936876741347492,0.4116968879901268,0.6042037332736248,4.140959556792625,-0.1725211861188791,3.829615219866872,-1.771130779916238,3.139582929705286,-0.1185642633371619,0,0.21
695c39e7ce90b1322085208c,2025,2,2.207801481276086,2.2562741187943853,3.45388469143444,3,Human Resources,Assistant General Manager,0.4415602962552172,0.451254823758877,0.690776938286888,1.365795172797445,0.8420063084786411,1.4885333197765136,0.7677407990178717,1.9117099360803236,1.5421747553541163,0,0.04
695c39e7ce90b1322085208e,2025,2,2.5259859881592948,2.608921008924866,3.357872080466161,3,Human Resources,Associate,0.505197197631859,0.5217842017849732,0.6715744160932322,3.0547057314217887,-0.5287197432624939,2.64317257115397,-0.0342515622291044,3.216015731656082,0.1418563488100788,0,0.06
695c39e7ce90b1322085208f,2025,2,2.250000614893433,2.196938962661778,2.4492510368058964,3,Human Resources,Manager,0.4500001229786866,0.4393877925323556,0.4898502073611793,2.795966789439516,-0.5459661745460829,4.152649407652237,-1.9557104449904583,3.950621830905205,-1.5013707940993086,0,0.6133333333333333
695c39e7ce90b13220852090,2025,2,2.2984248004903693,3.258187580859719,3.0233508569150627,3,Human Resources,Team Lead,0.4596849600980738,0.6516375161719438,0.6046701713830125,1.7230827336962315,0.5753420667941378,1.3734542023873872,1.884733378472332,1.6979868158285445,1.3253640410865184,0,0.023333333333333334
695c39e7ce90b13220852091,2025,2,2.428571931300538,3.2027756088528574,3.232310058729899,3,Human Resources,Senior Manager,0.4857143862601075,0.6405551217705715,0.6464620117459798,2.4076214355242684,0.0209504957762693,3.007711597183983,0.1950640116688742,1.972952142627343,1.259357916102556,0,0.11333333333333333
695c39e7ce90b13220852092,2025,2,4.148457774780246,2.7081286222183127,2.979038108556059,3,Human Resources,General Manager,0.8296915549560492,0.5416257244436625,0.5958076217112118,1.2291004392820546,2.919357335498191,1.1150516291804458,1.593076993037867,1.523805964109335,1.4552321444467236,0,0.02
695c39e7ce90b13220852093,2025,2,3.1047085338509435,2.2082654025881405,2.4527152402347645,3,Human Resources,Associate,0.6209417067701887,0.4416530805176281,0.4905430480469529,2.7202732331789017,0.3844353006720418,2.613703913667799,-0.4054385110796583,3.4709335480187,-1.0182183077839355,0,0.21666666666666667
695c39e7ce90b13220852094,2025,2,4.54901263273974,3.947278147792742,2.520892273088714,3,Human Resources,Assistant General Manager,0.909802526547948,0.7894556295585484,0.5041784546177428,3.7254042098028943,0.8236084229368457,2.376103263112313,1.571174884680429,3.886760160527638,-1.3658678874389238,0,0.07666666666666666
695c39e7ce90b13220852095,2025,2,3.5472371716723243,3.292723841647045,2.0210576422813937,3,Information Technology,Senior QA Engineer,0.7094474343344649,0.658544768329409,0.4042115284562787,3.8640838634212,-0.3168466917488759,2.4931654943843835,0.7995583472626615,2.094351445317762,-0.0732938030363681,0,0.17333333333333334
695c39e7ce90b13220852096,2025,2,2.682805438243293,2.1922987942342096,2.6979780192215523,3,Human Resources,General Manager,0.5365610876486586,0.4384597588468419,0.5395956038443105,2.4135551929840857,0.2692502452592071,2.569458566555714,-0.3771597723215043,2.328836443091461,0.3691415761300911,0,0.14333333333333334
695c39e7ce90b13220852098,2025,2,2.7087142684747283,3.219639599122357,3.683119156037463,3,Administration,General Manager,0.5417428536949457,0.6439279198244714,0.7366238312074925,2.252176009631793,0.4565382588429352,2.5216975011985543,0.6979420979238027,3.618970607536465,0.0641485485009973,0,0.10333333333333333
695c39e7ce90b1322085209a,2025,2,3.057848969814615,4.15818900954804,3.883081279374795,3,Administration,Manager,0.611569793962923,0.831637801909608,0.776616255874959,3.148391676384696,-0.0905427065700807,2.5019056248665312,1.6562833846815086,3.129577397128197,0.7535038822465983,0,0.09666666666666666
695c39e7ce90b1322085209b,2025,2,2.219372618327146,2.8150377989727358,2.8683837282049964,3,Administration,General Manager,0.4438745236654292,0.5630075597945471,0.5736767456409992,3.1355237840503944,-0.9161511657232486,2.498195018748076,0.3168427802246594,3.5972773232556987,-0.7288935950507023,0,0.18666666666666668
695c39e7ce90b1322085209c,2025,2,3.864113361830437,3.995944827810705,3.726790001917235,3,Information Technology,Senior Software Engineer,0.7728226723660875,0.799188965562141,0.745358000383447,3.9217246747327095,-0.0576113129022721,4.34891301955232,-0.3529681917416152,3.5769991932264285,0.1497908086908066,0,0.23666666666666666
695c39e7ce90b1322085209e,2025,2,3.658637062731435,3.5591294153231434,2.7158072029421545,3,Human Resources,General Manager,0.7317274125462869,0.7118258830646287,0.5431614405884309,3.0946882617568683,0.5639488009745666,2.8640678752330606,0.6950615400900828,3.073950905522473,-0.3581437025803184,0,0.11666666666666667
695c39e7ce90b132208520a0,2025,2,3.342367762877208,3.0031070201585592,2.8993944527768005,3,Human Resources,Assistant General Manager,0.6684735525754416,0.6006214040317118,0.5798788905553601,3.9508465331892046,-0.6084787703119967,4.443767497448404,-1.4406604772898444,4.495566829547306,-1.5961723767705052,0,0.13333333333333333
695c39e7ce90b132208520a1,2025,2,2.0782295551769785,3.209665639940168,3.925887799729279,3,Human Resources,Assistant Manager,0.4156459110353957,0.6419331279880336,0.7851775599458558,2.473618449430292,-0.3953888942533132,1.4860239019067143,1.7236417380334537,2.095875529676518,1.830012270052761,0,0.06666666666666667
695c39e7ce90b132208520a2,2025,2,2.93612515952328,2.7676287498429235,3.0140582742461017,3,Information Technology,Senior QA Engineer,0.5872250319046559,0.5535257499685847,0.6028116548492204,3.017345879541796,-0.0812207200185159,3.106043595101837,-0.3384148452589133,4.253189149640978,-1.239130875394876,0,0.23666666666666666
695c39e7ce90b132208520a3,2025,2,1.0,1.4984833830905164,2.2099163357356244,3,Information Technology,QA Lead,0.2,0.2996966766181033,0.4419832671471249,2.50101461953877,-1.50101461953877,1.6147912958333586,-0.1163079127428421,1.4678127384784063,0.7421035972572181,0,0.2866666666666667
695c39e7ce90b132208520a4,2025,2,3.291129010362453,2.663418273052657,2.1908258395311693,3,Administration,Senior Manager,0.6582258020724906,0.5326836546105315,0.4381651679062338,4.08537877142167,-0.7942497610592172,4.805401358283586,-2.1419830852309283,4.14587389346127,-1.955048053930101,0,0.3933333333333333
695c39e7ce90b132208520a5,2025,2,3.967398589019536,2.4663891265221336,2.5793516836418338,3,Administration,Associate,0.7934797178039071,0.4932778253044267,0.5158703367283668,3.767646087904415,0.1997525011151206,2.6109858679442977,-0.144596741422164,3.4696021102676875,-0.8902504266258537,0,0.16666666666666666
695c39e7ce90b132208520a6,2025,2,4.175668201216504,3.179628833100046,3.239434138852357,3,Administration,Manager,0.8351336402433007,0.6359257666200092,0.6478868277704714,5.0,-0.8243317987834962,4.171310350363281,-0.9916815172632348,3.0356630474279243,0.2037710914244326,0,0.23333333333333334
695c39e7ce90b132208520a9,2025,2,2.42219871520997,2.264940524851085,3.2830014399101355,3,Administration,Executive,0.484439743041994,0.4529881049702171,0.6566002879820271,2.912100342134239,-0.4899016269242686,2.856602698068816,-0.5916621732177303,3.2473255260632463,0.0356759138468891,0,0.22
695c39e7ce90b132208520ab,2025,2,2.6049689938618674,3.268346147329872,3.0096833672694627,3,Human Resources,Senior Executive,0.5209937987723735,0.6536692294659744,0.6019366734538926,4.310377039567813,-1.7054080457059455,4.809278301943939,-1.540932154614067,2.798879174234024,0.2108041930354387,0,0.24
695c39e7ce90b132208520ac,2025,2,2.9011419218026537,2.8958350213450283,3.042864569955272,3,Information Technology,Senior Software Engineer,0.5802283843605307,0.5791670042690057,0.6085729139910544,2.6271234894494144,0.2740184323532393,3.37135932751508,-0.4755243061700516,3.0740863076068727,-0.0312217376516006,0,0.17333333333333334
695c39e7ce90b132208520af,2025,2,3.5186115095331782,3.518705983099447,4.134019885917882,3,Administration,Senior Manager,0.7037223019066356,0.7037411966198894,0.8268039771835763,3.091295444249305,0.4273160652838728,3.051113886988848,0.4675920961105988,3.956238833138228,0.1777810527796539,0,0.12666666666666668
695c39e7ce90b132208520b0,2025,2,3.2904189411064872,1.8149634590494848,2.191123346095078,3,Human Resources,Manager,0.6580837882212974,0.362992691809897,0.4382246692190156,2.362633885862242,0.9277850552442451,3.130995160655095,-1.3160317016056098,3.1293301277829717,-0.9382067816878932,0,0.28
695c39e7ce90b132208520b1,2025,2,4.16859573871846,3.539971057324023,2.3192542758368724,3,Human Resources,Senior Executive,0.8337191477436919,0.7079942114648046,0.4638508551673744,3.3163210110086325,0.852274727709827,2.46803851382508,1.071932543498943,2.3155868580856924,0.0036674177511799,0,0.08333333333333333
695c39e7ce90b132208520b2,2025,2,4.165659117438436,4.619872464415938,4.528168682056456,3,Administration,Associate,0.8331318234876871,0.9239744928831876,0.9056337364112912,3.986087323853762,0.1795717935846736,2.8048536186758883,1.8150188457400491,2.8030680306452758,1.7251006514111804,0,0.07666666666666666
695c39e7ce90b132208520b4,2025,2,2.594772713348928,2.324612929314014,2.063056983606237,3,Administration,General Manager,0.5189545426697857,0.4649225858628028,0.4126113967212473,3.1462257751940594,-0.5514530618451312,2.959593873458572,-0.6349809441445577,3.2813119565499984,-1.2182549729437615,0,0.52
695c39e7ce90b132208520b5,2025,2,3.9333944220153727,3.908676295389311,3.1088859640967,3,Administration,Assistant General Manager,0.7866788844030745,0.7817352590778621,0.6217771928193401,2.8881244882532453,1.0452699337621274,1.4199381599781824,2.488738135411128,3.2286653280512696,-0.1197793639545694,0,0.05
695c39e7ce90b132208520b7,2025,2,2.5089051903350663,1.892242010386524,3.308351106633659,3,Administration,Assistant General Manager,0.5017810380670132,0.3784484020773048,0.6616702213267318,4.560595260095251,-2.051690069760185,2.939452203732786,-1.047210193346262,4.055586385962137,-0.747235279328478,0,0.32
695c39e7ce90b132208520b8,2025,2,3.085812542186299,2.875109964647204,2.772158599017465,3,Administration,General Manager,0.6171625084372598,0.5750219929294408,0.554431719803493,4.23863221816585,-1.1528196759795506,2.340545238764848,0.534564725882356,2.272185119987479,0.4999734790299861,0,0.14666666666666667
695c39e7ce90b132208520b9,2025,2,3.252638718283185,2.759588156362427,1.8305702249908364,3,Human Resources,General Manager,0.650527743656637,0.5519176312724854,0.3661140449981673,4.788433494184638,-1.5357947759014523,3.353022503182863,-0.5934343468204362,3.4943095250341765,-1.66373930004334,0,0.38666666666666666
695c39e7ce90b132208520bb,2025,2,3.710237182829002,2.998029280965228,2.757568687850739,3,Administration,Assistant General Manager,0.7420474365658004,0.5996058561930455,0.5515137375701478,1.568373615327126,2.141863567501876,1.2445687650356525,1.7534605159295753,1.475967408554327,1.281601279296412,0,0.006666666666666667
695c39e7ce90b132208520bd,2025,2,2.9120873130906832,4.723700494498748,2.175601840001668,3,Information Technology,Associate QA Engineer,0.5824174626181366,0.9447400988997496,0.4351203680003336,2.5528617140698096,0.3592255990208737,2.754454347129047,1.969246147369701,2.704757864772456,-0.5291560247707876,0,0.11
695c39e7ce90b132208520bf,2025,2,2.6766212817531057,2.0917626986352262,1.6364210393848433,3,Human Resources,Senior Executive,0.5353242563506211,0.4183525397270452,0.3272842078769686,3.497512855184007,-0.8208915734309015,3.191741132156348,-1.0999784335211211,2.67746911581575,-1.0410480764309074,0,0.49666666666666665
695c39e7ce90b132208520c0,2025,2,3.189472416983668,3.389321922324334,2.2119485949347104,3,Information Technology,Senior QA Engineer,0.6378944833967336,0.6778643844648669,0.442389718986942,2.166368273386323,1.0231041435973447,4.692795254699951,-1.3034733323756171,4.006713949955391,-1.7947653550206808,0,0.22666666666666666
695c39e7ce90b132208520c2,2025,2,2.176026709161285,2.1151654205776094,2.806182080124994,3,Human Resources,Manager,0.435205341832257,0.4230330841155219,0.5612364160249987,4.384758830535834,-2.208732121374549,3.581891987950728,-1.4667265673731182,3.5052900340498034,-0.6991079539248095,0,0.44666666666666666
695c39e7ce90b132208520c3,2025,2,2.110717124514565,3.685152242274453,2.9515173906155776,3,Administration,Assistant General Manager,0.422143424902913,0.7370304484548905,0.5903034781231156,3.804588005050124,-1.6938708805355591,3.5105748118992075,0.1745774303752449,3.113591639419208,-0.1620742488036306,0,0.25
695c39e7ce90b132208520c4,2025,2,2.8956273693523142,3.223623514568768,3.4644214598342344,3,Human Resources,Associate,0.5791254738704629,0.6447247029137536,0.6928842919668469,3.3800674972946694,-0.4844401279423551,3.3414720865480683,-0.1178485719793003,2.395561104886152,1.0688603549480824,0,0.04666666666666667
695c39e7ce90b132208520c5,2025,2,1.920361372880761,1.3799837374381396,1.21964904434205,3,Information Technology,Senior UI/UX Designer,0.3840722745761522,0.2759967474876279,0.24392980886841,1.7772404912329,0.1431208816478608,2.4133102384925813,-1.0333265010544417,1.767415428249457,-0.547766383907407,0,0.17666666666666667
695c39e7ce90b132208520c6,2025,2,3.26352335587484,2.6842195349343,3.5590639931625176,3,Administration,General Manager,0.652704671174968,0.53684390698686,0.7118127986325036,2.832587180737211,0.4309361751376288,3.829695283438906,-1.145475748504606,4.109341291491348,-0.5502772983288304,0,0.16333333333333333
695c39e7ce90b132208520c7,2025,1,1.7817460724820235,3.0877885318290184,2.334311459451223,3,Human Resources,Assistant General Manager,0.3563492144964047,0.6175577063658036,0.4668622918902446,3.324750504282232,-1.5430044318002083,3.591509147498579,-0.5037206156695606,4.553828561324446,-2.219517101873223,0,0.7033333333333334
695c39e7ce90b132208520c8,2025,1,3.656214512558218,2.6837652837417045,3.570980345918312,3,Human Resources,Assistant General Manager,0.7312429025116436,0.536753056748341,0.7141960691836624,2.030215889132548,1.6259986234256698,2.866307941921796,-0.1825426581800915,2.54111798267555,1.0298623632427617,0,0.006666666666666667
695c39e7ce90b132208520c9,2025,1,3.810846350809826,2.270741283122576,4.156863091543566,3,Information Technology,QA Lead,0.7621692701619651,0.4541482566245151,0.8313726183087132,2.437571608718224,1.3732747420916014,1.7105186347671737,0.560222648355402,1.9770685576860496,2.179794533857516,0,0.02666666666666667
695c39e7ce90b132208520ca,2025,1,2.733340768235933,3.760870314283366,2.9143247179439187,3,Information Technology,Architect,0.5466681536471867,0.7521740628566732,0.5828649435887837,2.335770875337821,0.3975698928981117,3.413186379501492,0.3476839347818741,2.776082211804881,0.1382425061390377,0,0.09666666666666666
695c39e7ce90b132208520cb,2025,1,3.233540897569241,3.6342635882596808,3.3687972020103416,3,Information Technology,QA Lead,0.6467081795138483,0.7268527176519362,0.6737594404020684,2.929983300083981,0.3035575974852604,3.502677920454241,0.1315856678054396,3.1355567383623373,0.2332404636480043,0,0.06
695c39e7ce90b132208520cc,2025,1,3.807387140419524,3.437807974653098,3.7345470924730937,3,Human Resources,Assistant General Manager,0.7614774280839047,0.6875615949306196,0.7469094184946188,2.1047345741762715,1.7026525662432523,3.0975793949071853,0.3402285797459128,2.430527691842008,1.3040194006310857,0,0.06333333333333334
695c39e7ce90b132208520cd,2025,1,2.8430500830411782,3.6386283142990976,4.368313161005627,3,Information Technology,Associate Project Manager,0.5686100166082356,0.7277256628598195,0.8736626322011254,2.536122975182989,0.306927107858189,2.4099859031911945,1.228642411107903,2.6580179950197067,1.7102951659859205,0,0.05333333333333334
695c39e7ce90b132208520cf,2025,1,3.501164713995246,2.879680315944688,2.6771207649393283,3,Administration,Senior Executive,0.7002329427990492,0.5759360631889376,0.5354241529878656,3.929351810363764,-0.4281870963685179,4.173466848373407,-1.2937865324287183,3.613112490307032,-0.935991725367704,0,0.2833333333333333
695c39e7ce90b132208520d0,2025,1,3.279609915020746,1.815949679615888,2.802061757196291,3,Information Technology,Associate UI/UX Designer,0.6559219830041492,0.3631899359231775,0.5604123514392583,1.983024881133952,1.296585033886794,3.0773517266438373,-1.2614020470279494,3.5088546339283893,-0.7067928767320981,0,0.20666666666666667
695c39e7ce90b132208520d3,2025,1,4.037889133207643,3.298160399349055,3.736063319541541,3,Administration,Assistant Manager,0.8075778266415286,0.659632079869811,0.7472126639083082,3.103087173726905,0.9348019594807376,3.027379665750748,0.2707807335983072,2.9955362133184518,0.7405271062230896,0,0.08
695c39e7ce90b132208520d4,2025,1,3.432384503563328,3.61157611032129,2.8485425800823374,3,Human Resources,General Manager,0.6864769007126655,0.722315222064258,0.5697085160164674,4.351869645556612,-0.9194851419932836,3.737515098534324,-0.1259389882130337,3.9937248238964234,-1.145182243814085,0,0.26666666666666666
695c39e7ce90b132208520d5,2025,1,2.400731570482801,1.5341562779519062,2.059084134335111,3,Administration,Manager,0.4801463140965601,0.3068312555903812,0.4118168268670222,3.748793906103834,-1.3480623356210333,1.9468617948157547,-0.4127055168638485,2.605980381183741,-0.5468962468486303,0,0.4266666666666667
695c39e7ce90b132208520d6,2025,1,2.554488613810548,3.5223070928992,3.230253379879038,3,Information Technology,Senior UI/UX Designer,0.5108977227621094,0.70446141857984,0.6460506759758076,2.541427128593116,0.0130614852174315,2.925126973257866,0.597180119641334,4.05548414885351,-0.825230768974472,0,0.12666666666666668
695c39e7ce90b132208520d7,2025,1,2.665654099515936,4.106210251012105,2.9379221554142947,3,Administration,General Manager,0.5331308199031872,0.821242050202421,0.587584431082859,2.337788356745324,0.3278657427706122,1.4920151973532447,2.6141950536588605,1.7926832812475857,1.145238874166709,0,0.023333333333333334
695c39e7ce90b132208520d9,2025,1,2.9131259508994924,2.6797625601492543,2.328296584235953,3,Administration,Assistant Manager,0.5826251901798984,0.5359525120298508,0.4656593168471906,2.592346541091522,0.3207794098079706,1.5622989068020026,1.1174636533472515,1.4992991289755933,0.8289974552603596,0,0.08666666666666667
695c39e7ce90b132208520da,2025,1,3.11875128466196,3.217538959596786,2.5765223028416044,3,Human Resources,Assistant General Manager,0.6237502569323919,0.6435077919193571,0.5153044605683209,1.1816953793658462,1.9370559052961136,1.8214878959808989,1.3960510636158872,1.688588590626134,0.8879337122154705,0,0.006666666666666667
695c39e7ce90b132208520dc,2025,1,3.975454024965363,3.0178840566092866,3.6255924473323766,3,Human Resources,Assistant Manager,0.7950908049930726,0.6035768113218574,0.7251184894664753,2.995438627988735,0.9800153969766284,3.299540919672146,-0.2816568630628593,3.8469622418015694,-0.2213697944691928,0,0.08
695c39e7ce90b132208520dd,2025,1,4.601711529243747,4.314693760469058,3.732062071898781,3,Information Technology,Associate QA Engineer,0.9203423058487494,0.8629387520938115,0.7464124143797563,4.0615491564996296,0.5401623727441178,4.438731991181432,-0.1240382307123741,2.608846114147389,1.123215957751392,0,0.09333333333333334
695c39e7ce90b132208520de,2025,1,1.4248393225046967,1.9870012350687876,2.95547362119352,3,Information Technology,UI/UX Designer,0.2849678645009393,0.3974002470137575,0.5910947242387039,1.8641407388417408,-0.4393014163370439,2.328535835566721,-0.3415346004979338,2.2327695976569557,0.7227040235365645,0,0.1
695c39e7ce90b132208520e1,2025,1,4.282433266274363,5.0,3.7348699853423497,3,Information Technology,Administrator,0.8564866532548725,1.0,0.7469739970684699,4.752801001116361,-0.4703677348419983,3.3123503204455798,1.6876496795544207,4.695403494115827,-0.9605335087734774,0,0.14333333333333334
695c39e7ce90b132208520e2,2025,1,2.756603530554404,2.776534582165776,2.423396212903634,3,Administration,Manager,0.5513207061108807,0.5553069164331552,0.4846792425807268,3.061974192692988,-0.3053706621385843,2.1082066696132697,0.6683279125525061,3.0364201258575028,-0.6130239129538686,0,0.08333333333333333
695c39e7ce90b132208520e4,2025,1,2.308343241853525,2.8394867072404164,2.1645278915276416,3,Human Resources,Assistant Manager,0.461668648370705,0.5678973414480832,0.4329055783055283,3.1381947207799543,-0.8298514789264293,3.000205604704803,-0.1607188974643865,2.837027155082157,-0.6724992635545153,0,0.5166666666666667
695c39e7ce90b132208520e5,2025,1,2.9595330551482304,2.918713289048445,2.942520487651404,3,Human Resources,Manager,0.591906611029646,0.5837426578096891,0.5885040975302808,2.827944530318345,0.1315885248298856,3.62735438236771,-0.7086410933192644,3.222010668079264,-0.2794901804278602,0,0.12666666666666668
695c39e7ce90b132208520e6,2025,1,3.121695083064607,2.7752059575921595,3.0910365298301743,3,Administration,Executive,0.6243390166129215,0.5550411915184319,0.6182073059660349,2.73036812217168,0.3913269608929268,2.0442674988763514,0.7309384587158081,2.526789504536965,0.5642470252932092,0,0.05
695c39e7ce90b132208520e7,2025,1,1.3942529790574336,2.6879476954436727,3.053116697832929,3,Administration,Executive,0.2788505958114867,0.5375895390887345,0.6106233395665858,3.6021446944641884,-2.2078917154067548,3.2648016187884985,-0.5768539233448258,3.813035914969654,-0.7599192171367251,0,0.38
695c39e7ce90b132208520e8,2025,1,3.2268996183183885,2.078207691525173,2.838806363611898,3,Administration,General Manager,0.6453799236636777,0.4156415383050347,0.5677612727223795,3.982526213366332,-0.7556265950479433,2.74013952587844,-0.6619318343532661,2.839260974723106,-0.0004546111112082,0,0.21
695c39e7ce90b132208520ea,2025,1,4.201983835094444,3.554866106668519,3.083848825759285,3,Administration,Senior Executive,0.8403967670188888,0.7109732213337038,0.6167697651518571,1.988025501018611,2.2139583340758326,2.095378166017059,1.45948794065146,1.9213892018036751,1.1624596239556104,0,0.016666666666666666
695c39e7ce90b132208520ee,2025,1,3.969681160123221,4.557350433399024,3.719533933057301,3,Human Resources,Manager,0.7939362320246441,0.9114700866798048,0.7439067866114601,3.344091632022047,0.6255895281011741,4.297197928260953,0.2601525051380706,2.463411419093515,1.2561225139637855,0,0.12
695c39e7ce90b132208520ef,2025,1,2.835567404761855,3.56430877484497,2.5872829193202573,3,Human Resources,Senior Manager,0.567113480952371,0.712861754968994,0.5174565838640515,2.491635263758962,0.343932141002893,2.9978238015889964,0.5664849732559736,2.5511132121281124,0.0361697071921449,0,0.14333333333333334
695c39e7ce90b132208520f0,2025,1,2.7749313043942374,4.080490950900221,3.2138488691602016,3,Information Technology,UI/UX Lead,0.5549862608788475,0.8160981901800441,0.6427697738320404,4.344613563268809,-1.5696822588745718,3.953407623130598,0.1270833277696228,3.1387750204601064,0.0750738487000952,0,0.09666666666666666
695c39e7ce90b132208520f1,2025,1,3.7259413643066814,4.380849943102766,3.9279595845103352,3,Human Resources,General Manager,0.7451882728613363,0.8761699886205532,0.7855919169020671,3.051663471711661,0.6742778925950206,2.724339579633621,1.656510363469145,3.416934929548246,0.5110246549620894,0,0.14
695c39e7ce90b132208520f5,2025,1,1.811076001956456,2.622388055425048,2.8811430014005595,3,Information Technology,QA Lead,0.3622152003912912,0.5244776110850096,0.5762286002801119,1.5068407029925206,0.3042352989639354,2.084169704816755,0.5382183506082927,1.501141811690765,1.380001189709794,0,0.02666666666666667
695c39e7ce90b132208520f6,2025,1,3.194632168484425,1.944852899053087,2.1971524768631574,3,Human Resources,Senior Manager,0.6389264336968851,0.3889705798106174,0.4394304953726314,3.4892825124159184,-0.2946503439314929,3.8193239238541,-1.8744710248010128,2.871651110796543,-0.6744986339333856,0,0.29
695c39e7ce90b132208520f7,2025,1,1.952096635892191,1.1132995657405185,1.7198507531537048,3,Administration,Assistant General Manager,0.3904193271784382,0.2226599131481036,0.343970150630741,2.8272722574620825,-0.8751756215698916,2.338980329099684,-1.225680763359165,1.900660578793844,-0.1808098256401393,0,0.67
695c39e7ce90b132208520f8,2025,1,5.0,3.8258243668687,4.904118402195046,3,Human Resources,Assistant Manager,1.0,0.7651648733737401,0.9808236804390092,3.461394485648913,1.538605514351087,3.626330626585896,0.1994937402828047,4.056646443798539,0.8474719583965067,0,0.04666666666666667
695c39e7ce90b132208520f9,2025,1,4.614209330358536,4.043463816581007,2.2215860509226424,3,Information Technology,Senior QA Engineer,0.9228418660717072,0.8086927633162014,0.4443172101845284,2.762177473557521,1.8520318568010148,2.9455497668649624,1.097914049716045,3.192372146822182,-0.9707860958995398,0,0.04666666666666667
695c39e7ce90b132208520fa,2025,1,3.640762266851645,3.6720359297561145,2.978382406885812,3,Administration,Assistant Manager,0.7281524533703289,0.7344071859512229,0.5956764813771623,4.292230248200168,-0.6514679813485236,3.750570966403628,-0.078535036647513,4.407530365469342,-1.4291479585835307,0,0.27666666666666667
695c39e7ce90b132208520fc,2025,1,2.9321985515715423,3.0142788978292065,4.016352586119628,3,Human Resources,Assistant Manager,0.5864397103143084,0.6028557795658414,0.8032705172239256,2.7777438138971693,0.154454737674373,2.962294182206587,0.0519847156226194,3.594805041546263,0.4215475445733649,0,0.10666666666666667
695c39e7ce90b132208520fd,2025,1,2.8896176323875378,4.231764851856197,3.838501055399403,3,Human Resources,Executive,0.5779235264775076,0.8463529703712395,0.7677002110798805,3.217344008780736,-0.3277263763931981,2.82117716230602,1.410587689550178,2.8009585008538567,1.037542554545546,0,0.07666666666666666
695c39e7ce90b132208520fe,2025,1,1.742233285037858,1.400783122771068,1.7009046489634132,3,Administration,Senior Executive,0.3484466570075716,0.2801566245542136,0.3401809297926826,2.53118556973314,-0.7889522846952814,2.0356028790550997,-0.6348197562840314,3.5790014046226126,-1.8780967556591996,0,0.7666666666666667
695c39e7ce90b132208520ff,2025,1,2.662657893038325,2.3011745848284715,3.702320013777575,3,Administration,Senior Manager,0.532531578607665,0.4602349169656943,0.7404640027555149,2.743151711509627,-0.0804938184713019,1.1757312893162428,1.1254432955122289,1.750862059411595,1.95145795436598,0,0.02
695c39e7ce90b13220852100,2025,1,3.14838981260228,4.013396911587485,2.9489857052470176,3,Administration,Executive,0.629677962520456,0.8026793823174969,0.5897971410494035,1.6800969330215816,1.4682928795806984,3.1949269221109,0.818469989476585,1.7485875444155112,1.2003981608315064,0,0.04666666666666667
695c39e7ce90b13220852102,2025,1,2.078876799401701,2.2684261863644,2.7455289897222888,3,Human Resources,Senior Manager,0.4157753598803401,0.45368523727288,0.5491057979444578,4.080604394016016,-2.001727594614315,4.638493107615059,-2.3700669212506584,2.9999928757920107,-0.2544638860697219,0,0.49
695c39e7ce90b13220852103,2025,1,3.0966480592530945,4.9683319635986445,4.484049780524619,3,Administration,General Manager,0.6193296118506189,0.9936663927197288,0.8968099561049238,2.673076590786254,0.4235714684668403,2.320702032085154,2.6476299315134906,3.104018855608873,1.3800309249157454,0,0.11
695c39e7ce90b13220852104,2025,1,2.765085406023912,2.395889007991027,2.994754091648888,3,Information Technology,Associate QA Engineer,0.5530170812047823,0.4791778015982054,0.5989508183297776,2.3460419979381504,0.4190434080857614,2.360569171197497,0.0353198367935294,3.2522269540493727,-0.2574728624004847,0,0.10333333333333333
695c39e7ce90b13220852105,2025,1,3.862522540346719,2.776882433134221,4.220130931723904,3,Human Resources,Associate,0.7725045080693438,0.5553764866268441,0.8440261863447809,2.7870487918303493,1.07547374851637,1.563378078440801,1.2135043546934197,1.166373997116642,3.0537569346072626,0,0.03666666666666667
695c39e7ce90b13220852106,2025,1,2.86126185554059,2.6334136796976804,2.7985363876894245,3,Human Resources,Assistant Manager,0.572252371108118,0.5266827359395361,0.5597072775378849,4.074878257223809,-1.2136164016832192,3.64796159978608,-1.0145479200883996,3.7276464206317095,-0.929110032942285,0,0.3466666666666667
695c39e7ce90b13220852108,2025,1,3.0500407875340008,1.1178447543783492,1.4332317237797974,3,Information Technology,Associate QA Engineer,0.6100081575068002,0.2235689508756698,0.2866463447559594,2.030477419563207,1.0195633679707936,1.9109326932891453,-0.7930879389107963,2.1231915303003066,-0.6899598065205093,0,0.20666666666666667
695c39e7ce90b13220852109,2025,1,2.047318908054051,2.679943073311565,2.604859185722394,3,Administration,Manager,0.4094637816108101,0.5359886146623131,0.5209718371444788,3.388259661697119,-1.3409407536430682,2.649687872249745,0.0302552010618204,3.090535246749753,-0.4856760610273589,0,0.42333333333333334
695c39e7ce90b1322085210a,2025,1,4.04281442835295,4.101056440988962,4.277164816871604,3,Administration,Assistant Manager,0.8085628856705901,0.8202112881977923,0.8554329633743208,3.427831316909925,0.6149831114430255,2.661885421285566,1.4391710197033958,2.794671052517959,1.482493764353645,0,0.02
695c39e7ce90b1322085210b,2025,1,3.9103049870106954,4.030599663552479,2.4781685003567118,3,Human Resources,Executive,0.7820609974021389,0.8061199327104959,0.4956337000713423,3.2056715495504085,0.7046334374602861,2.6182528799270948,1.4123467836253845,3.810862220140253,-1.332693719783542,0,0.056666666666666664
695c39e7ce90b1322085210c,2025,1,3.186013612020597,3.948157623731472,2.736236360008994,3,Administration,Team Lead,0.6372027224041193,0.7896315247462943,0.5472472720017988,1.7234195607400389,1.462594051280558,2.075319428135071,1.8728381955964009,1.754139344584473,0.982097015424521,0,0.02
695c39e7ce90b1322085210d,2025,1,3.3704004771149934,2.165169382192801,4.36727247551735,3,Information Technology,Associate UI/UX Designer,0.6740800954229986,0.4330338764385603,0.87345449510347,2.6500577778260346,0.7203426992889588,3.283346596714719,-1.118177214521917,3.7436811537133696,0.6235913218039801,0,0.13333333333333333
695c39e7ce90b1322085210e,2025,1,3.394720407139624,2.890195199811958,3.2280441885851903,3,Human Resources,Manager,0.6789440814279248,0.5780390399623916,0.645608837717038,2.9394651238239637,0.4552552833156609,2.7591898591518573,0.1310053406601006,3.1413269032998765,0.0867172852853137,0,0.07333333333333333
695c39e7ce90b13220852110,2025,1,2.7050635927324294,3.354513313054948,2.9994935560981326,3,Information Technology,Associate UI/UX Designer,0.5410127185464859,0.6709026626109895,0.5998987112196266,4.222535620700033,-1.517472027967604,2.9901763496123683,0.3643369634425792,2.9606159969230994,0.0388775591750332,0,0.05333333333333334
695c39e7ce90b13220852113,2025,1,1.6717346059486,1.0091963582392234,1.2875767409538244,3,Administration,Senior Executive,0.33434692118972,0.2018392716478446,0.2575153481907649,3.668189140539072,-1.9964545345904725,4.2315089163883375,-3.222312558149114,3.436487620729604,-2.148910879775779,0,0.9066666666666666
695c39e7ce90b13220852114,2025,1,2.071650795186652,2.446050988399203,1.8075352692023243,3,Human Resources,Senior Manager,0.4143301590373303,0.4892101976798406,0.3615070538404649,3.0217951933125384,-0.9501443981258868,4.33515571987006,-1.889104731470857,3.0963151810184177,-1.2887799118160932,0,0.7433333333333333
695c39e7ce90b13220852115,2025,1,2.4291127117455407,3.039565324904737,1.584801624021933,3,Information Technology,Senior UI/UX Designer,0.4858225423491081,0.6079130649809474,0.3169603248043866,3.383895219942259,-0.9547825081967184,1.0,2.039565324904737,2.274589570504082,-0.689787946482149,0,0.16
695c39e7ce90b13220852116,2025,1,2.5554537257850174,3.1920001743216595,2.743499058554962,3,Human Resources,Executive,0.5110907451570035,0.6384000348643319,0.5486998117109925,4.169339080430409,-1.6138853546453915,3.6841197943168873,-0.4921196199952278,3.5285172219767964,-0.7850181634218343,0,0.22
695c39e7ce90b13220852117,2025,1,1.0,2.216992370089834,2.1880462151906683,3,Information Technology,Associate Project Manager,0.2,0.4433984740179669,0.4376092430381336,3.4505195375503828,-2.4505195375503828,2.7072392138506927,-0.490246843760858,3.054074869369194,-0.8660286541785256,0,0.74
695c39e7ce90b13220852118,2025,1,1.3974909286613433,2.2245814062341527,2.340989009129446,3,Administration,General Manager,0.2794981857322686,0.4449162812468305,0.4681978018258892,2.8364911354369,-1.4390002067755563,2.5528904429027284,-0.3283090366685757,3.5349712844585106,-1.1939822753290643,0,0.63
695c39e7ce90b13220852119,2025,1,2.8872602183507325,3.023136196511408,3.293029875663146,3,Administration,Assistant General Manager,0.5774520436701465,0.6046272393022816,0.6586059751326293,2.086326497959192,0.8009337203915408,2.575541821325484,0.4475943751859241,3.3480304379228807,-0.055000562259734,0,0.13666666666666666
695c39e7ce90b1322085211a,2025,1,2.688670180580572,3.132074018544554,3.155096799119256,3,Information Technology,Associate Project Manager,0.5377340361161144,0.6264148037089108,0.6310193598238512,1.271270378988703,1.417399801591869,1.334686504603312,1.797387513941242,1.3214756466071724,1.8336211525120831,0,0.02
695c39e7ce90b1322085211b,2025,1,4.208784733161751,3.4336943045835944,2.514049222416628,3,Administration,Team Lead,0.8417569466323502,0.6867388609167189,0.5028098444833256,1.7126716307539556,2.496113102407796,2.702756402068717,0.7309379025148774,2.6866766697449918,-0.1726274473283635,0,0.02
695c39e7ce90b1322085211c,2025,1,2.3324445992150338,1.563298471035333,1.33025414552277,3,Administration,Assistant General Manager,0.4664889198430068,0.3126596942070666,0.2660508291045539,4.09000973880328,-1.7575651395882463,3.633129160025353,-2.06983068899002,3.2067493561237064,-1.8764952106009365,0,0.9233333333333333
695c39e7ce90b1322085211e,2025,1,2.682402064502338,3.675922265080823,3.410071193391317,3,Human Resources,Team Lead,0.5364804129004676,0.7351844530161646,0.6820142386782635,3.6448399047820192,-0.9624378402796814,4.630794141930175,-0.954871876849352,4.30181041059798,-0.8917392172066627,0,0.30666666666666664
695c39e7ce90b1322085211f,2025,1,2.626608815377165,3.003464227848168,2.839050416610978,3,Information Technology,Associate Project Manager,0.525321763075433,0.6006928455696336,0.5678100833221956,3.5082850293684644,-0.8816762139912995,4.902769569559403,-1.8993053417112356,3.217097318777587,-0.3780469021666088,0,0.25666666666666665
695c39e7ce90b13220852120,2025,1,4.594750306925807,2.5714426743990355,3.698807663212155,3,Information Technology,Project Manager,0.9189500613851612,0.5142885348798071,0.7397615326424309,3.556889757197624,1.0378605497281832,4.376380246784578,-1.8049375723855423,4.14320343307093,-0.444395769858775,0,0.09666666666666666
695c39e7ce90b13220852121,2025,1,4.196818069871409,3.8222013103295898,4.392130661246944,3,Information Technology,Associate UI/UX Designer,0.8393636139742817,0.764440262065918,0.8784261322493888,2.755004349875639,1.4418137199957697,3.5124481868730606,0.3097531234565291,3.2409654998178805,1.1511651614290637,0,0.02
695c39e7ce90b13220852122,2025,1,3.989971580018381,3.6378578159856936,4.2852585815107975,3,Human Resources,Associate,0.7979943160036762,0.7275715631971387,0.8570517163021595,4.047863195585113,-0.0578916155667319,3.5154403602372515,0.1224174557484421,3.663272373787792,0.6219862077230061,0,0.07
695c39e7ce90b13220852123,2025,1,3.58743173270246,2.225169414677497,1.7166762455409512,3,Administration,Senior Manager,0.7174863465404919,0.4450338829354994,0.3433352491081902,2.421688724401668,1.165743008300792,1.3977968699352137,0.8273725447422833,2.719721753444164,-1.003045507903213,0,0.09666666666666666
695c39e7ce90b13220852124,2025,1,3.6255932244971274,4.488422214069312,4.416378038541017,3,Human Resources,Senior Manager,0.7251186448994253,0.8976844428138623,0.8832756077082035,3.338160306212135,0.2874329182849915,1.769243499510759,2.719178714558552,3.2033261058099707,1.2130519327310467,0,0.03666666666666667
695c39e7ce90b13220852125,2025,1,3.057907189327706,4.479514831667628,1.666959170699282,3,Information Technology,Tech Lead,0.6115814378655412,0.8959029663335256,0.3333918341398564,2.835969814718328,0.2219373746093782,2.954683486190837,1.5248313454767906,2.9730559934422773,-1.3060968227429952,0,0.19333333333333333
695c39e7ce90b13220852126,2025,1,1.3306375221407478,1.672259304380569,2.104456786201312,3,Administration,General Manager,0.2661275044281496,0.3344518608761138,0.4208913572402624,2.968708922149676,-1.6380714000089285,3.372470088919324,-1.7002107845387548,4.412604463587984,-2.308147677386672,0,0.86
695c39e7ce90b13220852127,2025,1,3.684868824555045,3.3362199594448025,3.374310731588466,3,Information Technology,Administrator,0.7369737649110091,0.6672439918889606,0.6748621463176933,3.779728355308319,-0.0948595307532738,2.472235183953424,0.8639847754913785,2.693377490188018,0.6809332414004481,0,0.08
695c39e7ce90b13220852128,2025,1,2.591227384707945,2.2224374736827475,2.886305650921721,3,Administration,Assistant Manager,0.5182454769415891,0.4444874947365494,0.5772611301843442,2.812824940037121,-0.2215975553291755,2.6513703733531946,-0.4289328996704471,3.4759241459592056,-0.5896184950374845,0,0.25333333333333335
695c39e7ce90b13220852129,2025,1,2.613936464490093,3.0844646714200863,3.5277037262899675,3,Human Resources,Assistant Manager,0.5227872928980186,0.6168929342840173,0.7055407452579935,2.1225919406446447,0.4913445238454481,1.8679379479041305,1.216526723515956,1.0,2.5277037262899675,0,0.013333333333333334
695c39e7ce90b1322085212a,2025,1,4.111506949346122,3.930867766561852,3.836440853771329,3,Administration,Assistant General Manager,0.8223013898692244,0.7861735533123705,0.7672881707542658,4.146688943902316,-0.0351819945561935,2.368572913335836,1.562294853226016,3.9021134098804864,-0.0656725561091575,0,0.14
695c39e7ce90b1322085212b,2025,1,2.0953209789927816,4.353889009686049,3.84278126360226,3,Human Resources,Executive,0.4190641957985563,0.8707778019372098,0.7685562527204519,3.702655757101482,-1.6073347781087004,2.5264584332856166,1.8274305764004324,4.2905758207454365,-0.4477945571431769,0,0.23333333333333334
695c39e7ce90b1322085212c,2025,1,2.0601817422584827,2.172637543946601,1.7677362174454787,3,Administration,General Manager,0.4120363484516965,0.4345275087893203,0.3535472434890957,1.1170707428518418,0.9431109994066408,1.3441491763481337,0.8284883675984678,1.8688342964828808,-0.1010980790374018,0,0.043333333333333335
695c39e7ce90b1322085212d,2025,1,3.1772589717174915,3.6366341444450327,3.1972534992797925,3,Information Technology,UI/UX Lead,0.6354517943434983,0.7273268288890066,0.6394506998559585,3.0116390155619936,0.1656199561554978,2.3706251042822144,1.2660090401628183,1.7246441343367898,1.4726093649430028,0,0.06333333333333334
695c39e7ce90b1322085212f,2025,1,5.0,4.787414768729528,4.856010047577399,3,Administration,Senior Executive,1.0,0.9574829537459056,0.97120200951548,4.019781333693379,0.9802186663066212,3.730800850298004,1.0566139184315235,3.952926520347389,0.9030835272300108,0,0.04666666666666667
695c39e7ce90b13220852131,2025,1,2.354434872471968,3.077384313998176,3.402445181809977,3,Administration,Assistant Manager,0.4708869744943936,0.6154768627996352,0.6804890363619955,2.270746182301283,0.083688690170685,3.1519231486329344,-0.0745388346347581,2.2402697767605804,1.162175405049397,0,0.05333333333333334
695c39e7ce90b13220852132,2025,1,3.2016137575966077,3.402892424121428,2.3942674487450955,3,Administration,Associate,0.6403227515193215,0.6805784848242856,0.4788534897490191,2.786790290201421,0.4148234673951858,3.4130303492020184,-0.0101379250805901,2.478392830383985,-0.0841253816388896,0,0.16333333333333333
695c39e7ce90b13220852133,2025,1,2.481891434841951,2.282553409125251,3.2715402250969383,3,Information Technology,Senior Software Engineer,0.4963782869683902,0.4565106818250502,0.6543080450193877,2.7765933335646538,-0.2947018987227028,3.3345358852802747,-1.0519824761550236,2.5368644630125003,0.734675762084438,0,0.17666666666666667
695c39e7ce90b13220852134,2025,1,1.903924639203252,1.8547206825676423,2.2894848997952595,3,Human Resources,Associate,0.3807849278406504,0.3709441365135285,0.4578969799590519,2.4892862519469245,-0.5853616127436725,3.4484216830899124,-1.5937010005222698,2.692403234342681,-0.4029183345474214,0,0.6933333333333334
695c39e7ce90b13220852135,2025,1,2.4856491901680444,2.060754232484349,2.6363701560440127,3,Administration,Associate,0.4971298380336089,0.4121508464968698,0.5272740312088026,3.75692267108173,-1.2712734809136856,4.669923854931088,-2.6091696224467387,2.9074949889872466,-0.2711248329432338,0,0.63
695c39e7ce90b13220852136,2025,1,2.6931672035502308,4.338592613455798,3.035536983763868,3,Information Technology,Administrator,0.5386334407100462,0.8677185226911597,0.6071073967527736,2.8561061078663768,-0.162938904316146,3.70897241623002,0.6296201972257784,2.416766290374504,0.6187706933893637,0,0.03
695c39e7ce90b13220852137,2025,1,3.3657623272389485,3.2202627594265003,3.121380030098984,3,Administration,Senior Executive,0.6731524654477897,0.6440525518853001,0.6242760060197968,3.221589001164477,0.1441733260744713,3.59551961939312,-0.3752568599666195,3.21103269250122,-0.0896526624022353,0,0.11666666666666667
695c39e7ce90b13220852138,2025,1,4.007082319904883,4.895634526015012,4.64564372231498,3,Information Technology,Associate Project Manager,0.8014164639809765,0.9791269052030024,0.929128744462996,3.9020901298775432,0.1049921900273394,3.751162911721965,1.144471614293047,4.3331130445000525,0.3125306778149275,0,0.06666666666666667
695c39e7ce90b13220852139,2025,1,4.123661010195201,4.013409568140415,3.998176778781499,3,Administration,Assistant General Manager,0.8247322020390403,0.8026819136280829,0.7996353557562997,2.7053824721268587,1.4182785380683427,3.262728805643903,0.7506807624965117,3.2169309773830417,0.7812458013984571,0,0.05
695c39e7ce90b1322085213a,2025,1,3.283231147360677,3.960691767930372,3.366803869175494,3,Human Resources,Assistant General Manager,0.6566462294721354,0.7921383535860743,0.6733607738350987,4.295811986647784,-1.0125808392871076,2.192260782246969,1.768430985683402,3.106311104445629,0.2604927647298649,0,0.08666666666666667
695c39e7ce90b1322085213b,2025,1,3.5940684888476087,3.260781853742788,3.3476757068044325,3,Administration,Manager,0.7188136977695218,0.6521563707485576,0.6695351413608865,2.8248041742807923,0.7692643145668163,2.68068527713041,0.580096576612378,2.5357783687928417,0.8118973380115908,0,0.12333333333333334
695c39e7ce90b1322085213c,2025,1,3.051225738854216,4.083886449746968,4.4553664255562175,3,Human Resources,Senior Manager,0.6102451477708433,0.8167772899493937,0.8910732851112435,3.677153925388464,-0.6259281865342481,3.624088961278739,0.4597974884682294,4.41771745982282,0.037648965733398,0,0.06666666666666667
695c39e7ce90b1322085213f,2025,1,1.9671638001464464,2.1854354326185272,1.489318863541328,3,Human Resources,Associate,0.3934327600292893,0.4370870865237054,0.2978637727082656,1.2255001730325132,0.7416636271139332,1.5298167259149718,0.6556187067035555,1.9484869465932595,-0.4591680830519313,0,0.06
695c39e7ce90b13220852141,2025,1,2.4211855417959964,2.2728162558051666,2.126976214617436,3,Information Technology,Tech Lead,0.4842371083591993,0.4545632511610333,0.425395242923487,2.3544984901956587,0.0666870516003377,3.32153548003761,-1.0487192242324437,4.140582517457038,-2.013606302839603,0,0.5233333333333333
695c39e7ce90b13220852142,2025,1,3.081432481562235,4.2232311371046665,3.240838378710855,3,Human Resources,General Manager,0.616286496312447,0.8446462274209333,0.6481676757421709,4.320102731062342,-1.2386702495001067,3.0834274997378963,1.1398036373667702,2.2867907480674265,0.9540476306434282,0,0.14333333333333334
695c39e7ce90b13220852145,2025,1,1.8437263392755583,1.1217574743383516,1.786462841362527,3,Administration,Associate,0.3687452678551117,0.2243514948676703,0.3572925682725054,1.7070040057321254,0.1367223335434331,3.0373902926769727,-1.915632818338621,1.4439797986486234,0.3424830427139036,0,0.2733333333333333
695c39e7ce90b13220852146,2025,1,1.918452785458804,1.943475619547423,1.9862936496750596,3,Information Technology,Associate Software Engineer,0.3836905570917607,0.3886951239094846,0.3972587299350119,1.660220070056099,0.2582327154027046,2.102600029119486,-0.1591244095720632,1.428253978875231,0.5580396707998281,0,0.056666666666666664
695c39e7ce90b13220852147,2025,1,1.223482591982766,1.9517426155931723,1.393714758120933,3,Information Technology,Associate Project Manager,0.2446965183965532,0.3903485231186344,0.2787429516241866,3.011190715006584,-1.7877081230238177,2.886698295843656,-0.934955680250484,1.357420783501751,0.0362939746191817,0,0.6
695c39e7ce90b13220852148,2025,1,2.799193761667542,3.620207012861938,3.3732698397723886,3,Information Technology,UI/UX Designer,0.5598387523335084,0.7240414025723876,0.6746539679544777,2.9571782441232357,-0.157984482455693,3.48018936929714,0.1400176435647981,3.545871271287368,-0.1726014315149791,0,0.15
695c39e7ce90b13220852149,2025,1,1.939033836436711,2.665813876748519,2.1453394048272822,3,Information Technology,Software Engineer,0.3878067672873422,0.5331627753497038,0.4290678809654564,2.085755857262375,-0.1467220208256641,2.269534080174314,0.3962797965742051,1.7759940151139113,0.3693453897133709,0,0.11
695c39e7ce90b1322085214a,2025,1,2.7046250183877785,2.046388784943648,2.6867634918371595,3,Administration,Associate,0.5409250036775557,0.4092777569887295,0.5373526983674319,4.269794832083536,-1.565169813695757,3.3497467772947376,-1.3033579923510898,3.969674293990949,-1.2829108021537898,0,0.5366666666666666
695c39e7ce90b1322085214b,2025,1,3.479267759167456,2.6546624732119337,3.5401778431096504,3,Administration,Manager,0.6958535518334912,0.5309324946423868,0.7080355686219301,2.6563846617863414,0.8228830973811143,1.877911904903767,0.7767505683081668,2.4655443416088483,1.0746335015008022,0,0.06
695c39e7ce90b1322085214c,2025,1,1.8591840271062,2.419472024934016,1.9416397320113057,3,Administration,Team Lead,0.37183680542124,0.4838944049868032,0.3883279464022611,2.1190765772901607,-0.2598925501839608,1.915828647441845,0.5036433774921709,2.597325259487708,-0.6556855274764022,0,0.17333333333333334
695c39e7ce90b1322085214d,2025,1,2.794697261387839,2.9368410790336785,3.929011408772508,3,Human Resources,General Manager,0.5589394522775678,0.5873682158067357,0.7858022817545016,3.030266776999712,-0.2355695156118722,3.630571691632714,-0.6937306125990355,3.515047975449152,0.4139634333233557,0,0.09
695c39e7ce90b1322085214e,2025,1,2.79426833966086,3.5496194729250177,3.0737949666651474,3,Human Resources,Associate,0.5588536679321721,0.7099238945850035,0.6147589933330295,2.653735838984938,0.1405325006759219,1.2633969996883223,2.286222473236695,3.8925046656249664,-0.818709698959819,0,0.06
695c39e7ce90b1322085214f,2025,1,4.240676324121253,4.014908044002652,2.84700053499812,3,Administration,Executive,0.8481352648242506,0.8029816088005305,0.569400106999624,4.417574723979214,-0.1768983998579605,2.848214091904835,1.1666939520978177,2.9819847103792387,-0.1349841753811187,0,0.07333333333333333
695c39e7ce90b13220852150,2025,1,3.4040971750337654,2.391194248976716,1.8368651925353912,3,Human Resources,Assistant General Manager,0.6808194350067531,0.4782388497953431,0.3673730385070782,1.442972907863897,1.9611242671698683,1.172419341898759,1.2187749070779568,1.850005852710114,-0.0131406601747228,0,0.043333333333333335
695c39e7ce90b13220852152,2025,1,4.091712100311264,3.2411247629421966,3.923951891717138,3,Administration,Associate,0.8183424200622527,0.6482249525884394,0.7847903783434276,3.778226058244522,0.3134860420667413,4.502325545339532,-1.261200782397335,2.2779303717790693,1.6460215199380688,0,0.11666666666666667
695c39e7ce90b13220852153,2025,1,3.1721705527518544,2.6572772617861005,2.5688627271310174,3,Information Technology,QA Lead,0.6344341105503709,0.5314554523572201,0.5137725454262034,3.830525150109662,-0.6583545973578078,2.506201492242682,0.1510757695434184,3.058647313140616,-0.4897845860095988,0,0.25666666666666665
695c39e7ce90b13220852154,2025,1,2.913977946689952,2.718776310331772,1.7488063142630623,3,Human Resources,Assistant Manager,0.5827955893379905,0.5437552620663544,0.3497612628526125,1.7935029020647495,1.1204750446252023,2.853678968356447,-0.134902658024675,4.311406747808062,-2.562600433545,0,0.4066666666666667
695c39e7ce90b13220852155,2025,1,2.281954769473776,1.6624846421850474,1.7092948249851836,3,Human Resources,Senior Manager,0.4563909538947551,0.3324969284370095,0.3418589649970367,2.5443028697103247,-0.2623481002365491,3.1861201859014154,-1.523635543716368,1.954277266140707,-0.2449824411555234,0,0.6266666666666667
695c39e7ce90b13220852156,2025,1,2.699052356414492,2.8596763508178142,3.407088887706153,3,Administration,General Manager,0.5398104712828984,0.5719352701635628,0.6814177775412306,2.1155076297562214,0.5835447266582703,1.1692150462915891,1.6904613045262251,2.0609692552903307,1.3461196324158222,0,0.03
695c39e7ce90b13220852157,2025,1,4.714199050842421,4.520285791006717,4.15423568901002,3,Information Technology,Associate QA Engineer,0.9428398101684842,0.9040571582013436,0.8308471378020039,2.216271513153943,2.497927537688477,1.2248680223403774,3.29541776866634,1.3797410706296698,2.77449461838035,0,0.0033333333333333335
695c39e7ce90b13220852158,2025,1,4.139829398100591,3.6934837737904425,2.716236933222597,3,Human Resources,Assistant General Manager,0.8279658796201183,0.7386967547580885,0.5432473866445193,3.2374575141569384,0.902371883943653,4.592172342355795,-0.8986885685653525,4.471368042203698,-1.7551311089811017,0,0.11333333333333333
695c39e7ce90b1322085215a,2025,1,2.6450585095286163,4.1315252496872645,2.443208919549756,3,Information Technology,Associate Software Engineer,0.5290117019057232,0.8263050499374529,0.4886417839099511,4.182230181090494,-1.537171671561878,4.636542386247148,-0.5050171365598839,4.264185748422324,-1.820976828872568,0,0.35333333333333333
695c39e7ce90b1322085215b,2025,1,1.2942915068048704,1.9245995910937164,2.770529851077584,3,Human Resources,Assistant Manager,0.2588583013609741,0.3849199182187433,0.5541059702155169,3.578573971793721,-2.284282464988851,1.9973777643505517,-0.0727781732568348,2.175952592216456,0.5945772588611282,0,0.2966666666666667
695c39e7ce90b1322085215c,2025,1,2.9226184244732525,2.6627468476699288,1.8421865294922568,3,Information Technology,Senior Software Engineer,0.5845236848946505,0.5325493695339858,0.3684373058984513,3.120199441220185,-0.1975810167469327,3.3977742158155726,-0.7350273681456438,3.673888678293501,-1.8317021488012448,0,0.5233333333333333
695c39e7ce90b1322085215d,2025,1,3.624142889967232,3.677078812269404,4.454137098417041,3,Information Technology,UI/UX Lead,0.7248285779934462,0.7354157624538809,0.8908274196834082,2.331206698811502,1.2929361911557296,3.168495986659295,0.5085828256101088,3.2932723322610875,1.1608647661559537,0,0.09666666666666666
695c39e7ce90b1322085215e,2025,1,3.079389862105374,2.59201252441132,2.971905586543254,3,Administration,Manager,0.6158779724210748,0.5184025048822639,0.5943811173086508,2.722525311977532,0.3568645501278422,1.6604785975803482,0.9315339268309716,1.4533495448790692,1.5185560416641848,0,0.043333333333333335
695c39e7ce90b1322085215f,2025,1,2.797381138448082,1.6906513006549884,2.085136761852513,3,Administration,Assistant General Manager,0.5594762276896164,0.3381302601309977,0.4170273523705026,3.4193535175528957,-0.6219723791048133,2.148051823549692,-0.4574005228947033,2.2098470144957787,-0.1247102526432657,0,0.2733333333333333
695c39e7ce90b13220852160,2025,1,3.025161988640149,1.5865627792692276,1.811973921605369,3,Information Technology,QA Engineer,0.6050323977280299,0.3173125558538455,0.3623947843210738,2.298413448977749,0.7267485396624003,3.212729117286981,-1.6261663380177531,3.64319186236195,-1.8312179407565807,0,0.39666666666666667
695c39e7ce90b13220852161,2025,1,4.201575711410444,3.31530029655292,3.322186802203788,3,Human Resources,Executive,0.8403151422820889,0.663060059310584,0.6644373604407575,3.752834650450016,0.4487410609604287,3.043777490784013,0.2715228057689067,3.1297478095261737,0.192438992677614,0,0.11333333333333333
695c39e7ce90b13220852162,2025,1,2.856969135534743,2.934576951873831,3.273097339102443,3,Information Technology,Architect,0.5713938271069485,0.5869153903747663,0.6546194678204886,2.574314537786293,0.2826545977484498,3.2688352034572703,-0.3342582515834391,3.0105895592737526,0.2625077798286903,0,0.07666666666666666
695c39e7ce90b13220852163,2025,1,4.126957297366115,3.5051553766938683,3.668837289565389,3,Human Resources,General Manager,0.825391459473223,0.7010310753387736,0.7337674579130777,1.5749463283467242,2.5520109690193906,1.1719320607892638,2.3332233159046045,1.4614175103585376,2.2074197792068517,0,0.016666666666666666
695c39e7ce90b13220852164,2025,1,3.2830499058964944,3.805020028218197,2.0964859872116515,3,Information Technology,UI/UX Designer,0.6566099811792989,0.7610040056436395,0.4192971974423303,4.535639567320914,-1.2525896614244192,4.193757777109404,-0.3887377488912067,5.0,-2.9035140127883485,0,0.4166666666666667
695c39e7ce90b13220852165,2025,1,4.110344480479587,4.631723225543057,4.028451848206228,3,Information Technology,Associate QA Engineer,0.8220688960959175,0.9263446451086116,0.8056903696412456,3.398350921094987,0.7119935593846001,3.503184085411389,1.128539140131668,3.3002828213063027,0.7281690268999257,0,0.02666666666666667
695c39e7ce90b13220852166,2025,1,1.2874556172592608,1.257523483435384,1.4441682469366324,3,Information Technology,Architect,0.2574911234518521,0.2515046966870768,0.2888336493873265,3.3206877474097283,-2.033232130150467,3.231317872018692,-1.973794388583308,2.651291354126581,-1.2071231071899482,0,0.8166666666666667
695c39e7ce90b13220852168,2025,1,4.851732261692845,3.9306217002936057,3.134124223248013,3,Administration,Associate,0.9703464523385692,0.7861243400587211,0.6268248446496025,2.650955994988363,2.2007762667044823,4.248400003317067,-0.3177783030234611,3.954756595688147,-0.8206323724401341,0,0.07
695c39e7ce90b1322085216d,2025,0,4.372121991525078,3.4113020899486783,3.919006833755411,3,Human Resources,General Manager,0.8744243983050156,0.6822604179897357,0.7838013667510821,,,,,,,0,0.28
695c39e7ce90b1322085216e,2025,0,1.827958283966693,1.9554087078673772,1.5393834715136596,3,Information Technology,Senior UI/UX Designer,0.3655916567933386,0.3910817415734754,0.3078766943027319,,,,,,,0,0.9166666666666666
695c39e7ce90b1322085216f,2025,0,3.3385113368425783,2.533246146705637,2.860463270231985,3,Information Technology,QA Engineer,0.6677022673685157,0.5066492293411274,0.5720926540463971,,,,,,,0,0.25666666666666665
695c39e7ce90b13220852170,2025,0,1.4925327438154536,3.3150766239731024,2.799446868736544,3,Administration,General Manager,0.2985065487630907,0.6630153247946204,0.5598893737473087,,,,,,,0,0.12666666666666668
695c39e7ce90b13220852171,2025,0,2.7366503846133856,4.032430103743545,2.487425122185776,3,Administration,General Manager,0.5473300769226771,0.806486020748709,0.4974850244371551,,,,,,,0,0.043333333333333335
695c39e7ce90b13220852172,2025,0,2.3903562066863984,2.200876366577344,3.1706815082529816,3,Administration,Senior Manager,0.4780712413372797,0.4401752733154687,0.6341363016505963,,,,,,,0,0.12
695c39e7ce90b13220852173,2025,0,3.2088473419242534,2.8702524873580173,2.440714870567424,3,Administration,Team Lead,0.6417694683848507,0.5740504974716034,0.4881429741134848,,,,,,,0,0.05333333333333334
695c39e7ce90b13220852174,2025,0,2.689540317381224,3.68295520999433,3.638646430510728,3,Administration,Executive,0.5379080634762448,0.736591041998866,0.7277292861021455,,,,,,,0,0.03333333333333333
695c39e7ce90b13220852175,2025,0,2.432840346989907,1.7626214342556563,1.2752513413045468,3,Administration,General Manager,0.4865680693979814,0.3525242868511313,0.2550502682609094,,,,,,,0,0.7133333333333334
695c39e7ce90b13220852176,2025,0,3.65824238738486,4.620183003235729,3.719245335861599,3,Human Resources,Team Lead,0.7316484774769719,0.9240366006471458,0.7438490671723198,,,,,,,0,0.01
695c39e7ce90b13220852177,2025,0,3.1079425690376974,2.093304761978749,2.3854796887797023,3,Human Resources,Manager,0.6215885138075394,0.4186609523957497,0.4770959377559404,,,,,,,0,0.23666666666666666
695c39e7ce90b13220852178,2025,0,2.355042637324132,2.7989263487404865,1.577610565751509,3,Administration,Assistant Manager,0.4710085274648264,0.5597852697480973,0.3155221131503017,,,,,,,0,0.5466666666666666
695c39e7ce90b13220852179,2025,0,3.778275901001244,3.775483489486983,3.929539314322948,3,Human Resources,Assistant Manager,0.7556551802002488,0.7550966978973965,0.7859078628645897,,,,,,,0,0.1
695c39e7ce90b1322085217a,2025,0,1.7508417286228255,2.839626019473635,3.197399650198469,3,Administration,Assistant General Manager,0.3501683457245651,0.567925203894727,0.6394799300396938,,,,,,,0,0.1
695c39e7ce90b1322085217b,2025,0,3.313074658882452,3.63208985415593,2.6055632553019503,3,Human Resources,Manager,0.6626149317764904,0.726417970831186,0.5211126510603901,,,,,,,0,0.10333333333333333
695c39e7ce90b1322085217c,2025,0,2.7709010222667327,2.5774692474170893,2.72307718230904,3,Human Resources,Team Lead,0.5541802044533466,0.5154938494834178,0.544615436461808,,,,,,,0,0.02
695c39e7ce90b1322085217d,2025,0,4.063205320990061,2.768835668592842,2.5322060455891138,3,Information Technology,Associate QA Engineer,0.8126410641980122,0.5537671337185684,0.5064412091178228,,,,,,,0,0.02
695c39e7ce90b1322085217e,2025,0,3.5170957456101783,3.7012400966369463,4.491721608203721,3,Administration,Senior Manager,0.7034191491220356,0.7402480193273894,0.8983443216407443,,,,,,,0,0.006666666666666667
695c39e7ce90b1322085217f,2025,0,1.5969656798002547,2.7502599295292125,1.8322655764264544,3,Human Resources,Manager,0.3193931359600509,0.5500519859058425,0.3664531152852908,,,,,,,0,0.5366666666666666
695c39e7ce90b13220852180,2025,0,3.441765694057918,2.060570549018668,2.535632027697681,3,Human Resources,Assistant Manager,0.6883531388115836,0.4121141098037336,0.5071264055395363,,,,,,,0,0.25
695c39e7ce90b13220852181,2025,0,2.9305405599827603,2.790513169770233,2.8938553659983084,3,Human Resources,Senior Manager,0.5861081119965521,0.5581026339540466,0.5787710731996617,,,,,,,0,0.07333333333333333
695c39e7ce90b13220852182,2025,0,2.8296948954853733,2.97695873060359,4.012246375212403,3,Information Technology,Project Manager,0.5659389790970747,0.595391746120718,0.8024492750424805,,,,,,,0,0.0
695c39e7ce90b13220852183,2025,0,3.538190691102351,3.411736613419678,3.266489959121571,3,Information Technology,Senior QA Engineer,0.7076381382204702,0.6823473226839356,0.6532979918243143,,,,,,,0,0.0033333333333333335
695c39e7ce90b13220852184,2025,0,2.312832566276312,2.5461716153987206,2.792104520626003,3,Administration,Senior Executive,0.4625665132552624,0.5092343230797441,0.5584209041252006,,,,,,,0,0.12
695c39e7ce90b13220852185,2025,0,3.576004803200876,3.702175704722398,2.7165201403756303,3,Administration,Manager,0.7152009606401752,0.7404351409444796,0.543304028075126,,,,,,,0,0.04
695c39e7ce90b13220852186,2025,0,3.078941610146975,4.831766944791277,4.070944295905205,3,Information Technology,Associate Project Manager,0.615788322029395,0.9663533889582554,0.814188859181041,,,,,,,0,0.02
695c39e7ce90b13220852187,2025,0,2.4710080209855643,2.207047146884215,4.165937800303596,3,Administration,Assistant Manager,0.4942016041971128,0.441409429376843,0.8331875600607193,,,,,,,0,0.10666666666666667
695c39e7ce90b13220852188,2025,0,4.848925995108056,3.7126237120987207,4.249042338020944,3,Administration,Manager,0.9697851990216112,0.7425247424197441,0.8498084676041888,,,,,,,0,0.02666666666666667
695c39e7ce90b13220852189,2025,0,3.4433531353825115,3.3184149745159397,2.715326619082969,3,Human Resources,Manager,0.6886706270765023,0.6636829949031878,0.5430653238165938,,,,,,,0,0.06
695c39e7ce90b1322085218a,2025,0,1.850836383410804,1.6692751814956697,1.769810950233194,3,Human Resources,Associate,0.3701672766821608,0.3338550362991339,0.3539621900466388,,,,,,,0,0.8733333333333333
695c39e7ce90b1322085218b,2025,0,2.4008955437000328,2.6128746968976246,1.6302278330687914,3,Administration,General Manager,0.4801791087400066,0.5225749393795249,0.3260455666137583,,,,,,,0,0.43333333333333335
695c39e7ce90b1322085218c,2025,0,1.0,1.7200916728766535,1.0,3,Administration,Assistant Manager,0.2,0.3440183345753307,0.2,,,,,,,0,0.9366666666666666
695c39e7ce90b1322085218d,2025,0,2.215304596093731,1.0,2.247870244540103,3,Administration,Senior Manager,0.4430609192187462,0.2,0.4495740489080206,,,,,,,0,0.38666666666666666
695c39e7ce90b1322085218e,2025,0,2.7408086817635877,3.9303491907518953,4.453889146016298,3,Human Resources,Associate,0.5481617363527175,0.786069838150379,0.8907778292032595,,,,,,,0,0.03
695c39e7ce90b1322085218f,2025,0,3.200318277912979,3.344538909291997,3.385404009865374,3,Human Resources,Assistant Manager,0.6400636555825958,0.6689077818583994,0.6770808019730749,,,,,,,0,0.02
695c39e7ce90b13220852190,2025,0,4.334244477638774,5.0,2.5711989148135994,3,Information Technology,Senior Software Engineer,0.8668488955277548,1.0,0.5142397829627199,,,,,,,0,0.04666666666666667
695c39e7ce90b13220852191,2025,0,2.7178265171251463,1.3927933271949169,2.3813368111422597,3,Administration,Team Lead,0.5435653034250293,0.2785586654389833,0.4762673622284518,,,,,,,0,0.4066666666666667
695c39e7ce90b13220852192,2025,0,3.1513736269709574,2.153314570071794,3.2864729673261306,3,Human Resources,Senior Manager,0.6302747253941915,0.4306629140143588,0.6572945934652261,,,,,,,0,0.06333333333333334
695c39e7ce90b13220852193,2025,0,3.1249704444969955,3.2101937967024736,2.942629266058707,3,Administration,Assistant Manager,0.6249940888993991,0.6420387593404947,0.5885258532117413,,,,,,,0,0.03333333333333333
695c39e7ce90b13220852194,2025,0,2.589184944270293,1.2341092137416672,1.3838341837630512,3,Information Technology,Senior QA Engineer,0.5178369888540586,0.2468218427483334,0.2767668367526102,,,,,,,0,0.6933333333333334
695c39e7ce90b13220852195,2025,0,2.600032443200486,3.683674208986694,2.8418481114876264,3,Information Technology,Senior QA Engineer,0.5200064886400972,0.7367348417973388,0.5683696222975253,,,,,,,0,0.056666666666666664
695c39e7ce90b13220852196,2025,0,2.6680628636233577,4.384051970321221,2.4238400121582098,3,Information Technology,Project Manager,0.5336125727246716,0.8768103940642442,0.484768002431642,,,,,,,0,0.04666666666666667
695c39e7ce90b13220852197,2025,0,2.926607701868969,3.856833314402272,3.00625708352566,3,Information Technology,Associate Software Engineer,0.5853215403737938,0.7713666628804544,0.6012514167051319,,,,,,,0,0.03666666666666667
695c39e7ce90b13220852198,2025,0,2.5970272143759843,3.3865459097867405,3.6370498727321454,3,Information Technology,Associate Software Engineer,0.5194054428751969,0.6773091819573481,0.7274099745464293,,,,,,,0,0.023333333333333334
695c39e7ce90b13220852199,2025,0,2.7520118612793185,3.743343637906319,3.3453697646284954,3,Administration,Senior Manager,0.5504023722558637,0.7486687275812638,0.669073952925699,,,,,,,0,0.02666666666666667
695c39e7ce90b1322085219a,2025,0,3.5958188142228487,2.882615316454512,2.9786520357335227,3,Information Technology,Associate Project Manager,0.7191637628445697,0.5765230632909024,0.5957304071467046,,,,,,,0,0.3433333333333333
695c39e7ce90b1322085219b,2025,0,1.4221374639496442,1.8903986295633823,1.8830117516075344,3,Human Resources,Executive,0.2844274927899288,0.3780797259126765,0.3766023503215069,,,,,,,0,0.6433333333333333
695c39e7ce90b1322085219c,2025,0,2.229805553331431,1.6686777401740909,1.0511899314100317,3,Administration,Senior Manager,0.4459611106662862,0.3337355480348182,0.2102379862820063,,,,,,,0,0.61
695c39e7ce90b1322085219d,2025,0,2.5926303560782027,2.943596102915846,2.172846191729315,3,Human Resources,Senior Executive,0.5185260712156405,0.5887192205831692,0.434569238345863,,,,,,,0,0.30666666666666664
695c39e7ce90b1322085219e,2025,0,2.5506624626058425,4.172356632125245,1.767035798717925,3,Information Technology,Associate Software Engineer,0.5101324925211685,0.8344713264250491,0.353407159743585,,,,,,,0,0.12666666666666668
695c39e7ce90b1322085219f,2025,0,2.727227208814302,2.7408570737468603,3.78365389939997,3,Administration,Team Lead,0.5454454417628604,0.548171414749372,0.7567307798799942,,,,,,,0,0.006666666666666667
695c39e7ce90b132208521a0,2025,0,3.77659202149394,3.642571164976502,3.294088626812507,3,Information Technology,Administrator,0.7553184042987879,0.7285142329953004,0.6588177253625014,,,,,,,0,0.023333333333333334
695c39e7ce90b132208521a1,2025,0,2.339795824506386,3.001073448390968,4.174314963605358,3,Human Resources,Assistant Manager,0.4679591649012772,0.6002146896781936,0.8348629927210716,,,,,,,0,0.17333333333333334
695c39e7ce90b132208521a2,2025,0,3.1456753078977213,3.2563552960882727,2.3708220587867337,3,Information Technology,Project Manager,0.6291350615795442,0.6512710592176545,0.4741644117573467,,,,,,,0,0.10666666666666667
695c39e7ce90b132208521a3,2025,0,2.1753350398126505,3.7358226631876095,3.7247075873382567,3,Human Resources,Team Lead,0.4350670079625301,0.747164532637522,0.7449415174676514,,,,,,,0,0.13
695c39e7ce90b132208521a4,2025,0,3.5861791718313105,2.704072465513381,4.119228392977253,3,Human Resources,Assistant Manager,0.7172358343662621,0.5408144931026763,0.8238456785954507,,,,,,,0,0.02666666666666667
695c39e7ce90b132208521a5,2025,0,1.996169751616968,1.4287597358638169,2.008259502669309,3,Human Resources,Executive,0.3992339503233936,0.2857519471727633,0.4016519005338618,,,,,,,0,0.7133333333333334
695c39e7ce90b132208521a6,2025,0,2.789358282839261,2.331551043811827,2.2566728049958096,3,Information Technology,Associate QA Engineer,0.5578716565678522,0.4663102087623654,0.4513345609991619,,,,,,,0,0.5233333333333333
695c39e7ce90b132208521a7,2025,0,2.024939271583335,1.9568233902390129,1.969534554089233,3,Administration,Assistant General Manager,0.404987854316667,0.3913646780478025,0.3939069108178466,,,,,,,0,0.85
695c39e7ce90b132208521a8,2025,0,1.371499730397608,1.8750107915038885,3.006855734281293,3,Human Resources,General Manager,0.2742999460795216,0.3750021583007776,0.6013711468562586,,,,,,,0,0.23
695c39e7ce90b132208521a9,2025,0,3.346169448679816,4.312003534778189,4.815306073911292,3,Human Resources,Assistant Manager,0.6692338897359631,0.8624007069556378,0.9630612147822584,,,,,,,0,0.06333333333333334
695c39e7ce90b132208521aa,2025,0,1.687305158862532,1.2997842807405735,1.0,3,Information Technology,Senior Software Engineer,0.3374610317725063,0.2599568561481147,0.2,,,,,,,0,0.79
695c39e7ce90b132208521ab,2025,0,3.1133609007691225,2.363077348051993,3.73366209983134,3,Human Resources,General Manager,0.6226721801538245,0.4726154696103987,0.746732419966268,,,,,,,0,0.04666666666666667
695c39e7ce90b132208521ac,2025,0,1.5733603798030638,2.289880180281951,2.016294687947253,3,Information Technology,Associate UI/UX Designer,0.3146720759606127,0.4579760360563901,0.4032589375894506,,,,,,,0,0.4166666666666667
695c39e7ce90b132208521ad,2025,0,3.542196094252395,2.210304751889951,2.1926243943508794,3,Administration,General Manager,0.708439218850479,0.4420609503779902,0.4385248788701759,,,,,,,0,0.42333333333333334
695c39e7ce90b132208521ae,2025,0,2.5445518058523726,2.6301213062713824,3.001409029269589,3,Information Technology,UI/UX Lead,0.5089103611704745,0.5260242612542765,0.6002818058539179,,,,,,,0,0.03333333333333333
695c39e7ce90b132208521af,2025,0,2.8369544667744986,2.591765114749542,3.881935922091553,3,Human Resources,Senior Executive,0.5673908933548997,0.5183530229499084,0.7763871844183106,,,,,,,0,0.03666666666666667
695c39e7ce90b132208521b0,2025,0,1.8295957119459425,2.3653081452828326,2.9696389909427547,3,Human Resources,General Manager,0.3659191423891885,0.4730616290565665,0.5939277981885509,,,,,,,0,0.25
695c39e7ce90b132208521b1,2025,0,3.788164482422536,3.43817368489915,2.935179725069984,3,Human Resources,Executive,0.7576328964845072,0.68763473697983,0.5870359450139967,,,,,,,0,0.02666666666666667
695c39e7ce90b132208521b2,2025,0,3.2414679588788995,4.2001358146292525,4.703256724868526,3,Administration,Assistant Manager,0.6482935917757799,0.8400271629258504,0.9406513449737052,,,,,,,0,0.006666666666666667
695c39e7ce90b132208521b3,2025,0,4.070275613689167,4.672277130327124,5.0,3,Administration,General Manager,0.8140551227378333,0.9344554260654248,1.0,,,,,,,0,0.043333333333333335
695c39e7ce90b132208521b4,2025,0,3.3813956735223405,4.269704251949892,3.103176962147871,3,Administration,Team Lead,0.6762791347044681,0.8539408503899784,0.6206353924295742,,,,,,,0,0.03
695c39e7ce90b132208521b5,2025,0,2.7071131029456312,3.160811141220221,1.7438890482603744,3,Information Technology,Associate QA Engineer,0.5414226205891263,0.6321622282440442,0.3487778096520749,,,,,,,0,0.24
695c39e7ce90b132208521b6,2025,0,1.5062767358737197,2.912267404555976,2.97399357087947,3,Information Technology,Architect,0.3012553471747439,0.5824534809111952,0.594798714175894,,,,,,,0,0.10333333333333333
695c39e7ce90b132208521b7,2025,0,3.0295163002180585,2.5183583920887247,2.5221950223983294,3,Information Technology,Software Engineer,0.6059032600436117,0.503671678417745,0.5044390044796658,,,,,,,0,0.12
695c39e7ce90b132208521b8,2025,0,2.518089290305406,2.425517943799312,2.306675708244087,3,Human Resources,Assistant General Manager,0.5036178580610813,0.4851035887598623,0.4613351416488174,,,,,,,0,0.20333333333333334
695c39e7ce90b132208521b9,2025,0,1.4284534718933002,1.654092641172502,2.589070401499729,3,Human Resources,Assistant Manager,0.28569069437866,0.3308185282345004,0.5178140802999458,,,,,,,0,0.7066666666666667
695c39e7ce90b132208521ba,2025,0,2.5624833848001405,3.254179616885877,2.9476238854402124,3,Information Technology,Administrator,0.5124966769600281,0.6508359233771754,0.5895247770880425,,,,,,,0,0.05
695c39e7ce90b132208521bb,2025,0,2.30047362785586,2.803651361231525,1.7715486409634948,3,Information Technology,Architect,0.460094725571172,0.560730272246305,0.3543097281926989,,,,,,,0,0.5066666666666667
695c39e7ce90b132208521bc,2025,0,3.4469261496811896,2.620368890180557,2.8795687621561603,3,Administration,Executive,0.689385229936238,0.5240737780361113,0.5759137524312321,,,,,,,0,0.09
695c39e7ce90b132208521bd,2025,0,2.499837722483416,2.97276395393015,3.678927417606201,3,Information Technology,Senior QA Engineer,0.4999675444966831,0.59455279078603,0.7357854835212402,,,,,,,0,0.0033333333333333335
695c39e7ce90b132208521be,2025,0,1.9616491881839155,2.6341414896556503,2.2761093482599115,3,Information Technology,Associate QA Engineer,0.3923298376367831,0.5268282979311301,0.4552218696519823,,,,,,,0,0.8066666666666666
695c39e7ce90b132208521bf,2025,0,1.6161820394201418,1.6664860425042616,1.0114197394823417,3,Human Resources,Senior Manager,0.3232364078840283,0.3332972085008523,0.2022839478964683,,,,,,,0,0.83
695c39e7ce90b132208521c0,2025,0,2.986610937237461,3.797378091606274,3.7636654486121968,3,Administration,Associate,0.5973221874474922,0.7594756183212547,0.7527330897224394,,,,,,,0,0.02666666666666667
695c39e7ce90b132208521c1,2025,0,2.8671381173502954,3.9967541418496015,1.652968340068437,3,Human Resources,General Manager,0.573427623470059,0.7993508283699204,0.3305936680136874,,,,,,,0,0.12333333333333334
695c39e7ce90b132208521c2,2025,0,1.5644982905869704,2.28560845010032,1.94828346303906,3,Information Technology,Architect,0.312899658117394,0.457121690020064,0.389656692607812,,,,,,,0,0.5266666666666666
695c39e7ce90b132208521c3,2025,0,4.360564078492763,3.707210610237999,3.453891389953382,3,Information Technology,Tech Lead,0.8721128156985525,0.7414421220475997,0.6907782779906764,,,,,,,0,0.14333333333333334
695c39e7ce90b132208521c4,2025,0,2.8564507094630622,4.170692565703328,4.772416624306521,3,Human Resources,Manager,0.5712901418926124,0.8341385131406656,0.9544833248613042,,,,,,,0,0.04666666666666667
695c39e7ce90b132208521c5,2025,0,3.0935640972933487,3.00746971955246,2.8700187588687323,3,Administration,Senior Executive,0.6187128194586697,0.6014939439104918,0.5740037517737464,,,,,,,0,0.043333333333333335
695c39e7ce90b132208521c6,2025,0,3.6545485263359625,2.598031798645249,4.703691462928339,3,Information Technology,Associate UI/UX Designer,0.7309097052671925,0.5196063597290499,0.940738292585668,,,,,,,0,0.006666666666666667
695c39e7ce90b132208521c7,2025,0,3.334177554704836,4.055211520498939,3.610676607503872,3,Human Resources,Assistant General Manager,0.6668355109409673,0.8110423040997878,0.7221353215007744,,,,,,,0,0.07
695c39e7ce90b132208521c8,2025,0,2.0870936586387576,1.619762256917873,2.198367992430432,3,Administration,Associate,0.4174187317277515,0.3239524513835745,0.4396735984860864,,,,,,,0,0.83
695c39e7ce90b132208521c9,2025,0,3.254103331925968,2.806932390738137,3.323955602576472,3,Human Resources,Team Lead,0.6508206663851936,0.5613864781476274,0.6647911205152943,,,,,,,0,0.0033333333333333335
695c39e7ce90b132208521ca,2025,0,1.6300015064105653,2.2468754574204346,1.7458806196184646,3,Human Resources,Associate,0.326000301282113,0.4493750914840869,0.3491761239236929,,,,,,,0,0.9
695c39e7ce90b132208521cb,2025,0,3.336944995878364,3.657152187446216,3.815501851870704,3,Human Resources,Associate,0.6673889991756728,0.7314304374892433,0.7631003703741408,,,,,,,0,0.04666666666666667
695c39e7ce90b132208521cc,2025,0,3.791471814463757,5.0,3.5533792873103582,3,Administration,General Manager,0.7582943628927514,1.0,0.7106758574620716,,,,,,,0,0.04
695c39e7ce90b132208521cd,2025,0,1.5920295345800897,2.2206799513368614,1.869579056650982,3,Human Resources,Executive,0.3184059069160179,0.4441359902673722,0.3739158113301964,,,,,,,0,0.43666666666666665
695c39e7ce90b132208521ce,2025,0,3.558243394603365,4.424187487512647,4.265153022257871,3,Information Technology,Architect,0.7116486789206731,0.8848374975025294,0.8530306044515742,,,,,,,0,0.0033333333333333335
695c39e7ce90b132208521cf,2025,0,2.601627008830762,4.309864876487163,3.3479115063116867,3,Information Technology,QA Engineer,0.5203254017661524,0.8619729752974326,0.6695823012623373,,,,,,,0,0.043333333333333335
695c39e7ce90b132208521d0,2025,0,3.4134908006776192,4.263588138924799,3.3324249930876357,3,Administration,General Manager,0.6826981601355239,0.8527176277849599,0.6664849986175271,,,,,,,0,0.016666666666666666
695c39e7ce90b132208521d1,2025,0,2.1870905434769705,1.3975571944364922,1.4511593362937352,3,Administration,Associate,0.4374181086953941,0.2795114388872984,0.290231867258747,,,,,,,0,0.84
695c39e7ce90b132208521d2,2025,0,1.241465357919234,1.802393310756716,1.0,3,Administration,General Manager,0.2482930715838468,0.3604786621513431,0.2,,,,,,,0,0.92
695c39e7ce90b132208521d3,2025,0,3.639355310164052,3.5142502265854025,5.0,3,Administration,General Manager,0.7278710620328104,0.7028500453170805,1.0,,,,,,,0,0.09666666666666666
695c39e7ce90b132208521d4,2025,0,3.1648198594647896,3.2911694008560075,3.238897367667681,3,Administration,Associate,0.6329639718929579,0.6582338801712015,0.6477794735335362,,,,,,,0,0.056666666666666664
695c39e7ce90b132208521d5,2025,0,1.4969064261755012,3.040537120238773,2.8813459897029152,3,Administration,Associate,0.2993812852351002,0.6081074240477546,0.5762691979405831,,,,,,,0,0.17
695c39e7ce90b132208521d6,2025,0,1.198651119339902,1.744203805523505,2.1292368728785265,3,Human Resources,Senior Manager,0.2397302238679803,0.3488407611047009,0.4258473745757053,,,,,,,0,0.8433333333333334
695c39e7ce90b132208521d7,2025,0,2.808888817354102,3.019024481846213,2.967033847968159,3,Administration,Team Lead,0.5617777634708203,0.6038048963692427,0.5934067695936318,,,,,,,0,0.0033333333333333335
695c39e7ce90b132208521d8,2025,0,2.7970861601617703,3.2762024378696024,2.918432032764132,3,Information Technology,Associate UI/UX Designer,0.559417232032354,0.6552404875739205,0.5836864065528264,,,,,,,0,0.02666666666666667
695c39e7ce90b132208521d9,2025,0,3.21523474054945,1.6424540916264294,2.214037683669531,3,Administration,Executive,0.6430469481098899,0.3284908183252858,0.4428075367339062,,,,,,,0,0.41333333333333333
695c39e7ce90b132208521da,2025,0,2.263854331346054,2.585972169945108,2.249488758081064,3,Administration,Associate,0.4527708662692108,0.5171944339890215,0.4498977516162128,,,,,,,0,0.7566666666666667
695c39e7ce90b132208521db,2025,0,2.5535010295325566,2.966915367100685,2.442082563441657,3,Information Technology,UI/UX Lead,0.5107002059065113,0.5933830734201371,0.4884165126883314,,,,,,,0,0.08666666666666667
695c39e7ce90b132208521dc,2025,0,2.688167314002214,1.9787288264070853,1.6356757830625137,3,Information Technology,Associate UI/UX Designer,0.5376334628004428,0.395745765281417,0.3271351566125027,,,,,,,0,0.7266666666666667
695c39e7ce90b132208521dd,2025,0,1.6556495219367702,2.082459887249525,2.184288185917722,3,Human Resources,General Manager,0.331129904387354,0.416491977449905,0.4368576371835444,,,,,,,0,0.9066666666666666
695c39e7ce90b132208521de,2025,0,2.9965854706746597,2.5222381602403336,4.07589226891451,3,Human Resources,Executive,0.5993170941349318,0.5044476320480668,0.815178453782902,,,,,,,0,0.0
695c39e7ce90b132208521df,2025,0,4.214437878409528,3.710169256711699,3.2945223552568725,3,Information Technology,Senior QA Engineer,0.8428875756819056,0.7420338513423398,0.6589044710513745,,,,,,,0,0.04666666666666667
695c39e7ce90b132208521e0,2025,0,1.7525177410732922,1.5742010416918104,2.5359904732667258,3,Human Resources,Assistant General Manager,0.3505035482146584,0.314840208338362,0.5071980946533452,,,,,,,0,0.6566666666666666
695c39e7ce90b132208521e1,2025,0,3.987328309594498,2.1243539293645126,4.06745162949037,3,Human Resources,Associate,0.7974656619188994,0.4248707858729025,0.813490325898074,,,,,,,0,0.03666666666666667
695c39e7ce90b132208521e2,2025,0,2.7637825004471246,2.423204177036992,2.081052446638214,3,Administration,Executive,0.5527565000894249,0.4846408354073984,0.4162104893276428,,,,,,,0,0.36333333333333334
695c39e7ce90b132208521e3,2025,0,3.2501990204084,2.4945876492136114,3.088232920397161,3,Information Technology,UI/UX Lead,0.65003980408168,0.4989175298427223,0.6176465840794322,,,,,,,0,0.056666666666666664
695c39e7ce90b132208521e4,2025,0,3.1609857563429964,3.096765255673079,4.225032636176336,3,Human Resources,Associate,0.6321971512685993,0.6193530511346158,0.8450065272352673,,,,,,,0,0.02
695c39e7ce90b132208521e5,2025,0,2.119627534002957,3.864751883539864,2.4908364149326685,3,Information Technology,Associate Project Manager,0.4239255068005914,0.7729503767079727,0.4981672829865337,,,,,,,0,0.31
695c39e7ce90b132208521e6,2025,0,1.7312275599867613,2.085820792184577,1.611289614840457,3,Information Technology,Architect,0.3462455119973522,0.4171641584369155,0.3222579229680914,,,,,,,0,0.6166666666666667
695c39e7ce90b132208521e7,2025,0,2.954304890920436,2.854868060999313,3.760913001287624,3,Administration,Team Lead,0.5908609781840871,0.5709736121998625,0.7521826002575247,,,,,,,0,0.02
695c39e7ce90b132208521e8,2025,0,3.8213838339615447,2.681313825878087,3.044831360895373,3,Human Resources,Team Lead,0.7642767667923089,0.5362627651756174,0.6089662721790746,,,,,,,0,0.023333333333333334
695c39e7ce90b132208521e9,2025,0,2.9958287906942123,3.128327672747,2.489483425997025,3,Information Technology,Administrator,0.5991657581388424,0.6256655345494,0.4978966851994051,,,,,,,0,0.08666666666666667
695c39e7ce90b132208521ea,2025,0,3.08931978835475,3.749758586504496,2.110281264407558,3,Information Technology,Associate Project Manager,0.61786395767095,0.7499517173008992,0.4220562528815116,,,,,,,0,0.09333333333333334
695c39e7ce90b132208521eb,2025,0,2.121292713189365,1.988148803985144,1.6646186939566707,3,Administration,Executive,0.424258542637873,0.3976297607970287,0.3329237387913341,,,,,,,0,0.61
695c39e7ce90b132208521ec,2025,0,2.333650222207232,2.124533409947735,3.352285849304044,3,Human Resources,Intern,0.4667300444414463,0.4249066819895469,0.6704571698608087,,,,,,,0,0.05
695c39e7ce90b132208521ed,2025,0,3.4877335711743185,2.513706940054699,2.712641753041485,3,Human Resources,Assistant Manager,0.6975467142348637,0.5027413880109398,0.5425283506082971,,,,,,,0,0.12666666666666668
